gesture,run,iteration,label,S11_0,S11_1,S11_2,S11_3,S11_4,S11_5,S11_6,S11_7,S11_8,S11_9,S11_10,S11_11,S11_12,S11_13,S11_14,S11_15,S11_16,S11_17,S11_18,S11_19,S11_20,S11_21,S11_22,S11_23,S11_24,S11_25,S11_26,S11_27,S11_28,S11_29,S11_30,S11_31,S11_32,S11_33,S11_34,S11_35,S11_36,S11_37,S11_38,S11_39,S11_40,S11_41,S11_42,S11_43,S11_44,S11_45,S11_46,S11_47,S11_48,S11_49,S11_50,S11_51,S11_52,S11_53,S11_54,S11_55,S11_56,S11_57,S11_58,S11_59,S11_60,S11_61,S11_62,S11_63,S11_64,S11_65,S11_66,S11_67,S11_68,S11_69,S11_70,S11_71,S11_72,S11_73,S11_74,S11_75,S11_76,S11_77,S11_78,S11_79,S11_80,S11_81,S11_82,S11_83,S11_84,S11_85,S11_86,S11_87,S11_88,S11_89,S11_90,S11_91,S11_92,S11_93,S11_94,S11_95,S11_96,S11_97,S11_98,S11_99,S11_100,S11_101,S11_102,S11_103,S11_104,S11_105,S11_106,S11_107,S11_108,S11_109,S11_110,S11_111,S11_112,S11_113,S11_114,S11_115,S11_116,S11_117,S11_118,S11_119,S11_120,S11_121,S11_122,S11_123,S11_124,S11_125,S11_126,S11_127,S11_128,S11_129,S11_130,S11_131,S11_132,S11_133,S11_134,S11_135,S11_136,S11_137,S11_138,S11_139,S11_140,S11_141,S11_142,S11_143,S11_144,S11_145,S11_146,S11_147,S11_148,S11_149,S11_150,S11_151,S11_152,S11_153,S11_154,S11_155,S11_156,S11_157,S11_158,S11_159,S11_160,S11_161,S11_162,S11_163,S11_164,S11_165,S11_166,S11_167,S11_168,S11_169,S11_170,S11_171,S11_172,S11_173,S11_174,S11_175,S11_176,S11_177,S11_178,S11_179,S11_180,S11_181,S11_182,S11_183,S11_184,S11_185,S11_186,S11_187,S11_188,S11_189,S11_190,S11_191,S11_192,S11_193,S11_194,S11_195,S11_196,S11_197,S11_198,S11_199
PalmarPinch,0,0,0,0.7457841,0.73393714,0.7257945,0.71763295,0.7136322,0.7099497,0.7014527,0.7012363,0.70053256,0.70190424,0.7047829,0.7044236,0.7063548,0.7093136,0.7109093,0.71407354,0.716274,0.71209395,0.71574575,0.7075871,0.70546085,0.6968874,0.6878838,0.6789836,0.6657462,0.65209806,0.6408335,0.6274522,0.61468637,0.60124147,0.59112006,0.5768943,0.56688476,0.55512047,0.54702675,0.53496426,0.5320432,0.51680845,0.51150626,0.5053919,0.49468338,0.48556176,0.47550517,0.46614966,0.4545711,0.43903914,0.42500475,0.40730822,0.38768017,0.36661732,0.34408838,0.32328147,0.29647055,0.27233228,0.24661508,0.22143276,0.19580728,0.17162886,0.14494944,0.121212155,0.09715642,0.07708331,0.05833805,0.041642584,0.040548306,0.051099654,0.068589404,0.08877951,0.11004263,0.13320091,0.15750611,0.17926452,0.2033995,0.2282882,0.2533796,0.2769082,0.30196735,0.3266014,0.3522406,0.37687248,0.40282276,0.42854926,0.45427117,0.47679585,0.4985604,0.51803964,0.5355564,0.5541923,0.56989634,0.58501345,0.5976027,0.6093925,0.61724937,0.62675095,0.6312857,0.6389525,0.64401585,0.64601916,0.65278643,0.6619535,0.0026068066,0.0027101752,0.0028055932,0.0028614968,0.0029492727,0.0030552011,0.0030941195,0.0032450887,0.0033446876,0.0035004704,0.0035828971,0.0037464127,0.003907119,0.004126623,0.0042664544,0.004513391,0.004802977,0.0049960813,0.0053516086,0.005565579,0.00577535,0.0060141333,0.00625779,0.0064870655,0.0067791226,0.006867787,0.0070321704,0.007119639,0.0073815705,0.0074806344,0.0076881195,0.007889266,0.008147352,0.0084516285,0.008691768,0.009189962,0.0096581215,0.010053486,0.010589325,0.011319995,0.01195825,0.012571062,0.013343193,0.014182587,0.014887805,0.015809104,0.01658881,0.017317025,0.018085,0.018806726,0.019590441,0.020335918,0.021056738,0.021667233,0.02203508,0.022505328,0.022737836,0.023036499,0.023081288,0.023269158,0.023314552,0.023497181,0.023521205,0.023957327,0.024048012,0.02425474,0.024462279,0.024511833,0.02449302,0.024341399,0.023959175,0.023339571,0.022656595,0.021938259,0.021004248,0.020053323,0.019188493,0.018422978,0.017852264,0.0172145,0.0164377,0.01582595,0.0152849825,0.014476433,0.013418352,0.012508831,0.011292781,0.010242522,0.009198224,0.008284998,0.00752158,0.006807871,0.0062917746,0.0058136685,0.0055608638,0.005380451,0.0052424516,0.005313278,0.005287079,0.0053687636
PalmarPinch,0,1,0,0.74675685,0.7343065,0.7270687,0.7176056,0.7148727,0.70981425,0.7043029,0.704232,0.70054823,0.7000531,0.70623285,0.7060895,0.7066704,0.7093251,0.71265507,0.7160646,0.718051,0.7146588,0.7142881,0.70786583,0.7092085,0.69843346,0.6893485,0.67890537,0.6664225,0.65430325,0.64276266,0.6282163,0.61522454,0.6038595,0.5923425,0.5788152,0.5681477,0.55628073,0.54941523,0.5340918,0.53340656,0.51889086,0.5144722,0.50564176,0.49714196,0.48786888,0.4776603,0.46734568,0.45674804,0.44068095,0.42483795,0.40858808,0.38678026,0.3668987,0.34241647,0.32148132,0.29607937,0.2708275,0.24456546,0.21883622,0.19247092,0.16829269,0.14214526,0.11785602,0.095755406,0.073722914,0.056094293,0.042825066,0.039283045,0.052484423,0.071261115,0.0909703,0.11247403,0.13251999,0.15743594,0.18017787,0.20492592,0.22882026,0.25317392,0.27732614,0.303089,0.32679984,0.35269657,0.37728634,0.40355977,0.42804018,0.45554915,0.47410825,0.49826726,0.51748174,0.53508836,0.5541496,0.56979114,0.5856685,0.5979572,0.6109318,0.6161171,0.6273611,0.6315268,0.638686,0.64378285,0.6497602,0.65361154,0.66144204,0.0027074274,0.002862326,0.002883883,0.0029386391,0.0030804782,0.0031483304,0.0032179435,0.003336387,0.0033984105,0.0035163842,0.00366284,0.0038259297,0.003931856,0.004167044,0.0043548807,0.004515091,0.0048228647,0.005025741,0.005131972,0.0053477036,0.005637957,0.0057939114,0.005984659,0.006237123,0.006488722,0.0065964423,0.006818358,0.006808806,0.0070121908,0.007200649,0.0074231974,0.0075315125,0.007803912,0.008131089,0.008390926,0.00880828,0.009260471,0.009658502,0.010290019,0.010948823,0.011487611,0.012203154,0.012969805,0.013764074,0.014617566,0.015450282,0.016322307,0.017144887,0.017976027,0.018850649,0.019497544,0.020461965,0.021182524,0.02179815,0.022210605,0.022703575,0.022870436,0.02306969,0.023084473,0.023273064,0.023422478,0.023502322,0.023572069,0.024001887,0.02417707,0.024338484,0.024584757,0.024550753,0.024477396,0.024350613,0.023905361,0.023323817,0.022595607,0.021893088,0.021173349,0.020361733,0.0195926,0.018894248,0.018271023,0.01750341,0.016746355,0.016048187,0.015492066,0.014617682,0.013718904,0.01269127,0.011560807,0.010455503,0.009224763,0.008286625,0.0074797072,0.006888659,0.006311508,0.005796438,0.0055395355,0.005451414,0.0053446144,0.005369199,0.005341617,0.0053326753
PalmarPinch,0,2,0,0.7457403,0.73443013,0.7266756,0.71778315,0.7165251,0.71094257,0.7055107,0.70289135,0.70234656,0.69934076,0.7048655,0.70745915,0.7066166,0.7107579,0.711827,0.7167754,0.7182314,0.7128756,0.71379685,0.7068778,0.7059089,0.6930327,0.69027585,0.6773116,0.66783214,0.656144,0.64164686,0.6287916,0.6161861,0.60511225,0.5932704,0.57869935,0.56794965,0.558721,0.5486484,0.53972965,0.5334212,0.5212785,0.51386863,0.5043453,0.49846998,0.48934102,0.47917703,0.46840924,0.45578456,0.44044033,0.42550638,0.40648004,0.38643682,0.3661834,0.34304288,0.32073516,0.29470456,0.2700231,0.24427412,0.21909,0.19201013,0.16787969,0.14239843,0.116632916,0.095218055,0.073969476,0.055445235,0.04473604,0.040752884,0.05218727,0.07209289,0.08892195,0.11211171,0.13469414,0.15643233,0.18003677,0.20332721,0.2283861,0.2525473,0.2755615,0.30174756,0.32706454,0.3527029,0.37662432,0.4041943,0.4266208,0.45393237,0.47607365,0.49835113,0.51768196,0.5360228,0.55401295,0.5699673,0.5868715,0.59811205,0.61000407,0.61615044,0.62796396,0.6333545,0.63883567,0.64652896,0.647085,0.6555552,0.6609068,0.0027728612,0.0028621985,0.0029576237,0.0030413342,0.0031640348,0.003188959,0.0033117153,0.003440355,0.0035823819,0.0035649452,0.0037703107,0.003926237,0.004038023,0.0042269044,0.0043493127,0.00454821,0.0047576865,0.0049329577,0.005195551,0.005290261,0.005477114,0.0057853605,0.005838844,0.0061213383,0.0063618245,0.0064552645,0.006625678,0.0067221085,0.006876566,0.0070555992,0.0072410125,0.007330218,0.00757326,0.007900947,0.00823037,0.008738207,0.009155962,0.009587593,0.010094207,0.010862954,0.011566703,0.012186676,0.013069239,0.013770509,0.014692962,0.015383694,0.016242987,0.017036323,0.017865984,0.018804802,0.01943366,0.020251846,0.02114064,0.021672424,0.022165067,0.02268767,0.023025118,0.02331133,0.023314128,0.02352773,0.023624226,0.023683561,0.023869548,0.024233116,0.024392813,0.024587244,0.024721824,0.024799727,0.024775311,0.024562448,0.024012797,0.023449024,0.022708556,0.02196521,0.021008387,0.020109843,0.01917744,0.018396027,0.017824963,0.017316917,0.01648321,0.015881533,0.015242218,0.014337803,0.013381799,0.012336248,0.011103162,0.010008795,0.008772173,0.00790063,0.0071109235,0.006443806,0.0058239135,0.0053076507,0.0050573526,0.0049062306,0.004884059,0.00491465,0.0049854834,0.0049722586
PalmarPinch,0,3,0,0.7450403,0.73185337,0.72611874,0.71667665,0.7138175,0.7086765,0.705565,0.70298,0.70059377,0.7000524,0.70491415,0.7095258,0.7069641,0.70863473,0.7112084,0.7152663,0.7176576,0.71405375,0.71346503,0.70837945,0.7081326,0.6990229,0.69114935,0.67817104,0.6673853,0.65327626,0.64339703,0.6294723,0.61586106,0.60394204,0.59040356,0.58038664,0.5677795,0.5543936,0.5465985,0.536376,0.53132546,0.522098,0.51337445,0.50488824,0.49745542,0.4888604,0.47705832,0.4663007,0.45438924,0.43850005,0.42288092,0.40716863,0.3884814,0.36713442,0.34259915,0.32081425,0.2950975,0.2697663,0.24414088,0.21768168,0.19243047,0.16734476,0.14264494,0.117189094,0.09558867,0.07521014,0.05717339,0.04204731,0.041707847,0.05271602,0.071560636,0.0901761,0.113228954,0.13503774,0.15745376,0.18220451,0.20552073,0.2305159,0.2544689,0.27904785,0.30261704,0.32814404,0.3533024,0.3789985,0.40195084,0.4289196,0.45305714,0.47556108,0.49526194,0.5153906,0.53392136,0.5523668,0.56957346,0.5844173,0.59625655,0.6084207,0.61556494,0.6252183,0.6309321,0.636944,0.64333415,0.6490753,0.6517831,0.6608327,0.0025991758,0.0027055808,0.0028143593,0.0028729427,0.0030195473,0.0030289697,0.0031469027,0.0032921326,0.00337982,0.0035294525,0.0036523845,0.0038462328,0.003954142,0.0041398937,0.0043472843,0.004555334,0.004803999,0.004912744,0.005242114,0.0055054654,0.005728967,0.0059280754,0.0061457623,0.0064626313,0.0066580065,0.0067091305,0.0069960286,0.007105234,0.0072401986,0.0073499824,0.00755494,0.0077868053,0.007950262,0.008190722,0.008551469,0.009066093,0.009499482,0.009985936,0.0104500875,0.011165749,0.011864655,0.012664895,0.01332426,0.014087376,0.014984978,0.015635703,0.016446007,0.017324924,0.018202547,0.019068923,0.019818442,0.020537818,0.02140954,0.022031903,0.022537632,0.022930082,0.02320531,0.023473868,0.02362148,0.023748063,0.023919586,0.024046611,0.024205051,0.024501452,0.024657061,0.024843486,0.025081439,0.025154019,0.025123402,0.025079101,0.024835087,0.024229059,0.023406701,0.022556953,0.021492472,0.020390427,0.019384006,0.01851012,0.017924197,0.017439889,0.016569354,0.01583618,0.015115431,0.014309299,0.013349325,0.012293927,0.011133632,0.010001173,0.008763381,0.007949679,0.007157515,0.006569076,0.0058831125,0.005422532,0.0051519508,0.005064754,0.004957618,0.005009581,0.0050321408,0.0050498242
PalmarPinch,0,4,0,0.74649984,0.7352223,0.72687835,0.71694624,0.7165171,0.7102556,0.7048664,0.7039891,0.7020001,0.7003269,0.7071607,0.7060084,0.7088501,0.7107549,0.7119392,0.71655923,0.7183027,0.71410936,0.71303505,0.7066723,0.706222,0.70304865,0.6895012,0.6795606,0.6666786,0.65400755,0.64583373,0.62852734,0.6165588,0.6033793,0.5911814,0.57796097,0.56888425,0.552818,0.54530716,0.5394493,0.5305058,0.522446,0.51258487,0.5062188,0.49701715,0.48838502,0.47751436,0.46685955,0.45517057,0.43967178,0.4257346,0.40734047,0.3875026,0.36822528,0.34437764,0.32086578,0.2972721,0.2708633,0.2454345,0.21916221,0.19389008,0.16801435,0.14269835,0.11759544,0.09406834,0.07365963,0.054469552,0.04152435,0.038878113,0.05196096,0.070960045,0.091163926,0.112699926,0.13552716,0.15925714,0.182622,0.20512842,0.22939992,0.25530428,0.27841088,0.30356812,0.32851413,0.3528801,0.37952146,0.404095,0.42595023,0.45376062,0.47557116,0.4981413,0.5160575,0.5353917,0.55494416,0.57024074,0.5843852,0.59727544,0.60765827,0.6156582,0.6265069,0.63279873,0.6370482,0.6427672,0.64724624,0.653239,0.66050535,0.0027287386,0.002695257,0.0027471092,0.0028888935,0.0029859736,0.0030837583,0.0030829525,0.0032620598,0.0033518288,0.0035049012,0.0036335592,0.0037329118,0.003938394,0.0041159703,0.0042544953,0.0044821072,0.0047520823,0.004962304,0.0052383617,0.0054659448,0.0057052174,0.0059662247,0.0061230944,0.006358787,0.006649541,0.006826609,0.006961615,0.006955446,0.007152157,0.0072295284,0.007425843,0.007579598,0.007784461,0.007933818,0.00829773,0.008800135,0.00916498,0.0096667865,0.010278183,0.010893966,0.0114880325,0.012209569,0.0130128935,0.0137487715,0.01446251,0.015301426,0.016277757,0.016993761,0.017874574,0.01881467,0.019592473,0.020313604,0.021122761,0.021815531,0.022325035,0.022804588,0.023101903,0.023265122,0.02345204,0.023654327,0.0237548,0.023895815,0.024165547,0.024494044,0.024782721,0.025103712,0.02528112,0.025433669,0.025349552,0.025121711,0.024722008,0.024011066,0.023242021,0.022402046,0.021480275,0.020522946,0.019685324,0.01896315,0.018273609,0.017659407,0.016848333,0.016172701,0.0154335,0.014495267,0.013543181,0.012495283,0.011315443,0.01020465,0.008951022,0.007978254,0.0072386847,0.0065811086,0.00594416,0.0055278772,0.005208341,0.0050592255,0.005012575,0.0050056027,0.0050636968,0.0050354423
PalmarPinch,0,5,0,0.74525446,0.7333612,0.7260835,0.71782714,0.71419704,0.709175,0.7041292,0.7022073,0.70141536,0.69894725,0.70439065,0.70706725,0.7084505,0.7123208,0.7133756,0.7157964,0.71863353,0.7147263,0.7152397,0.7074681,0.7068383,0.70082617,0.6906903,0.68022376,0.6673964,0.65244013,0.6433723,0.62849075,0.615252,0.6020352,0.59228086,0.5789037,0.5681422,0.55598986,0.5484995,0.53606343,0.53171474,0.52084845,0.51404667,0.50545573,0.49741063,0.48802382,0.4774353,0.46861377,0.4557658,0.43881062,0.42695794,0.40822098,0.3879065,0.3665015,0.34579322,0.32141626,0.29545888,0.2707823,0.2452072,0.21982433,0.19318609,0.16816905,0.1426941,0.118783005,0.095171355,0.07408337,0.05510322,0.041462004,0.039061826,0.05187973,0.07074994,0.09054293,0.11301442,0.13408867,0.15827791,0.18102853,0.20524763,0.23111205,0.25338042,0.27789956,0.3037012,0.32814035,0.35277992,0.37893358,0.40311173,0.4289761,0.45416707,0.4763295,0.49822056,0.5156771,0.53535426,0.5560012,0.5706641,0.58548343,0.596261,0.61078495,0.6156592,0.6273754,0.630834,0.6375352,0.6426698,0.6488741,0.6526921,0.6611752,0.0025546385,0.0027199092,0.0027315456,0.002801716,0.002962614,0.003047526,0.0030836905,0.0032437812,0.0033525827,0.0034505953,0.0036137619,0.0037828966,0.004057395,0.004225138,0.004411235,0.0046007205,0.0048176968,0.0050971517,0.005345945,0.0055930316,0.0058073686,0.0060336096,0.006201416,0.006454336,0.006696584,0.0068888697,0.0070616375,0.007181719,0.007315372,0.007378599,0.0076265256,0.0077213245,0.008003234,0.008267981,0.008534073,0.009052189,0.009405118,0.009798869,0.010429658,0.0110893445,0.011676637,0.01234743,0.013171197,0.014003901,0.014684364,0.015456561,0.016315114,0.017104933,0.01793032,0.018767318,0.019505912,0.020341475,0.021174626,0.021765606,0.022332119,0.022782488,0.023087587,0.023315877,0.023452362,0.023803705,0.023823962,0.024029383,0.024242137,0.024610095,0.02494141,0.025161257,0.025338523,0.025430785,0.025327004,0.02522951,0.024757933,0.024098983,0.023315493,0.02245236,0.021560522,0.020658253,0.019846687,0.019048251,0.018340714,0.017736439,0.016959893,0.01631155,0.015564345,0.014612006,0.0136012975,0.01247162,0.011276735,0.010121862,0.008954814,0.008124195,0.007249721,0.006593312,0.006009904,0.0054935794,0.0051905755,0.0050465725,0.0049717077,0.00498488,0.004938593,0.0049676877
PalmarPinch,0,6,0,0.74640757,0.7344588,0.7271342,0.7181691,0.7155864,0.7110643,0.7038065,0.70346254,0.7015121,0.70334494,0.7050852,0.7075957,0.7084979,0.7116793,0.71208584,0.7180757,0.7187513,0.71412474,0.7135496,0.7063947,0.7064196,0.69757694,0.69192225,0.67770576,0.6690303,0.65276223,0.64287174,0.628584,0.615037,0.60351676,0.5899627,0.58112735,0.56735706,0.55554056,0.5455853,0.5375279,0.5315915,0.52078325,0.5131651,0.50491136,0.49737808,0.4886245,0.47801855,0.46793783,0.45439053,0.43876293,0.42481318,0.40655172,0.38767585,0.36652684,0.34338093,0.32251263,0.29610547,0.27253467,0.24544933,0.2200224,0.19285204,0.16905896,0.14409935,0.11826075,0.095754534,0.07440607,0.05552815,0.040885545,0.0395701,0.050945934,0.070055366,0.08946042,0.1111251,0.1346261,0.15553759,0.18051597,0.20484494,0.22803159,0.25328907,0.27665257,0.3014103,0.32711658,0.35201013,0.37773395,0.40227878,0.4293915,0.4545669,0.47593516,0.4983851,0.5172589,0.53597903,0.5523018,0.57022136,0.5848197,0.59720504,0.6101326,0.61615765,0.62659776,0.63415706,0.63888025,0.6402401,0.64995205,0.65262043,0.6603215,0.002508327,0.002605872,0.0027073117,0.0027596313,0.002883674,0.0030178826,0.0030442742,0.003157752,0.003276667,0.0034232242,0.003530923,0.0037150749,0.0039223423,0.004150132,0.0042515695,0.0045317267,0.004720344,0.0049698483,0.00526435,0.0054968726,0.005691417,0.0059340484,0.0061455625,0.0064392686,0.0066510304,0.0068268296,0.007069955,0.0072008735,0.0073291664,0.0073363716,0.007509648,0.00769751,0.00795415,0.00825852,0.0085581485,0.008964383,0.009331234,0.009873882,0.010383346,0.011144551,0.01173672,0.012474899,0.013172912,0.013870787,0.014615366,0.015458423,0.016303306,0.017099475,0.01794395,0.018690208,0.019460848,0.020328274,0.02114592,0.021814773,0.02226403,0.022739857,0.023141628,0.023271715,0.023517178,0.023662513,0.023840802,0.024092024,0.024320044,0.02463423,0.024861844,0.025195053,0.025472235,0.025462765,0.025437094,0.025200084,0.02476745,0.02409228,0.0233454,0.022492632,0.021593638,0.020719184,0.019835226,0.019119607,0.018451931,0.017853064,0.017111376,0.016461452,0.015714627,0.014773781,0.013766913,0.012664831,0.011482613,0.010356422,0.009073379,0.008186999,0.0073776036,0.0067394087,0.006034806,0.005575839,0.0052330093,0.0050535738,0.005009028,0.005092711,0.005041452,0.005040429
PalmarPinch,0,7,0,0.7458723,0.7339939,0.7270026,0.71688753,0.7153333,0.7103367,0.7063884,0.7054863,0.7020109,0.7008863,0.7082108,0.7066535,0.70821965,0.7116841,0.7141587,0.71706855,0.7181692,0.713421,0.7144277,0.70702416,0.7057976,0.69883,0.68939173,0.6793094,0.6678079,0.6524422,0.64318794,0.628396,0.61744106,0.6026551,0.59124523,0.5772201,0.56757873,0.55416787,0.54871386,0.53461236,0.5311656,0.52205455,0.5134508,0.50513744,0.497171,0.4882668,0.47718346,0.46886683,0.4549605,0.43817124,0.42448217,0.40728453,0.3901879,0.36519578,0.34396467,0.32134658,0.2965674,0.27103323,0.24466793,0.21918845,0.19366395,0.1687867,0.14429232,0.11829199,0.09746793,0.074971005,0.055791296,0.042415287,0.039152876,0.051409043,0.06947031,0.089466445,0.110793814,0.13440323,0.15781733,0.18048996,0.20457673,0.22847067,0.2542996,0.27880064,0.30245548,0.32845488,0.35387802,0.37772828,0.40280247,0.4281552,0.45377052,0.47452492,0.4962737,0.51602376,0.5372842,0.5541957,0.57003766,0.5853185,0.5968833,0.60873246,0.6155681,0.62543845,0.63092536,0.6384131,0.64145184,0.64957446,0.65378904,0.66206586,0.002536005,0.0026457962,0.002773745,0.0028786566,0.0029487528,0.0030038352,0.0031633733,0.0032292153,0.0033414513,0.00340491,0.0035810939,0.0037524963,0.0039263023,0.004045323,0.0042095417,0.004549107,0.0047540916,0.0048739305,0.0052468493,0.0055375686,0.0057668844,0.0058855205,0.006139786,0.0064515127,0.006650728,0.0068059564,0.0070276596,0.0070598377,0.0072530205,0.0073602977,0.0074392343,0.0077435407,0.007950279,0.008165736,0.008529677,0.008962365,0.009378147,0.009859062,0.010441289,0.011050128,0.011792027,0.012491659,0.013202751,0.014079974,0.014826599,0.015585307,0.016420294,0.017264064,0.018152067,0.01897857,0.019775147,0.020651447,0.021396067,0.02207272,0.022502268,0.02301117,0.023455113,0.023666676,0.023771163,0.023978727,0.024101624,0.024297053,0.02452989,0.024929157,0.025088595,0.025358915,0.025628867,0.025648007,0.02556311,0.025422184,0.024939878,0.024215482,0.023525236,0.022702945,0.021651514,0.020722464,0.01982116,0.019035207,0.018338878,0.0176683,0.016772885,0.016227063,0.01545608,0.014605799,0.013605274,0.012430301,0.011253142,0.010045757,0.008898791,0.007882359,0.0070240456,0.006391273,0.005811029,0.0052916803,0.0050330986,0.004926591,0.0048243487,0.0048747733,0.0048378264,0.004887008
PalmarPinch,0,8,0,0.74736404,0.73544514,0.7267865,0.71804404,0.7167034,0.71011037,0.7065001,0.704289,0.702257,0.70299065,0.70574486,0.71098274,0.7069236,0.7108766,0.71190643,0.71573997,0.7182043,0.7148369,0.7154368,0.70885766,0.70783854,0.70052683,0.68942493,0.6792733,0.6676736,0.6528199,0.6441685,0.6284748,0.6156416,0.60231084,0.59066397,0.58116174,0.5686679,0.5555372,0.54826444,0.5336585,0.5322579,0.5203044,0.51218736,0.5069572,0.49611667,0.4879702,0.47880095,0.4658656,0.45400736,0.4386513,0.4256357,0.4071346,0.38710752,0.36613446,0.34327897,0.32110783,0.29524282,0.26977822,0.24406806,0.21872844,0.19290526,0.168576,0.14395744,0.11878103,0.097501256,0.07271033,0.055978578,0.043650735,0.041447718,0.051984463,0.070717484,0.09008025,0.111527056,0.13419789,0.15654175,0.17994499,0.2037701,0.22904944,0.25347173,0.2763237,0.30252793,0.3270464,0.35327685,0.3769818,0.40240794,0.42856553,0.45350793,0.47646478,0.49796686,0.5161231,0.53668743,0.5537438,0.5699184,0.585403,0.59606236,0.60998034,0.61697817,0.62740886,0.6316153,0.6401553,0.64379895,0.6507637,0.6541276,0.6606549,0.0025688817,0.0026579513,0.0028025757,0.0028603382,0.002944194,0.0030308894,0.00307523,0.0033186434,0.0033426785,0.003535594,0.0036596395,0.0038153057,0.003956005,0.0041568424,0.004402134,0.0046131657,0.004840209,0.005070082,0.005301645,0.0055570323,0.0057929116,0.00599417,0.006210131,0.0064164414,0.006712001,0.006882752,0.006986503,0.007101055,0.0072525423,0.007342779,0.0075330823,0.007706397,0.007935547,0.008275199,0.008538709,0.008939489,0.009422962,0.00990912,0.010433441,0.011147187,0.011686628,0.012435481,0.013323803,0.013912315,0.014733817,0.015543791,0.01634628,0.017215798,0.017993912,0.018803755,0.019557875,0.02029181,0.02115663,0.021802228,0.022268094,0.022769257,0.023150083,0.023388525,0.023469592,0.023739986,0.023772802,0.024021056,0.024229677,0.0245012,0.02484039,0.025146777,0.025344009,0.025484193,0.025448874,0.02524479,0.024776926,0.024115859,0.023377521,0.022555701,0.021614809,0.020732848,0.019836796,0.01904496,0.018533273,0.017882831,0.017128449,0.016461628,0.015697606,0.014735295,0.0138109755,0.012711379,0.01157088,0.0103164185,0.009046101,0.008171016,0.0073373355,0.0066707963,0.0060532307,0.0055116997,0.0052015823,0.0050481916,0.004963996,0.0049455054,0.004964712,0.0050257253
PalmarPinch,0,9,0,0.7476057,0.73495454,0.72808784,0.7179617,0.71589726,0.71085775,0.705129,0.7039725,0.7032639,0.7010518,0.7079485,0.7057672,0.70846426,0.7128126,0.7113974,0.71629775,0.71930957,0.7148568,0.71611243,0.7082711,0.707684,0.69261193,0.6903441,0.6791538,0.66701883,0.6524405,0.6444278,0.6272696,0.6155193,0.60229135,0.5900364,0.57841057,0.56657356,0.5573609,0.54700214,0.53857744,0.53206164,0.5181621,0.5110958,0.5052449,0.4968392,0.4879677,0.47714856,0.4682424,0.45451924,0.43993726,0.42513606,0.40692618,0.3865392,0.36650056,0.34357807,0.3217772,0.29524514,0.27046937,0.24447265,0.21890509,0.19364174,0.16934325,0.14337566,0.11658958,0.096206255,0.07521874,0.055696357,0.044014834,0.03921354,0.051365774,0.06986776,0.0890921,0.11132591,0.13422623,0.15556173,0.18036692,0.20333067,0.22880778,0.25261337,0.27801695,0.30244234,0.3260518,0.35311878,0.37740508,0.40319592,0.42660937,0.4542359,0.47559363,0.4977504,0.51646596,0.5359373,0.5536646,0.5698346,0.584403,0.5966498,0.61062837,0.61648434,0.62783945,0.6322752,0.6395339,0.6427226,0.6493952,0.65406644,0.660046,0.0024990917,0.0025746964,0.002704891,0.0027885076,0.0028635792,0.0029581946,0.0030222374,0.003157621,0.0032887724,0.0033694895,0.0036097218,0.003704287,0.003945482,0.004180321,0.0042752423,0.004553442,0.0048252596,0.0050496473,0.005274353,0.0054910267,0.0057904995,0.0059506726,0.0061721015,0.006381421,0.0066282144,0.0069083613,0.0070398194,0.007175715,0.007263779,0.007350866,0.0075551253,0.007662283,0.007932961,0.008206733,0.008452999,0.008933462,0.009328583,0.009752594,0.010353794,0.010996999,0.011680679,0.012444408,0.013194354,0.0140112,0.014702412,0.015510901,0.016352989,0.017209826,0.018045425,0.018821387,0.01964159,0.020423451,0.02133371,0.021959715,0.022464901,0.023005059,0.023395022,0.023660542,0.023766022,0.02390839,0.024020562,0.024267051,0.024688754,0.024960825,0.025184367,0.02543321,0.025623439,0.025756065,0.02574045,0.02559854,0.025113447,0.02443075,0.023687433,0.02293865,0.021919755,0.021034151,0.020134201,0.01930679,0.01873641,0.018111814,0.017329961,0.016580883,0.015954284,0.0149237355,0.013941095,0.012876193,0.011644356,0.01043629,0.009222508,0.008259452,0.007397647,0.006780811,0.0060827313,0.0056031137,0.0053443895,0.0051688636,0.005089955,0.00511075,0.005106386,0.0050486005
PalmarPinch,0,10,0,0.7482,0.7359467,0.728873,0.7189392,0.7161467,0.7117312,0.7049135,0.7049865,0.7014656,0.70332515,0.7080945,0.70650285,0.7078423,0.7118752,0.7133597,0.7158963,0.71784,0.71556145,0.71532375,0.7076054,0.70567876,0.70330673,0.6898408,0.6799324,0.6669489,0.6525978,0.6443101,0.6273666,0.6157275,0.6036255,0.5923683,0.57854736,0.56512624,0.555266,0.54677224,0.5349267,0.5317749,0.52088886,0.51249456,0.5048097,0.49715298,0.48796186,0.47877896,0.46736404,0.45472243,0.43929893,0.4234798,0.4074394,0.38565728,0.3653867,0.34338883,0.32175046,0.29424885,0.26985848,0.24482574,0.21941917,0.19309235,0.16812705,0.1441696,0.11823905,0.09670185,0.07458942,0.056234907,0.04089716,0.040029466,0.0511318,0.07084381,0.08765958,0.1112659,0.13462003,0.15628046,0.1804023,0.20514782,0.22890127,0.25321048,0.27735084,0.3022085,0.3278992,0.3516432,0.37800857,0.40611756,0.42712757,0.45368516,0.47597843,0.49794576,0.51733875,0.53440136,0.55454755,0.56988615,0.5850548,0.59539264,0.6084717,0.6141137,0.6264169,0.6325109,0.6363101,0.6442893,0.64803076,0.6555851,0.6614229,0.002447785,0.0025703304,0.002608094,0.0027712751,0.0027793727,0.0029470779,0.0030197112,0.0031350548,0.0032047548,0.0033708345,0.003543179,0.0036648859,0.0038322564,0.004090558,0.0042023184,0.0044172914,0.0047051734,0.0049881716,0.0052434313,0.0054674656,0.005709451,0.0059639867,0.006122351,0.006438571,0.0065979646,0.006872129,0.007079857,0.0070951544,0.0073181135,0.0074332817,0.0075972215,0.00772659,0.007915737,0.008175483,0.008467605,0.00897179,0.009377905,0.009913296,0.010421567,0.011033127,0.011734764,0.012401129,0.013227129,0.013953757,0.014761028,0.015523283,0.016279722,0.017167423,0.017923199,0.018860368,0.019555138,0.020442382,0.02117815,0.021935955,0.022352548,0.022960873,0.023259025,0.023531502,0.023709998,0.023933439,0.02417171,0.024254415,0.024505848,0.025005069,0.02526958,0.025435887,0.02572282,0.025709271,0.025779521,0.025565814,0.025107184,0.024439914,0.023749707,0.022937194,0.021917045,0.021009581,0.020176336,0.019424895,0.018695764,0.018194115,0.017432539,0.016692972,0.016024442,0.014961511,0.014016897,0.01289973,0.011554353,0.010446473,0.009214494,0.008320097,0.0073808804,0.006718717,0.006173201,0.00561859,0.005381642,0.0051020463,0.004967628,0.0050462205,0.0050262497,0.0049921516
PalmarPinch,0,11,0,0.7482952,0.735183,0.7286933,0.7173908,0.71518415,0.7104168,0.70414627,0.70417446,0.7049932,0.6997663,0.7038352,0.7088983,0.7083151,0.7099688,0.711535,0.7154673,0.71959907,0.71412927,0.71654713,0.7099876,0.7069437,0.6969336,0.6885599,0.6786642,0.6688158,0.6527296,0.6423882,0.6282369,0.6166359,0.6031108,0.5926008,0.5799997,0.56744385,0.55567473,0.5441616,0.5360168,0.5328514,0.5205951,0.51262945,0.50301665,0.49664545,0.48665524,0.47754663,0.46688598,0.45505708,0.43917394,0.42354,0.4060242,0.3854956,0.3676244,0.34263873,0.32057494,0.29693884,0.27100214,0.24503918,0.21970928,0.19391507,0.16899298,0.14495423,0.117184184,0.09709155,0.075397454,0.055318393,0.040485986,0.039998915,0.051794693,0.0696238,0.08884142,0.11219251,0.1320165,0.15759191,0.1809302,0.20428164,0.22964169,0.25253263,0.27760825,0.30224013,0.32677242,0.3539453,0.3775991,0.40287465,0.42911798,0.4547654,0.47626528,0.4985922,0.51688653,0.5359188,0.5555286,0.5702401,0.58480006,0.59636015,0.60669076,0.6151495,0.6250969,0.63103396,0.638407,0.64335585,0.646974,0.6523701,0.65950215,0.002399575,0.0025485517,0.0026114695,0.00275498,0.002829027,0.0029403383,0.0030995423,0.0032429425,0.0033851985,0.0034870426,0.0035545959,0.0038077005,0.0038517378,0.0040525054,0.004288952,0.0044604256,0.0047929278,0.0049376893,0.005204934,0.0054367543,0.0056775766,0.005892874,0.0061878357,0.006479771,0.006719234,0.0068831695,0.0070395293,0.0071302373,0.007368174,0.007455228,0.0076545435,0.007812889,0.007983478,0.008278369,0.008613962,0.009118475,0.0095764,0.009951388,0.010472193,0.011110689,0.011783818,0.012431491,0.013217377,0.014012999,0.014801237,0.015511957,0.016296867,0.017139131,0.017886631,0.018680112,0.01941176,0.020286687,0.021172896,0.021828182,0.0222324,0.022754679,0.023045361,0.023349505,0.023491964,0.023647806,0.023869626,0.024065629,0.02430765,0.024776883,0.02499725,0.025284529,0.025583494,0.025629912,0.025581427,0.02538487,0.02495747,0.024276799,0.023515208,0.022661744,0.021610904,0.020777777,0.019861875,0.019068958,0.018499915,0.017835334,0.017102392,0.016415171,0.015602618,0.014775798,0.013701647,0.012636374,0.011450951,0.010304844,0.009072648,0.008154839,0.007298309,0.006660653,0.0060067894,0.0055615976,0.005248029,0.0050540264,0.0049700346,0.004947707,0.004967095,0.004980673
PalmarPinch,0,12,0,0.7462588,0.7345448,0.72641623,0.7183989,0.7150242,0.7103877,0.70386875,0.70321,0.7039896,0.7032837,0.7071096,0.7056035,0.7079924,0.71073097,0.713169,0.71630013,0.71727383,0.7142649,0.71433413,0.7094643,0.7083848,0.7006766,0.6908093,0.6766311,0.66838443,0.65483356,0.64488256,0.62830764,0.61692905,0.6034094,0.5905568,0.57828236,0.56987935,0.5560782,0.54742455,0.5386384,0.5292177,0.5227801,0.51270324,0.5055541,0.49632975,0.48728383,0.47623283,0.46857312,0.45572278,0.43814844,0.42608643,0.40794757,0.38600048,0.36620077,0.34305587,0.31992516,0.29514158,0.270458,0.24388592,0.21905853,0.19224675,0.16794616,0.14174926,0.11737166,0.09635069,0.07372067,0.05647062,0.040556837,0.039573632,0.051427897,0.070429884,0.089528106,0.111525394,0.13416003,0.15721206,0.17990741,0.20438941,0.22929758,0.2537819,0.27823704,0.3028602,0.3274631,0.35301292,0.37783548,0.4038282,0.42672232,0.45394906,0.47748414,0.49716225,0.51762456,0.5362133,0.5539129,0.5699725,0.5849565,0.5960846,0.6082679,0.6158547,0.6261827,0.63102484,0.6392541,0.6411246,0.6491186,0.65407974,0.66173154,0.0023466984,0.002483603,0.0026263855,0.0027562995,0.0028576036,0.0029343758,0.0030344564,0.0031924238,0.0033177026,0.0034747696,0.0035566038,0.0036578109,0.0039120656,0.0041071316,0.004306719,0.004503058,0.004720397,0.0050433143,0.0052764504,0.0054823663,0.0057018637,0.0059155705,0.006136718,0.006432522,0.0066440343,0.0068703475,0.0070357793,0.007113393,0.0072904374,0.0074120197,0.007619141,0.007740415,0.008082113,0.008387811,0.008588995,0.009121856,0.009461894,0.010089851,0.010543008,0.0111839315,0.01184897,0.012497899,0.013265688,0.01406104,0.014738832,0.015546806,0.016354458,0.017187249,0.01789092,0.018705199,0.019377334,0.020290906,0.02108105,0.021769648,0.022226095,0.022726825,0.02303201,0.023299607,0.023380183,0.023593282,0.023739196,0.023880715,0.024105389,0.024422891,0.024771431,0.024966912,0.025173401,0.025282023,0.025246387,0.025124103,0.024623511,0.023960076,0.023225473,0.022474123,0.021538178,0.020557847,0.019718818,0.018892238,0.018243926,0.017692376,0.01704736,0.016286582,0.015555189,0.014614841,0.013584305,0.012588436,0.011370007,0.010229438,0.009043279,0.008093393,0.0073011266,0.0066493982,0.00600831,0.0055953604,0.005287259,0.0051123216,0.004989916,0.005075578,0.0050320197,0.005081888
PalmarPinch,0,13,0,0.74708396,0.73469496,0.72667634,0.718369,0.7161873,0.710087,0.705272,0.7055643,0.7014436,0.7008534,0.7055995,0.7062904,0.70783174,0.71266246,0.71153027,0.716181,0.7176236,0.71503395,0.71437144,0.70695966,0.70802414,0.69312626,0.68983835,0.6787456,0.66884106,0.6532611,0.6439804,0.62930423,0.6163189,0.6031063,0.59341353,0.5770254,0.5660116,0.5552413,0.5461732,0.5365487,0.53382015,0.5189983,0.51251864,0.5048714,0.496846,0.48816508,0.47854376,0.46704507,0.45543197,0.43830347,0.42414272,0.40843877,0.38994598,0.36576578,0.3432439,0.32013574,0.29686433,0.27119038,0.24526703,0.21962379,0.19293576,0.16805378,0.14270712,0.11586915,0.096204445,0.07507323,0.055123165,0.04072137,0.03841901,0.053280596,0.071863756,0.09037809,0.11280188,0.13509755,0.15716034,0.1802141,0.20520425,0.22876614,0.25375104,0.27715912,0.30312893,0.3279753,0.35340813,0.37808406,0.40289453,0.42969617,0.4551194,0.47772488,0.49634182,0.5180419,0.5355475,0.5539252,0.56944513,0.58498836,0.59660894,0.608425,0.6148584,0.6258647,0.63061756,0.63934803,0.6423002,0.6491878,0.6527031,0.66110253,0.0023717473,0.0024675431,0.0026065735,0.0026654778,0.0027827704,0.0029289557,0.0030613206,0.003170805,0.003287951,0.0034237362,0.0035671806,0.0037355681,0.0039157835,0.004118495,0.004160376,0.0044959756,0.0047081443,0.004970605,0.0052624815,0.00549575,0.0057888,0.0059806393,0.0062236646,0.0064683454,0.006735768,0.0069207484,0.00708007,0.007128021,0.007342453,0.007458945,0.0076890746,0.007774425,0.007930128,0.008253511,0.008568839,0.008998829,0.00947382,0.009945941,0.010441242,0.011129836,0.011781896,0.01233406,0.013221673,0.013906559,0.014680519,0.015354891,0.016287213,0.017077634,0.017839842,0.01860406,0.019384954,0.0201791,0.021080015,0.021734472,0.02220738,0.022722976,0.023024477,0.023282131,0.023291556,0.02360692,0.02373548,0.023943136,0.02415264,0.02449671,0.024778137,0.024959309,0.025285576,0.025217133,0.02525307,0.02498521,0.024551349,0.023882335,0.023006074,0.022251502,0.021375919,0.020437656,0.019548979,0.018840648,0.018126773,0.017583225,0.016883077,0.01620077,0.015591525,0.014650051,0.013676174,0.012627294,0.011405865,0.010222391,0.009121291,0.008148097,0.0072911712,0.00664398,0.0060513737,0.005486935,0.0052242833,0.005039327,0.005011551,0.0050275177,0.0050091683,0.005001213
PalmarPinch,0,14,0,0.7459328,0.736073,0.7277836,0.7184903,0.71590185,0.71086794,0.70471805,0.7045978,0.7025012,0.7011195,0.7058799,0.7104162,0.7059955,0.7116529,0.7126267,0.71540445,0.718132,0.71399075,0.7144379,0.70944893,0.70725524,0.69242203,0.69022727,0.67769873,0.6670854,0.6533985,0.6455783,0.6248888,0.61636424,0.6031147,0.5903324,0.57803905,0.568547,0.5575995,0.5480963,0.53397214,0.532947,0.51777864,0.5113497,0.50652415,0.49612087,0.4872682,0.47652233,0.46743107,0.45483392,0.43955857,0.42513978,0.40607092,0.3904019,0.3658535,0.34384537,0.32142693,0.29627672,0.27165937,0.24563481,0.2198152,0.19414696,0.1693797,0.14408414,0.11690563,0.09730265,0.0735773,0.054752592,0.041654397,0.040066212,0.051890854,0.06995763,0.090901,0.11134265,0.13366021,0.15711793,0.18238166,0.20464002,0.23027387,0.2537472,0.27803066,0.3030566,0.32827264,0.3538286,0.3781378,0.40331575,0.42868784,0.4529946,0.47605023,0.49680787,0.51864713,0.5331302,0.55513525,0.5690942,0.58478284,0.5977174,0.6087536,0.6165093,0.6271144,0.63306427,0.6392148,0.64495456,0.64748573,0.6548692,0.6606202,0.0023105321,0.0025397479,0.0025382705,0.002659983,0.0027412574,0.002939882,0.0029551473,0.0031655072,0.0032742848,0.0034174959,0.0035822694,0.0037232488,0.0038574906,0.0041080504,0.004242149,0.004484516,0.0047672237,0.0050052446,0.0051787863,0.005450242,0.005684531,0.005879287,0.0061024018,0.0063149105,0.0066278456,0.006775377,0.006934994,0.006991448,0.0072482545,0.0073132557,0.007520489,0.0076829996,0.007898899,0.008270049,0.008494456,0.008895017,0.009357936,0.009880312,0.010329508,0.0110415965,0.011620891,0.0123243155,0.013129942,0.013830315,0.014544127,0.015268316,0.016104918,0.016860383,0.017682403,0.01844913,0.019163689,0.019930037,0.02075223,0.021411149,0.02198206,0.022441965,0.02276792,0.022957947,0.02313788,0.02337577,0.023540657,0.023664238,0.023972293,0.024340747,0.024558512,0.024841407,0.025050197,0.025036305,0.025036188,0.024867205,0.02442476,0.023729121,0.023079032,0.02225721,0.021265108,0.020460539,0.019617077,0.018863684,0.018307272,0.017717103,0.016981155,0.016294427,0.015583541,0.014790167,0.01370583,0.012763568,0.011571244,0.010456155,0.009249012,0.008308001,0.0074986233,0.0068630227,0.0061353613,0.0057154344,0.00539513,0.0052595465,0.0052034813,0.0051231985,0.0051470497,0.005202494
PalmarPinch,0,15,0,0.74583286,0.7356774,0.7268802,0.71860653,0.7163027,0.7097534,0.7041382,0.7026919,0.7007241,0.7015667,0.70634204,0.7067128,0.7073516,0.7128485,0.71339905,0.7169183,0.7177405,0.7134893,0.7145286,0.70648295,0.7077078,0.7033849,0.6895799,0.6791186,0.66567266,0.6546515,0.643334,0.628567,0.61610216,0.6035403,0.5920889,0.57879215,0.56620276,0.55778766,0.54388094,0.5362272,0.5333519,0.52046335,0.5118844,0.5054705,0.4969697,0.48719954,0.47576174,0.46703857,0.45577878,0.43882424,0.42512286,0.40587407,0.38675123,0.36540827,0.3428588,0.32245824,0.29490557,0.2715539,0.24583374,0.21940729,0.19321492,0.16892557,0.14382418,0.11670284,0.09872019,0.073452294,0.056791913,0.043245636,0.03903732,0.05036233,0.06941522,0.08927347,0.11076677,0.13428485,0.1573336,0.18110262,0.20544294,0.22851275,0.25392917,0.27875036,0.30422175,0.32837194,0.35266033,0.37799513,0.40290245,0.4295114,0.4534534,0.47599214,0.49777567,0.5182758,0.53345966,0.5564226,0.5707218,0.5863679,0.5955167,0.60878634,0.61565703,0.6260349,0.6310738,0.6394241,0.6421724,0.6477499,0.6518382,0.66234714,0.0023584487,0.0024216764,0.002561643,0.0026827694,0.0028196832,0.002835043,0.0030114802,0.0031093901,0.003190775,0.0033221964,0.0034791464,0.003669775,0.0037898603,0.004090454,0.0042577563,0.004500015,0.004685054,0.0049451184,0.005203047,0.005431383,0.0057387506,0.005957161,0.0061457762,0.0063835974,0.0066630514,0.0068012075,0.0068947477,0.0070556444,0.0072459304,0.0072492547,0.0075638955,0.0076242182,0.007806182,0.008192041,0.00842581,0.00883292,0.009330644,0.009726194,0.010249912,0.010931923,0.01159156,0.01222884,0.012940147,0.013788108,0.014504839,0.015249869,0.016068568,0.016777067,0.017639773,0.018377366,0.01909995,0.019894293,0.020754956,0.02139351,0.021815516,0.02236031,0.022683166,0.022789082,0.022927545,0.023118136,0.023290867,0.023454254,0.02365189,0.023980452,0.024287537,0.02443141,0.024692517,0.024782358,0.02469474,0.024563668,0.024157703,0.023492828,0.022788063,0.021986945,0.021107825,0.020225435,0.019358605,0.018594503,0.018012626,0.01738839,0.016720645,0.016058952,0.0152752455,0.014410702,0.013473711,0.012492062,0.011332279,0.010281962,0.009099428,0.008179927,0.0073697157,0.0067500775,0.0061263125,0.005580613,0.0053445874,0.0051754606,0.005055619,0.0050174375,0.0050769537,0.0050041955
PalmarPinch,0,16,0,0.7459308,0.7346854,0.727399,0.7177971,0.71470594,0.7097521,0.7037294,0.70412403,0.700896,0.7022846,0.7040783,0.7078499,0.70872647,0.7122972,0.71148366,0.7149499,0.7174355,0.7140345,0.7159967,0.70639783,0.70665294,0.6932442,0.6893345,0.67759645,0.6677257,0.65075874,0.6429335,0.6290119,0.6165523,0.6017554,0.5918659,0.57996136,0.5677358,0.5553814,0.55092525,0.5357751,0.53163636,0.5193234,0.50942785,0.50416696,0.49637762,0.48691437,0.4754251,0.4670015,0.45434117,0.43807384,0.4238888,0.40583497,0.38555098,0.3697089,0.34218112,0.3202389,0.2946226,0.27127948,0.24452801,0.2192576,0.19337174,0.16868743,0.14318797,0.11902437,0.096696995,0.074356884,0.056860898,0.042302933,0.040530846,0.052370314,0.070237346,0.089281626,0.11169037,0.13307987,0.15761653,0.1785397,0.20523581,0.22888103,0.25400475,0.27832425,0.3037775,0.32803833,0.3539085,0.37904215,0.40355146,0.42891058,0.45776317,0.4774903,0.49664912,0.517626,0.5362275,0.5536081,0.57081056,0.58554673,0.5957802,0.6091285,0.6168752,0.6239553,0.63221955,0.63875157,0.6429708,0.6477472,0.654469,0.6613851,0.0025193244,0.0026509406,0.002737035,0.0028776627,0.0029520718,0.0030173792,0.0030869218,0.0032862113,0.0033952924,0.0035057112,0.0036254686,0.0038570294,0.004015535,0.004293005,0.0043622428,0.0046397885,0.004916246,0.005085081,0.005342479,0.005598584,0.0058503277,0.006054345,0.0061617307,0.006441705,0.006681924,0.0068360125,0.0070253965,0.00706049,0.0072914795,0.0072763157,0.007540116,0.0076365457,0.007881098,0.008166951,0.008421497,0.008827886,0.00933699,0.009671011,0.010235811,0.010871339,0.011489292,0.0121691525,0.012888614,0.0136971455,0.014387769,0.015148708,0.015945131,0.016726648,0.017489057,0.01830991,0.019069195,0.019863602,0.0207106,0.02142219,0.021758527,0.022328448,0.02270033,0.022852872,0.022959748,0.023193609,0.023379141,0.0235285,0.02369752,0.02414255,0.024306668,0.024530433,0.024654767,0.024842562,0.024646407,0.02452716,0.024017809,0.023405354,0.022673523,0.0218999,0.020963626,0.020055173,0.01922176,0.018469244,0.017881263,0.017281167,0.016647952,0.015940363,0.015312698,0.01449141,0.01352141,0.01253139,0.011426587,0.010240059,0.009102195,0.008205661,0.0073823617,0.0067629623,0.006124691,0.005625646,0.0053414907,0.0051249284,0.005058604,0.004980394,0.00503209,0.0049891975
PalmarPinch,0,17,0,0.7455001,0.73458713,0.72678816,0.7173453,0.7150508,0.70851535,0.7065906,0.7018639,0.7018365,0.70017326,0.70331913,0.7091183,0.70811355,0.7100769,0.7127377,0.71616226,0.71789074,0.71521425,0.7158625,0.7082416,0.707524,0.6995344,0.6915217,0.67724323,0.6688063,0.65403676,0.6419584,0.6278001,0.6161139,0.6013212,0.58932954,0.57709175,0.5661898,0.55698156,0.545454,0.5370009,0.53095657,0.5208479,0.5130025,0.50233614,0.49642977,0.48727039,0.47535533,0.46662822,0.45410296,0.4382013,0.42429286,0.40524128,0.38679987,0.3649486,0.3433765,0.32032946,0.29481217,0.2708873,0.24515468,0.21891822,0.19321716,0.1684212,0.14434281,0.11876032,0.09544679,0.075744554,0.05691479,0.041701145,0.04141669,0.052864812,0.07042189,0.08900338,0.11086633,0.13443568,0.15645236,0.18158671,0.20498498,0.22881724,0.25435933,0.27867296,0.3035685,0.32845682,0.35342196,0.37861848,0.4037841,0.42941862,0.45317212,0.47668263,0.49576065,0.51878834,0.53482485,0.5526518,0.57066697,0.58502644,0.5960624,0.6093929,0.61620015,0.6258565,0.6340353,0.6363043,0.64460546,0.64846104,0.6520087,0.65882427,0.0025130839,0.0026171233,0.0027027496,0.0027941237,0.002909719,0.0030176793,0.0030987049,0.0031496685,0.0033676955,0.0034065747,0.0035531404,0.003738572,0.0039055524,0.004090144,0.0043263678,0.0045479895,0.004750063,0.005001814,0.005310955,0.0055000274,0.00578006,0.0059142355,0.006113566,0.006379448,0.006632133,0.0068234317,0.0069138715,0.0069811246,0.007172312,0.0072377655,0.007422428,0.0075865993,0.007872747,0.0081763305,0.008454915,0.008906908,0.00925871,0.009693915,0.01025606,0.010881834,0.011447496,0.012114976,0.012833552,0.013588743,0.014354071,0.015104664,0.015903967,0.016746571,0.017491307,0.01828863,0.01905401,0.019755457,0.020692699,0.021391284,0.021748457,0.022223568,0.022600027,0.02284564,0.022953788,0.023098804,0.023201799,0.023345187,0.023627471,0.02399562,0.024159228,0.024387186,0.024567796,0.024487333,0.024445005,0.02422916,0.023709266,0.023114134,0.02232552,0.021481285,0.02058926,0.019750882,0.018963914,0.01821013,0.017624881,0.017071748,0.016344193,0.015787646,0.015087551,0.014171369,0.013302293,0.012356392,0.011185316,0.010097735,0.008895621,0.008128268,0.0072925817,0.006674521,0.0060590226,0.005610891,0.0053394325,0.0051972587,0.0051040114,0.0051567773,0.005198964,0.005186548
PalmarPinch,0,18,0,0.74591243,0.7355253,0.7267882,0.7176522,0.7161297,0.7094105,0.70662034,0.7021415,0.70223963,0.70025545,0.7071843,0.7059987,0.707784,0.71230376,0.7118989,0.7138333,0.7176689,0.71433175,0.71339303,0.70671654,0.7051123,0.69077367,0.6882158,0.6773737,0.66793644,0.6530463,0.64342487,0.6275912,0.615449,0.6028656,0.5886979,0.5796253,0.5679752,0.55690354,0.5477028,0.5349353,0.5302026,0.5192446,0.5129078,0.5036046,0.49499264,0.4860335,0.47559944,0.4649801,0.45255363,0.43720153,0.42176926,0.4066002,0.38740733,0.36616507,0.34368414,0.32004598,0.29582226,0.27052668,0.24456975,0.22022757,0.19357751,0.16854489,0.1438882,0.118093945,0.097874194,0.0740089,0.05866919,0.043408968,0.040324647,0.052150346,0.070345916,0.090446934,0.11134466,0.13317148,0.15723073,0.17984642,0.20230068,0.22935408,0.25483328,0.27825642,0.30264267,0.3278605,0.35344857,0.3781103,0.40313512,0.42953667,0.45438147,0.47904402,0.49783295,0.5164787,0.5339812,0.55318815,0.56948805,0.58508044,0.5962698,0.608849,0.6157645,0.6268721,0.6282775,0.63780856,0.6406014,0.64830273,0.65399826,0.65864193,0.0024406181,0.0026364655,0.0027115492,0.0027915866,0.0029611785,0.0030047651,0.0030928126,0.0032287997,0.00336744,0.0035105678,0.0036644852,0.003875791,0.004015353,0.004227423,0.004352202,0.0045539476,0.004832374,0.005011243,0.0051929825,0.0054781614,0.0056800824,0.0058181915,0.006027666,0.006364801,0.006590369,0.006713637,0.0069292043,0.007056072,0.0071938024,0.0072763944,0.0075260904,0.0076730093,0.007909235,0.00817698,0.00841838,0.008846626,0.009303444,0.009748667,0.01030693,0.010931728,0.011497261,0.012232441,0.012991296,0.01365006,0.014449792,0.015189075,0.01603564,0.016858945,0.017679155,0.018534755,0.01916689,0.020014385,0.02076598,0.021420326,0.021856671,0.022365443,0.022632416,0.022877902,0.022969665,0.023255726,0.023293061,0.023452263,0.023586592,0.02397932,0.024213552,0.024441805,0.024637565,0.02464667,0.024547897,0.02435898,0.023890685,0.023274576,0.022516102,0.021661784,0.020724017,0.01986666,0.019104637,0.018384231,0.017820852,0.017232968,0.01653661,0.015926456,0.015283468,0.014413591,0.0134789795,0.012492192,0.011265516,0.010209589,0.009073707,0.008077479,0.0073047862,0.00670921,0.0060212472,0.0056126877,0.0053233984,0.0051784813,0.005112087,0.005144927,0.005133488,0.0051994156
PalmarPinch,0,19,0,0.74579394,0.7344358,0.7271619,0.71720016,0.7154507,0.71023124,0.70287627,0.70302075,0.7012578,0.7007941,0.7036801,0.7082697,0.707229,0.7091942,0.7100741,0.7166996,0.71806353,0.7133571,0.7149963,0.706119,0.70691043,0.7007346,0.6884854,0.6820619,0.666593,0.6528584,0.64494,0.6273513,0.6150617,0.6019569,0.5889526,0.5796004,0.5678286,0.55437994,0.54664046,0.53445405,0.533641,0.5185352,0.51166177,0.50436366,0.4955644,0.48759723,0.47420615,0.46569455,0.4545889,0.43873933,0.4228586,0.40470558,0.3876862,0.36630037,0.34252807,0.32038674,0.2934378,0.27008083,0.24393533,0.21912876,0.19270362,0.16843048,0.14390442,0.1190707,0.09810596,0.07455682,0.057109214,0.04493834,0.04244472,0.052610975,0.070936,0.08884681,0.11120988,0.13480698,0.15613629,0.18126443,0.20329906,0.22893536,0.25256503,0.27817744,0.30218282,0.32762203,0.354285,0.37734696,0.40253967,0.42850682,0.45340097,0.47333026,0.4961907,0.5161401,0.53509504,0.55347973,0.56938094,0.5858286,0.595795,0.6076671,0.6165451,0.6252876,0.63206166,0.63769925,0.64272046,0.64646024,0.6529201,0.6588091,0.0024173197,0.0025858788,0.0026053293,0.0027448647,0.0028525211,0.0029900696,0.0031140659,0.0031621202,0.003402241,0.0035119832,0.003601923,0.0037569506,0.00400275,0.004123104,0.0042924965,0.0046090544,0.0048005604,0.0049858936,0.0052338755,0.005453668,0.0057221586,0.005876103,0.006070952,0.0063090743,0.0065385797,0.0067237103,0.0068857637,0.006925395,0.0070904084,0.0072168866,0.0074027157,0.007517094,0.007822434,0.008008433,0.008310694,0.008778746,0.00919354,0.009665932,0.01007315,0.010753056,0.011420151,0.012089331,0.0127311805,0.01352171,0.014274682,0.015048489,0.015844604,0.016562575,0.017473279,0.018244807,0.01897432,0.019720515,0.020616686,0.021233056,0.02175882,0.022273831,0.022631884,0.022836346,0.022975786,0.023239432,0.023325814,0.023580281,0.023845036,0.024152784,0.024298592,0.024674777,0.024847785,0.024964556,0.024825461,0.024613723,0.024174778,0.0235524,0.022796137,0.021964833,0.020949867,0.0201073,0.019265102,0.018498065,0.017962702,0.017331444,0.016558597,0.015903026,0.0152023295,0.014303838,0.01339687,0.012393389,0.011268446,0.010073813,0.008963155,0.008045763,0.007239124,0.006663112,0.0060235276,0.005552242,0.0052222796,0.0051916824,0.005100754,0.005127948,0.0051616766,0.0051245755
PalmarPinch,0,20,0,0.7463275,0.7343686,0.72783136,0.7173514,0.71705717,0.7098975,0.7052901,0.70380026,0.70259345,0.7017765,0.70542735,0.7083307,0.7065599,0.711305,0.71245587,0.71466595,0.71818143,0.7135302,0.7150564,0.70581555,0.7055105,0.6919682,0.6893409,0.6778605,0.66560787,0.6541774,0.6429805,0.62708056,0.61564124,0.60166335,0.5897216,0.5781135,0.5657807,0.55611473,0.5435203,0.53701204,0.5330829,0.5205182,0.5109504,0.504303,0.49716493,0.48595476,0.47577465,0.46594575,0.4535097,0.43832922,0.42184025,0.40342292,0.3871511,0.36567706,0.34120303,0.32304057,0.29508623,0.27002057,0.24441497,0.21889915,0.19340724,0.16871552,0.1426164,0.11845048,0.09871241,0.07663183,0.056200776,0.044248927,0.04136285,0.05302311,0.07085394,0.090461515,0.11153669,0.13309284,0.15721762,0.18101814,0.20379394,0.22819506,0.25341687,0.27729768,0.3015506,0.3278267,0.35102317,0.377694,0.40373543,0.4278484,0.4529111,0.47682393,0.49942496,0.51632327,0.53575087,0.5539557,0.5692967,0.58450174,0.595528,0.6103776,0.6154438,0.62477523,0.6300163,0.63511896,0.6432222,0.64741975,0.6534704,0.6608303,0.002446535,0.0025208765,0.0026256554,0.0026981274,0.0028453404,0.0029404624,0.0030722104,0.0031291943,0.0033260046,0.0033671109,0.0035279994,0.003733005,0.0038784,0.0040661073,0.004255981,0.004478232,0.004754992,0.0049385396,0.005280949,0.0054482217,0.005698546,0.005866122,0.006107287,0.006344868,0.0065864557,0.006719457,0.00685843,0.0068968562,0.0070662596,0.007113561,0.0074149836,0.007570745,0.007820155,0.008138863,0.008340074,0.008832589,0.009287897,0.009637387,0.010111332,0.010787197,0.011461905,0.012178414,0.012924677,0.013641904,0.014400325,0.015188873,0.015988488,0.016779056,0.017582648,0.018429471,0.019110046,0.020029387,0.020814091,0.021531427,0.021850146,0.022458503,0.022733176,0.023055572,0.023163011,0.023334717,0.023544498,0.023705775,0.023997577,0.024247037,0.024494447,0.02471463,0.024973447,0.025082571,0.024956612,0.024751287,0.024269065,0.023617234,0.022928411,0.02208991,0.021164315,0.020231534,0.019448433,0.018656917,0.018050453,0.01748928,0.016695723,0.016049229,0.015350529,0.01459079,0.013553196,0.012576994,0.011390567,0.010292814,0.009001412,0.008149552,0.0073594493,0.006716839,0.0060409433,0.0056091733,0.0053050863,0.005182035,0.005145353,0.0051667625,0.0051289713,0.005165762
PalmarPinch,0,21,0,0.74801975,0.734469,0.7272346,0.7182955,0.7149838,0.70988065,0.7047441,0.70254785,0.70246917,0.70136464,0.7034305,0.7077392,0.7069103,0.7091165,0.7115477,0.71458703,0.7182357,0.71375376,0.71428055,0.70871186,0.70644146,0.6913689,0.6893838,0.67872554,0.6671314,0.6530074,0.64231825,0.62720877,0.61532575,0.60184246,0.5914501,0.57707936,0.566036,0.55423987,0.546621,0.5365773,0.5290506,0.51999813,0.511508,0.50205046,0.4954847,0.48629743,0.47470722,0.4654496,0.45386496,0.43781298,0.42575142,0.4048448,0.3863456,0.3660651,0.34309265,0.32193226,0.2953769,0.27039525,0.24477811,0.21962664,0.19439173,0.16844133,0.14361463,0.11950407,0.09645965,0.07640824,0.057724483,0.042828087,0.041969325,0.053659875,0.070831,0.09066748,0.10870509,0.13511181,0.1551156,0.18045516,0.20332575,0.22855201,0.25300595,0.27644542,0.3014102,0.32790664,0.35174918,0.37925038,0.40260914,0.42904508,0.4537191,0.47682336,0.49728894,0.5182289,0.5365705,0.55370367,0.5685644,0.58449763,0.5966151,0.6079643,0.61464727,0.62598896,0.6325091,0.6377397,0.6432022,0.6484975,0.6528753,0.65977544,0.0024953817,0.002663262,0.0027436526,0.002868274,0.002971462,0.0030513145,0.00315516,0.003305415,0.0034414507,0.0034548151,0.0036282619,0.0038431112,0.003973564,0.004156162,0.0043429057,0.0045107007,0.004818453,0.0050354833,0.0051009706,0.005284883,0.005446594,0.005691135,0.005903869,0.006151809,0.006343752,0.0066553554,0.0067623383,0.006958126,0.0070796637,0.007206248,0.0074059926,0.0075569213,0.007842568,0.008089966,0.008391262,0.008849207,0.009198685,0.009696451,0.010240146,0.010805923,0.011486729,0.012214096,0.01292873,0.013693539,0.014510663,0.015206169,0.016043225,0.016848974,0.017679868,0.018445406,0.019172022,0.02001369,0.020840293,0.02143424,0.021916436,0.022396632,0.022700163,0.022803146,0.023042783,0.023301857,0.023413796,0.023487693,0.023771062,0.024121832,0.024309509,0.02456077,0.024737766,0.024753528,0.024768256,0.024586238,0.02406524,0.023436451,0.022727083,0.02193972,0.020944573,0.020117994,0.01921118,0.018536767,0.017980905,0.017464316,0.01675133,0.01616449,0.015526995,0.014617721,0.0136647,0.012718873,0.011508181,0.010390146,0.009203184,0.008307589,0.0074940776,0.0068776086,0.0062504555,0.0057494603,0.0054748897,0.0052766195,0.0052128294,0.0052013197,0.0051468634,0.0051039066
PalmarPinch,0,22,0,0.7457056,0.73476994,0.7274644,0.7179757,0.7148332,0.7102056,0.7046477,0.70411867,0.7010015,0.70024353,0.706888,0.70613736,0.7087653,0.7114251,0.7131037,0.7156929,0.7175463,0.7130507,0.71465117,0.70893997,0.70735675,0.6906728,0.68958414,0.67812943,0.6658817,0.652636,0.64178526,0.6285988,0.6149597,0.6015739,0.5910956,0.5804325,0.5683378,0.5546046,0.5465443,0.5356657,0.53074867,0.520156,0.5116698,0.50508285,0.49508354,0.4865827,0.47508204,0.46609512,0.4545134,0.43766555,0.42417926,0.40601137,0.38621777,0.36713502,0.34206173,0.32015583,0.29682443,0.26964983,0.24416883,0.22012265,0.19277255,0.16916628,0.14395095,0.11762489,0.09696562,0.076418,0.058333427,0.041471004,0.041813403,0.052856013,0.07037979,0.09073692,0.11125055,0.1343744,0.15603428,0.18105128,0.2037804,0.22822607,0.25333837,0.2780083,0.30186617,0.3272058,0.35348913,0.37906247,0.40346158,0.4282817,0.4534168,0.47715637,0.49567717,0.51776534,0.5360563,0.5532272,0.569856,0.5847874,0.59691447,0.60808766,0.6159572,0.6246063,0.6304714,0.6362604,0.6390392,0.6484596,0.6542011,0.66124684,0.0025482231,0.0026397116,0.0027355554,0.0027986327,0.00289236,0.0029752934,0.0030645905,0.0031872618,0.0032842977,0.0034280808,0.0035277037,0.0037206488,0.003888999,0.004111473,0.0043114414,0.004466095,0.004698582,0.004887243,0.0051532052,0.0053822002,0.0056145536,0.0058437046,0.006054111,0.0062474827,0.0064697494,0.0066828667,0.006872394,0.0070029413,0.0071084844,0.0072262688,0.007436473,0.007663735,0.0077870465,0.008143848,0.008364431,0.008827888,0.009286691,0.009637898,0.01016827,0.010904075,0.011424496,0.01213755,0.012851093,0.013746513,0.014438246,0.015109829,0.01598303,0.016784532,0.017527359,0.018361123,0.019048505,0.019941429,0.020714398,0.021429503,0.021823986,0.022422945,0.022660665,0.022917187,0.0231173,0.023289565,0.023416523,0.023598064,0.02383217,0.02424436,0.024435902,0.024665687,0.024866281,0.024835616,0.024850404,0.024637645,0.024127612,0.023478989,0.022730105,0.021895777,0.02102102,0.020129181,0.019269086,0.018550398,0.01805653,0.017422944,0.016695896,0.016067578,0.015438236,0.014495527,0.013489256,0.012485776,0.01143722,0.010261289,0.009097213,0.008194937,0.0073854006,0.0067909257,0.0061765364,0.005697605,0.0053806417,0.005240781,0.0051786876,0.005172108,0.005140196,0.0051897843
PalmarPinch,0,23,0,0.74608815,0.73598105,0.7260031,0.718136,0.7167331,0.7097284,0.70593655,0.70267767,0.70300215,0.7026328,0.706755,0.7071178,0.7070391,0.71187097,0.7116811,0.71680224,0.71683764,0.7143051,0.71644133,0.70707554,0.70659804,0.70257705,0.68860817,0.67904294,0.66620415,0.653037,0.64132744,0.62713486,0.6160868,0.60213566,0.59011066,0.5780292,0.5671233,0.5559459,0.54810214,0.53444177,0.5315635,0.5207412,0.5112497,0.50384575,0.49585512,0.48730683,0.47519135,0.46626735,0.45509848,0.43882787,0.42146695,0.40662247,0.38624775,0.36632696,0.34316906,0.32035542,0.29617092,0.27005726,0.24443832,0.21872424,0.19320485,0.16863076,0.14336208,0.1180353,0.09728431,0.07571645,0.05745528,0.043514878,0.042150266,0.05345743,0.071062684,0.09068663,0.11164168,0.13166398,0.15652539,0.18047255,0.20375137,0.22860223,0.2533548,0.27665368,0.30196276,0.32776976,0.35222784,0.37868154,0.40547207,0.4286394,0.4530907,0.4758791,0.4963827,0.51657814,0.53552157,0.5531309,0.56978315,0.5846828,0.5964375,0.6065616,0.61549294,0.626633,0.6308805,0.6377817,0.64217126,0.64861935,0.6540359,0.66079825,0.0025177335,0.002647388,0.0027115527,0.0028293526,0.0028400375,0.003024477,0.003075882,0.003190678,0.0033042023,0.0034691715,0.0036170331,0.0037820647,0.0038965698,0.004137525,0.004368789,0.004533576,0.004705017,0.004989061,0.0052482192,0.0054763714,0.0056644743,0.0059243683,0.006110686,0.0063249324,0.00651319,0.006717623,0.0069030644,0.0070084278,0.007217659,0.0072817975,0.007540084,0.007611825,0.007902959,0.008099849,0.008367223,0.008899044,0.009217642,0.009614129,0.010093981,0.010795922,0.011420447,0.012091844,0.012914489,0.013582866,0.01437615,0.015144928,0.015874628,0.016733281,0.017416168,0.018283425,0.019030267,0.019828118,0.020645006,0.02131006,0.021746052,0.022337183,0.022591364,0.022755906,0.0229901,0.023182744,0.023281584,0.023505857,0.023684604,0.024053048,0.024245169,0.024423609,0.024592808,0.024631321,0.02455181,0.024335733,0.023911776,0.023247654,0.022488773,0.021677824,0.020741109,0.01989501,0.019127885,0.01836942,0.017778592,0.017163085,0.016524972,0.015814517,0.015174564,0.01426895,0.013332982,0.012284174,0.011124392,0.010021391,0.008966897,0.0080743125,0.007231058,0.006668525,0.0060625663,0.0056770556,0.005361708,0.00529377,0.0052027786,0.0052538565,0.005209427,0.005218866
PalmarPinch,0,24,0,0.7468217,0.734255,0.72716016,0.7185615,0.7153968,0.71007365,0.7059734,0.7039834,0.70151424,0.7009972,0.70621324,0.70719177,0.7057031,0.71045494,0.7114305,0.71433437,0.7177864,0.71313965,0.7147239,0.70639366,0.7062048,0.69133234,0.68830806,0.6797092,0.6654778,0.653868,0.64247316,0.6275309,0.6143763,0.6026388,0.5886956,0.57881254,0.5665728,0.55563515,0.5447472,0.5347893,0.5318958,0.51948005,0.51280874,0.50330764,0.49593374,0.48650968,0.47756666,0.46643537,0.45378625,0.43852526,0.42261633,0.40574893,0.38517088,0.36424392,0.3429637,0.32021093,0.29502323,0.27141687,0.24431664,0.21881314,0.19259852,0.16839106,0.14183359,0.11675342,0.09657952,0.073580265,0.057024773,0.044097997,0.041558508,0.053015646,0.07235961,0.091426365,0.11288268,0.13448685,0.15792844,0.18195125,0.20403814,0.2290145,0.25402766,0.27828786,0.30189106,0.3280201,0.3502463,0.37782857,0.40393424,0.42801344,0.45400867,0.47572362,0.4974204,0.516366,0.5362909,0.5526873,0.5689183,0.5842589,0.59562886,0.6084278,0.6150551,0.6266899,0.6307337,0.636467,0.64238304,0.64492077,0.65390897,0.65957874,0.0024254397,0.0026450756,0.00274627,0.00273363,0.002899923,0.0030260647,0.0030941793,0.0032339706,0.0033020996,0.0034464127,0.0035187923,0.003755603,0.003896544,0.0041007116,0.0042807446,0.0044890577,0.004774348,0.004928579,0.005147172,0.0054062875,0.0056968248,0.0058706906,0.006083086,0.0062370365,0.0065003964,0.006757983,0.0069631385,0.006969841,0.0072143106,0.007341156,0.007475042,0.007606999,0.007866611,0.008075103,0.008304261,0.008792445,0.009184518,0.009616359,0.010121975,0.010716557,0.011384282,0.01202709,0.012853403,0.013501804,0.014206662,0.015025654,0.015781736,0.016490728,0.017333027,0.018159458,0.018872296,0.019644175,0.020497477,0.021172961,0.021627821,0.022076085,0.022440854,0.022652572,0.022713283,0.023053922,0.023200963,0.023413716,0.023536937,0.023965087,0.024206959,0.024402685,0.02457322,0.024600808,0.024517968,0.02433006,0.023814298,0.02313739,0.022348644,0.021534657,0.020598857,0.01972399,0.018870238,0.018221727,0.017597875,0.017026907,0.01640679,0.015789496,0.015006458,0.014187013,0.013200875,0.012253039,0.011095559,0.009928777,0.008794433,0.007948156,0.007153665,0.006557313,0.005958093,0.0054715658,0.005234417,0.0051159025,0.005071327,0.0051055,0.005071368,0.005116861
PalmarPinch,0,25,0,0.7466631,0.7342454,0.7268381,0.7185461,0.71506983,0.70863485,0.7035194,0.7034676,0.7014418,0.703232,0.70566016,0.70704335,0.7067541,0.71073556,0.71147203,0.71630305,0.717237,0.7122512,0.7130777,0.706501,0.70453984,0.70192266,0.6873713,0.6782337,0.6652769,0.65144664,0.641377,0.62777764,0.6147119,0.6020493,0.5891382,0.5794072,0.56464577,0.55372715,0.5461453,0.5358468,0.5306118,0.5192852,0.51169574,0.5036798,0.49624446,0.48694783,0.4773715,0.46508878,0.45346323,0.43681735,0.42286694,0.40655237,0.38479745,0.36444324,0.343388,0.3199594,0.29442307,0.26976645,0.24384046,0.21919647,0.1930327,0.16819662,0.14238258,0.11647471,0.097388595,0.075407915,0.05693883,0.044366013,0.04377493,0.054338735,0.0715946,0.091226056,0.112200394,0.13490686,0.1565235,0.18132597,0.20372246,0.22908603,0.25175864,0.27704066,0.30240202,0.32671607,0.3522493,0.37750852,0.40200925,0.42814067,0.45214912,0.47691715,0.49584845,0.516232,0.53574574,0.55279887,0.56988573,0.5849495,0.59599566,0.6087151,0.61288756,0.6265741,0.63241434,0.6391677,0.6429791,0.65098953,0.6532115,0.66119665,0.0023733564,0.0025219892,0.0025590921,0.0026732015,0.0028370193,0.002909387,0.003025878,0.0031775814,0.0032666933,0.0033576544,0.0035102456,0.00368375,0.0038089657,0.004009413,0.004193677,0.0044679353,0.004659873,0.004835644,0.0050449935,0.005382542,0.005638036,0.0058819856,0.00600039,0.0061488943,0.00636543,0.006618853,0.0068279086,0.0068433075,0.0070194523,0.007107338,0.0073644547,0.007431032,0.007706466,0.007939651,0.008118073,0.008631497,0.008952295,0.009339305,0.009917349,0.010487445,0.011201537,0.0118888365,0.012650988,0.013329204,0.014073138,0.014820705,0.015642114,0.01644276,0.017309336,0.018222142,0.018868031,0.019651059,0.020436836,0.021125682,0.021545501,0.022083497,0.022344854,0.022617333,0.022791391,0.023049945,0.023196043,0.023342496,0.023539454,0.023949431,0.024127575,0.024420341,0.02462835,0.024654182,0.024521613,0.024269726,0.023793692,0.02309172,0.022443919,0.02154098,0.020558573,0.019793177,0.018924648,0.018237492,0.01766194,0.01705314,0.016376162,0.01581033,0.015143717,0.014277217,0.013250487,0.012314185,0.01113327,0.010059504,0.008915008,0.007976647,0.007227369,0.006623798,0.0060072863,0.0055960016,0.005344342,0.005152946,0.0051094093,0.00514168,0.00517397,0.0050708996
PalmarPinch,0,26,0,0.74716264,0.73481387,0.72716767,0.7176243,0.71574724,0.7107042,0.7044665,0.70353216,0.7019577,0.7029976,0.705448,0.7050281,0.70913965,0.7112331,0.7106776,0.7170802,0.7187105,0.71311575,0.7152138,0.7080931,0.7052471,0.6954273,0.68934554,0.679662,0.6668623,0.6511664,0.64151585,0.62866586,0.614186,0.60230666,0.5904419,0.57866836,0.56842667,0.5529323,0.5468908,0.53670365,0.53050107,0.5178138,0.51015687,0.50162387,0.49540305,0.487204,0.47473648,0.4657877,0.4528194,0.43764058,0.42187113,0.40625224,0.38530618,0.364574,0.34099603,0.3197547,0.29349655,0.26836428,0.24412781,0.21824698,0.19280398,0.16753666,0.14230676,0.11672952,0.09811958,0.07654414,0.058602113,0.043420672,0.04512904,0.054617412,0.07209778,0.091690704,0.11268377,0.13473432,0.15679172,0.17983489,0.20301396,0.22796266,0.25215858,0.27638257,0.30214477,0.32652423,0.35119015,0.37577307,0.40420994,0.42777508,0.451934,0.47566575,0.4950043,0.5155204,0.53424954,0.5556027,0.56960016,0.58448076,0.5967901,0.60796964,0.61432797,0.6248223,0.6311838,0.63611746,0.64471257,0.64802337,0.65192455,0.6612707,0.00234459,0.0025658219,0.002593817,0.0026532346,0.0028933163,0.0028903957,0.003051585,0.0032187148,0.0032742112,0.0034514875,0.003532675,0.003666652,0.003946847,0.004118848,0.004240093,0.004542428,0.0047619813,0.0049654967,0.005138213,0.0054633906,0.0056529227,0.0058636023,0.0061006257,0.006313965,0.006547031,0.006741654,0.0069708996,0.0070192222,0.0071690525,0.007374423,0.0073969923,0.0075678905,0.00777335,0.008052253,0.008263176,0.008753383,0.009036958,0.00951055,0.009999794,0.010682876,0.011262727,0.012026522,0.0126694245,0.013502115,0.014177459,0.014978977,0.015729288,0.01651493,0.017357463,0.018098323,0.018785713,0.019547716,0.020380288,0.021114903,0.02156608,0.022039464,0.022302106,0.022555431,0.022684956,0.02297542,0.023170017,0.023214962,0.023420565,0.023822332,0.023894623,0.024153182,0.024237242,0.024304822,0.02425131,0.024103824,0.023550492,0.022900486,0.022221712,0.021404484,0.020577457,0.019683046,0.018931884,0.018217014,0.01762739,0.01707532,0.016382473,0.015748028,0.015178038,0.014302637,0.013394819,0.012310133,0.011145754,0.010107346,0.008922039,0.007989276,0.0072002844,0.0066429055,0.006016626,0.0055532516,0.005328924,0.005229174,0.005092368,0.0050544753,0.005092692,0.0051177065
PalmarPinch,0,27,0,0.74683505,0.73504496,0.7280511,0.7183467,0.71681803,0.7111101,0.7054706,0.7053127,0.7004673,0.7010198,0.7068108,0.7051291,0.7085406,0.71261555,0.7129815,0.7155047,0.7183039,0.7136026,0.7155478,0.7086911,0.7064786,0.7002393,0.68836236,0.6795374,0.6685262,0.65065783,0.64362174,0.6262933,0.6150918,0.6020977,0.5887055,0.5766752,0.56748074,0.5553621,0.54594827,0.53718925,0.5287906,0.5195705,0.50942194,0.50402325,0.49512812,0.48677856,0.47450918,0.46490282,0.45289332,0.4376463,0.4223887,0.40672398,0.38499054,0.36496273,0.34133437,0.31852219,0.29390895,0.26934186,0.24333206,0.21757467,0.19263563,0.16735956,0.14245947,0.11696479,0.096623704,0.0757707,0.058620263,0.04403842,0.043581393,0.0545125,0.072358556,0.09155331,0.11204081,0.13451673,0.15641165,0.17928603,0.2037257,0.22903454,0.25254068,0.27627024,0.30208355,0.32597378,0.35327628,0.37820384,0.4035072,0.42637366,0.45560306,0.4766036,0.4948287,0.51615655,0.53212816,0.5534982,0.5682144,0.58468235,0.59518117,0.60850036,0.61587834,0.62311876,0.63002944,0.6378222,0.6421503,0.64601016,0.6526685,0.6602569,0.0022952694,0.002515168,0.0026000629,0.0026761852,0.0028679285,0.0028792869,0.0030737154,0.0031840636,0.0033316852,0.0034874515,0.003630567,0.003715718,0.003985174,0.0041482276,0.0043852683,0.0045663076,0.0047710952,0.005012653,0.0052526,0.00549307,0.0056957346,0.0059599,0.006154348,0.0064351787,0.0066900416,0.0068492577,0.007014544,0.0070652524,0.0072760764,0.007428846,0.007589368,0.0076611466,0.007857711,0.008171023,0.008482113,0.00887012,0.009260916,0.009668886,0.010105917,0.010927672,0.011509027,0.0122461375,0.0129564935,0.01370952,0.01451924,0.015236548,0.015944691,0.016705925,0.017548805,0.018421987,0.019167034,0.01999062,0.020703973,0.021465642,0.021865537,0.022414537,0.022724107,0.022924565,0.023077888,0.02326451,0.02347696,0.023672523,0.023930317,0.02430459,0.02458759,0.024716957,0.024967995,0.024987694,0.024941362,0.024698723,0.02422644,0.023490408,0.022749651,0.021952907,0.020996306,0.020168407,0.019253168,0.018518632,0.018012077,0.017405972,0.016717443,0.016113272,0.015461847,0.014483818,0.0134998,0.012548318,0.011399841,0.010239677,0.009150308,0.008205577,0.007386194,0.0068049813,0.0062390855,0.0058152913,0.0054623145,0.005295609,0.0051883454,0.0051500257,0.0052597723,0.0051557943
PalmarPinch,0,28,0,0.7465756,0.73428774,0.7265589,0.718092,0.7164629,0.7113132,0.7048591,0.70450026,0.703518,0.7007701,0.70416766,0.7097488,0.707434,0.71060497,0.71276,0.7152779,0.71743125,0.7149324,0.71487397,0.7070881,0.7059535,0.7031351,0.68654454,0.6770724,0.6665454,0.6519468,0.64262176,0.6271299,0.6153315,0.6027621,0.5920774,0.5783315,0.56566674,0.5542983,0.5461411,0.53528816,0.5328595,0.51848686,0.51098967,0.5051475,0.4956985,0.48699355,0.47646698,0.46444488,0.4532556,0.43659553,0.4228,0.40399194,0.38638914,0.36419937,0.34056678,0.3197851,0.29367656,0.26924798,0.24356945,0.21799459,0.19222485,0.16827467,0.14177106,0.11711695,0.096399896,0.07565746,0.057459537,0.044468224,0.043108042,0.054963894,0.07172654,0.09167114,0.11312096,0.1338158,0.15850629,0.18014011,0.20422074,0.2290192,0.25326347,0.27597588,0.301793,0.32697353,0.35105512,0.37705284,0.40193594,0.42726678,0.45218644,0.47564766,0.49604285,0.5140163,0.53462136,0.5529861,0.5695736,0.5835264,0.59536517,0.6069057,0.61556387,0.62617636,0.630275,0.63865554,0.6431958,0.6455361,0.6528811,0.6593905,0.0022661937,0.0024735613,0.0025663099,0.002689031,0.0028355469,0.0029204732,0.0029893094,0.0030966108,0.0032291417,0.0033378687,0.0035328348,0.00370562,0.0038643496,0.004064261,0.0043004933,0.0044855666,0.004691653,0.004984994,0.0052255597,0.0054299827,0.0056811534,0.0059533063,0.0061340113,0.0063656867,0.0066104988,0.006777283,0.006960251,0.006999656,0.0072155157,0.007300515,0.0076023503,0.0076525416,0.007906851,0.008097322,0.00841087,0.0088920705,0.009250253,0.009750188,0.01018469,0.01085127,0.011555172,0.012220338,0.012998841,0.013690936,0.014529536,0.01536341,0.016042424,0.016951183,0.017718436,0.018548194,0.019356802,0.020111555,0.020875141,0.021606147,0.021934014,0.022459492,0.022753175,0.022903765,0.0230444,0.023254616,0.023392932,0.023551345,0.02382207,0.024101058,0.024415763,0.024581,0.024795009,0.024811497,0.024790676,0.024521872,0.024033891,0.023323897,0.022558197,0.021730842,0.020832082,0.019922458,0.019135093,0.018447395,0.017851822,0.017354239,0.01660803,0.015965173,0.015269582,0.014410496,0.013447096,0.012469128,0.011289495,0.010247916,0.009094806,0.008168481,0.007398121,0.0067522503,0.006138016,0.0056679393,0.0054174457,0.005241185,0.005195396,0.0051434045,0.0051652677,0.0051029273
PalmarPinch,0,29,0,0.74717283,0.73490244,0.72747207,0.7188545,0.7170171,0.7105421,0.7034016,0.70423216,0.70022947,0.70235693,0.7056794,0.7072865,0.70744246,0.710615,0.7120531,0.7169515,0.717846,0.7142261,0.71397907,0.70781356,0.70504886,0.7018772,0.68886626,0.6778026,0.66830754,0.65162826,0.6422503,0.6277667,0.6139085,0.6026297,0.5911851,0.5779008,0.5658208,0.5543677,0.5449571,0.5360394,0.5323358,0.5203431,0.51046115,0.5068704,0.49520105,0.48661026,0.4755919,0.46583426,0.4532656,0.43950376,0.42151782,0.40386608,0.38654584,0.3651187,0.3411551,0.31964442,0.295116,0.26997334,0.24349652,0.21858811,0.1924744,0.16765346,0.14161812,0.118688144,0.0946743,0.07269577,0.058863528,0.044220466,0.04314708,0.054386906,0.07337116,0.09255167,0.113821514,0.13383026,0.15806895,0.18207249,0.20345417,0.22855985,0.2537096,0.27758965,0.30150548,0.32767802,0.35229504,0.37761152,0.40244803,0.42811757,0.45320076,0.4781588,0.4957115,0.5168035,0.5317159,0.5532121,0.5690472,0.5836445,0.59584177,0.60899633,0.61443824,0.62579453,0.6269839,0.63743865,0.6399167,0.64746535,0.6516426,0.6612231,0.0024498366,0.0025550982,0.0026278826,0.0027449483,0.002852277,0.0029531387,0.0029840872,0.003164502,0.003248896,0.0034488032,0.003512591,0.0037681826,0.0038679242,0.004115865,0.004267582,0.0044969376,0.004726978,0.0049962695,0.005127862,0.005402539,0.0056141727,0.0058731665,0.0060614985,0.006341937,0.006586164,0.0067700143,0.006919597,0.0070567676,0.0071740914,0.0073553366,0.007583911,0.007682648,0.007863808,0.008162952,0.00848692,0.008924831,0.009331729,0.0098061655,0.0102227805,0.010993238,0.011547816,0.012254519,0.013071131,0.013837338,0.014587395,0.015309926,0.016166875,0.01692136,0.017819792,0.018617572,0.019368755,0.020151822,0.02098578,0.021637436,0.021975014,0.022574829,0.022930572,0.023122154,0.023213418,0.023496248,0.0236982,0.02380035,0.024054058,0.02440955,0.024600474,0.024903895,0.025078297,0.025112933,0.025040068,0.024814596,0.024293862,0.023612209,0.022850214,0.022049082,0.021164296,0.020194614,0.019436624,0.018692441,0.018097451,0.017504035,0.0168136,0.016227696,0.015592753,0.014664922,0.01368775,0.012538352,0.01129956,0.010265552,0.0090701785,0.008187577,0.007403126,0.0067781503,0.0061538815,0.005666865,0.0053472985,0.005194054,0.005131034,0.0051064063,0.00515246,0.005157662
PalmarPinch,0,30,0,0.7456206,0.7358326,0.7260523,0.7180194,0.7157548,0.71087563,0.7039166,0.7025773,0.70118994,0.70161223,0.70384294,0.7085107,0.70826393,0.71143836,0.71007967,0.7159196,0.7182197,0.71327716,0.71585417,0.70761603,0.70595783,0.69006586,0.6883607,0.6740155,0.667206,0.6509506,0.6426488,0.62704873,0.6140923,0.6018504,0.5896303,0.57668257,0.5654057,0.5532214,0.5500516,0.53624284,0.5294787,0.5190622,0.5112546,0.50410837,0.49642122,0.4861653,0.47693112,0.46634045,0.45461768,0.438323,0.42275858,0.40591314,0.38558707,0.3672039,0.34212932,0.31952503,0.29577357,0.27012956,0.24433349,0.2191462,0.19265926,0.16785446,0.14242372,0.11910773,0.09661503,0.07606353,0.057323974,0.044524234,0.04353633,0.053813677,0.071843445,0.0907859,0.11238501,0.13465253,0.15838823,0.17992595,0.2045726,0.22903997,0.25390092,0.27863055,0.30252665,0.3280359,0.35298362,0.37734768,0.4031533,0.4272481,0.455558,0.47635773,0.4965808,0.5156213,0.53532875,0.5519189,0.5680471,0.58357537,0.5949513,0.6085658,0.61498106,0.62445754,0.6297322,0.6358481,0.6423661,0.6472169,0.6534378,0.6587701,0.0023997142,0.0025062694,0.002687286,0.0026524563,0.002802548,0.0029306617,0.0029854297,0.003064536,0.0031920602,0.0032433341,0.0033989758,0.0036224518,0.003764372,0.003970295,0.004213626,0.004387493,0.004658736,0.004855051,0.0052468576,0.005560678,0.005823198,0.0059595737,0.006215872,0.006443915,0.0067530284,0.0069129514,0.007096798,0.007177086,0.0073440173,0.007421353,0.0076037874,0.007748433,0.007964725,0.008283343,0.008612601,0.00898509,0.009464857,0.009809856,0.010402466,0.010995307,0.011677665,0.012332782,0.013107009,0.013940885,0.014680613,0.015461515,0.016163329,0.017046876,0.017890828,0.018700061,0.019491108,0.020311138,0.021094833,0.021833928,0.022336222,0.022816474,0.023079611,0.023375634,0.023499537,0.023728989,0.02380043,0.024072569,0.024265284,0.024606796,0.024849536,0.02516259,0.02528804,0.025329394,0.025282828,0.02504446,0.02442886,0.023691373,0.02301017,0.022229288,0.0213074,0.02038235,0.019568142,0.01881123,0.018239096,0.017641021,0.016907724,0.016227633,0.015539626,0.014639875,0.013709693,0.012608322,0.011480857,0.01023624,0.009090852,0.008166386,0.0072700107,0.0067040473,0.0061042225,0.005647171,0.005310519,0.0052303923,0.0050910353,0.0051339376,0.0051381174,0.005142176
PalmarPinch,0,31,0,0.74552596,0.73441124,0.7270282,0.7177117,0.714516,0.7096284,0.7027248,0.7041724,0.7012546,0.70175403,0.70630413,0.70427483,0.708031,0.7113401,0.7123106,0.71501327,0.71792763,0.7136869,0.7137908,0.70582426,0.7047255,0.6909106,0.6885606,0.6771796,0.66795486,0.6527679,0.6428622,0.6281286,0.6151396,0.600327,0.5902112,0.5763246,0.56653136,0.55606556,0.54447645,0.5349983,0.5297904,0.5197929,0.5108034,0.5034794,0.4976667,0.48536184,0.4757612,0.46613848,0.4525861,0.43659717,0.4220424,0.40474045,0.38479388,0.36607635,0.34144133,0.3188363,0.2952498,0.27023843,0.2436826,0.21854086,0.19301556,0.16866893,0.14370452,0.11784825,0.097492434,0.07497702,0.058144886,0.044665206,0.043243304,0.054110803,0.072362475,0.09144619,0.11248905,0.13619387,0.15765971,0.18092886,0.20496544,0.22982502,0.25343147,0.27729082,0.3020613,0.3256802,0.3516263,0.37740058,0.40111655,0.42696005,0.45127594,0.47425443,0.4974535,0.51383376,0.5353698,0.5534643,0.5686099,0.58383286,0.5943915,0.6086034,0.61435574,0.6239757,0.63006026,0.6353097,0.6419019,0.6456976,0.6532196,0.6595279,0.0025877422,0.0026558042,0.0027725506,0.0028320784,0.0029020193,0.0029981448,0.003136192,0.0032836224,0.0033704203,0.0034675205,0.0035216878,0.0037174807,0.0039594327,0.004138576,0.004319855,0.00451474,0.0047505097,0.004937203,0.005035164,0.005334615,0.0055374703,0.0057644644,0.0060264627,0.006303705,0.006655403,0.0068125976,0.0070299227,0.007185968,0.007342359,0.0074665835,0.007646272,0.0077579916,0.0081132725,0.008414422,0.00866901,0.009138444,0.009508387,0.009999905,0.010518391,0.011134747,0.0118796965,0.012489984,0.013190434,0.01398559,0.014786115,0.015547146,0.016297633,0.017121328,0.017896777,0.018740715,0.019407157,0.02026741,0.020989284,0.0217361,0.022188699,0.022642903,0.022869887,0.0231091,0.023305496,0.023344113,0.023498993,0.023648567,0.023984931,0.024324834,0.024459269,0.02467562,0.024811482,0.024756402,0.024706094,0.024527945,0.024028094,0.023340547,0.022580452,0.02175844,0.020873718,0.02000097,0.019196536,0.018473474,0.01802871,0.017372515,0.01655055,0.015932735,0.015201882,0.014361787,0.013466876,0.012391829,0.011317002,0.010198704,0.008987706,0.008088373,0.007214515,0.006608175,0.006009219,0.0055453465,0.0052351356,0.005148816,0.0049653896,0.0050494587,0.0050515546,0.005078878
PalmarPinch,0,32,0,0.7471799,0.7351424,0.7282632,0.71748513,0.7143478,0.7101192,0.70325756,0.7040106,0.700017,0.7004679,0.70746005,0.70493716,0.7079621,0.71114296,0.7104984,0.7132181,0.7171767,0.71316963,0.71368206,0.70459765,0.7051899,0.7010317,0.689027,0.6785552,0.66596824,0.6508072,0.64363164,0.628332,0.6145388,0.60077554,0.5911683,0.5760639,0.56698024,0.5521948,0.54577243,0.5370971,0.52827007,0.51857525,0.51081055,0.50282776,0.49554294,0.48428676,0.47613996,0.46379876,0.45380038,0.43635213,0.418773,0.40558875,0.3837592,0.3636221,0.34221435,0.31773224,0.29392332,0.2695477,0.24347441,0.21859647,0.19251087,0.16864592,0.14445889,0.118923575,0.09956105,0.075885676,0.059972793,0.046515122,0.04454946,0.055516914,0.07366418,0.09259043,0.11451619,0.1345576,0.15758099,0.18077272,0.20391466,0.22660886,0.25206646,0.27597183,0.29990464,0.32456702,0.3519031,0.37392682,0.40080565,0.42597863,0.4528915,0.4748408,0.49518442,0.5171187,0.53264433,0.55234206,0.5682282,0.5828577,0.59531486,0.6079005,0.61353534,0.6249322,0.63075554,0.6355702,0.6417972,0.6447072,0.65279937,0.65917164,0.0025340677,0.0026701496,0.002757611,0.0028456824,0.002885039,0.0029613413,0.0030986224,0.0032124915,0.003292247,0.0034084783,0.0035306504,0.003726222,0.003926811,0.004114005,0.0042787357,0.0044582854,0.004768252,0.004936267,0.0050613433,0.005348083,0.0056700143,0.0059554745,0.0061611864,0.0063931122,0.006708429,0.006863849,0.0070743314,0.0071064704,0.0073214183,0.0074372278,0.0076369653,0.0077414922,0.0080267,0.008237908,0.008583132,0.009012608,0.009369678,0.009793025,0.010392981,0.011008772,0.011628031,0.012228359,0.013041364,0.013791899,0.014628443,0.015328054,0.016144067,0.017050246,0.017783118,0.018646803,0.019443512,0.02017169,0.02099759,0.021660533,0.022077894,0.022642301,0.022973683,0.023161924,0.023334177,0.02353718,0.023608332,0.023814857,0.024011258,0.02427107,0.024583345,0.02471073,0.024929011,0.024931485,0.02480344,0.02452578,0.024062708,0.023328127,0.022563422,0.021727882,0.020850725,0.019973962,0.01919369,0.018471934,0.017992811,0.017326592,0.016700855,0.01609197,0.015432929,0.014438604,0.013473888,0.012535849,0.011304422,0.01017319,0.008980104,0.0080424,0.0071629398,0.0066580283,0.0059808125,0.00552455,0.0052327155,0.005027723,0.0048847566,0.0049254624,0.0048936955,0.004889324
PalmarPinch,0,33,0,0.746394,0.73501444,0.72774714,0.71629536,0.7161145,0.70859444,0.70227885,0.70332277,0.7009115,0.7004196,0.70388687,0.7063784,0.70602334,0.70890373,0.71105576,0.7130587,0.71657175,0.71108294,0.7155764,0.70585686,0.7063325,0.6902366,0.6878532,0.6770526,0.66492444,0.65181965,0.6420751,0.6276166,0.6141328,0.6013533,0.5886946,0.5767562,0.56534797,0.5515336,0.54534936,0.5322664,0.527455,0.5186428,0.51084423,0.5029441,0.49400568,0.4850802,0.4750062,0.46522138,0.4530646,0.43710288,0.42311272,0.40299097,0.38344812,0.36486775,0.34064233,0.31822595,0.29312858,0.26845136,0.24387448,0.21791852,0.19230475,0.1675364,0.14210148,0.11699682,0.09693783,0.07662926,0.057835754,0.04864855,0.04435878,0.056571074,0.074114576,0.092781074,0.113970615,0.13576339,0.15836085,0.18164754,0.20522594,0.22910476,0.2539205,0.27688214,0.30178645,0.3270076,0.35130793,0.3773477,0.4013751,0.42724508,0.4541269,0.47399944,0.49638122,0.51316506,0.53440386,0.5526233,0.56760293,0.583354,0.59371823,0.6095072,0.61404043,0.62360126,0.6289986,0.6371271,0.6436327,0.64551985,0.6525436,0.65795255,0.0026862712,0.0028243815,0.002915813,0.0029297143,0.0030708548,0.003120263,0.0032364547,0.0033399472,0.003437606,0.0035322162,0.0036070195,0.0038484589,0.0039466857,0.004143038,0.004396997,0.004530115,0.0047810054,0.0049556466,0.005266386,0.0054380246,0.005748369,0.005927567,0.0060688057,0.0063637104,0.0067432164,0.006974869,0.007165628,0.007251228,0.0074778623,0.007660047,0.007858562,0.007957145,0.0080857035,0.008468224,0.008673333,0.009134593,0.009508756,0.010065262,0.010540534,0.0112277,0.011673234,0.012464707,0.013191694,0.013891446,0.0145523725,0.015214957,0.016070606,0.016740892,0.017726626,0.018547658,0.019253695,0.02004581,0.020829335,0.021429833,0.021936651,0.022447372,0.022619056,0.022952413,0.023188818,0.023305524,0.023493104,0.023539536,0.023775961,0.024130791,0.024257867,0.024396744,0.024527827,0.024427816,0.02433979,0.024166325,0.023760466,0.022955703,0.022186164,0.021361677,0.020510847,0.019616852,0.01871155,0.01792213,0.017329058,0.016753117,0.016024334,0.015396437,0.014679348,0.013788475,0.012959897,0.011987489,0.010820099,0.0097452095,0.00863189,0.0077385367,0.007066292,0.006486849,0.005864906,0.005454634,0.0052012447,0.004985392,0.004959087,0.005014252,0.00509949,0.005018859
PalmarPinch,0,34,0,0.74525106,0.7345185,0.72627115,0.7164964,0.71448797,0.7077761,0.70350254,0.7032583,0.7000355,0.699814,0.70530504,0.70516217,0.7041302,0.7094748,0.71036726,0.7140488,0.71655077,0.71079355,0.7105338,0.7049642,0.7038661,0.7013745,0.6880752,0.6778609,0.6652292,0.65189594,0.64049727,0.6275162,0.6140299,0.6002695,0.5890435,0.5765065,0.5671297,0.5543405,0.54612124,0.5371195,0.53054315,0.51981825,0.51169467,0.5030215,0.49500662,0.4854776,0.47628444,0.46658316,0.45237634,0.43636936,0.4222367,0.40246356,0.3838671,0.3635764,0.34075162,0.31855747,0.29357296,0.2683638,0.24250062,0.21727578,0.19118837,0.1669629,0.14174686,0.11811548,0.09587794,0.07620308,0.058265842,0.045688145,0.04705461,0.058279417,0.075814806,0.09425643,0.11621617,0.13849527,0.15954308,0.18223561,0.20597512,0.22976318,0.2539429,0.27742392,0.30335876,0.32656413,0.35213214,0.37851697,0.40098813,0.42599478,0.45335847,0.47577974,0.49664637,0.51549816,0.534541,0.55175024,0.5692493,0.5840012,0.5958801,0.6085352,0.6133254,0.6246817,0.6314553,0.6335305,0.6415544,0.64569855,0.65274805,0.65930957,0.0026506195,0.0028171176,0.002935859,0.0028963313,0.003172955,0.0031755175,0.0032625096,0.003392788,0.0035742242,0.003584078,0.003672981,0.0038671098,0.0040411027,0.004272324,0.0044681677,0.004642798,0.004843136,0.0050108554,0.005200023,0.0055183796,0.005705013,0.0058936644,0.0061827344,0.0064573414,0.0066838795,0.0068003973,0.0069523244,0.0070976606,0.0072529637,0.0074940333,0.0076176003,0.007848366,0.008146988,0.00845973,0.008629056,0.009078461,0.009434726,0.009896309,0.010370342,0.011115204,0.0116506,0.012428641,0.013218039,0.01394532,0.014768278,0.015318668,0.016007248,0.016816836,0.01762834,0.018418044,0.019138474,0.01991164,0.020668224,0.021298992,0.02188627,0.022194698,0.022249315,0.022523005,0.022587111,0.022766963,0.022802608,0.023132112,0.023184739,0.02350933,0.023873562,0.024158178,0.024372501,0.024341805,0.024262998,0.024031198,0.023725368,0.023027638,0.022243954,0.021542232,0.02062332,0.019575832,0.018849544,0.018080613,0.017412271,0.016905889,0.016218277,0.015527764,0.014794016,0.013981959,0.013156182,0.0121988375,0.01100854,0.009882475,0.008904133,0.007873612,0.007172703,0.006567589,0.005985569,0.005549305,0.005335284,0.00517099,0.0051331352,0.0052144662,0.005188792,0.0052049346
PalmarPinch,0,35,0,0.7441192,0.73513335,0.72500765,0.71545094,0.71413726,0.707938,0.70515126,0.70096946,0.7009186,0.6993424,0.70567304,0.7045148,0.70532423,0.70828724,0.7105112,0.71137434,0.7145341,0.71235836,0.7145654,0.70593184,0.7053661,0.69994277,0.6866399,0.6777801,0.6666834,0.64934206,0.6409452,0.6257632,0.61409456,0.6010118,0.58881396,0.57654834,0.56797194,0.5536143,0.5438376,0.5367339,0.5267191,0.52021825,0.5096498,0.503371,0.4932979,0.483989,0.47312358,0.46438372,0.4520981,0.43563595,0.4226694,0.4036092,0.38314852,0.3651067,0.34017423,0.31912667,0.29307917,0.26948932,0.243659,0.2189402,0.1932645,0.16861613,0.14452016,0.1184049,0.09899455,0.0779993,0.060556825,0.04663879,0.046634365,0.056572467,0.0742289,0.09249865,0.11429613,0.1361989,0.15926863,0.18224296,0.20555021,0.22948334,0.25334442,0.27800283,0.30247372,0.32726744,0.35204303,0.37811568,0.4021701,0.42739555,0.45353195,0.47423807,0.49534896,0.5169154,0.5320499,0.55117226,0.56655294,0.581328,0.59370106,0.6064819,0.6132817,0.62298334,0.6280774,0.6354732,0.6399363,0.64636284,0.6519467,0.66042006,0.003025495,0.003192037,0.0031878252,0.0032366924,0.003310214,0.0033880165,0.003507395,0.0035796738,0.003637155,0.0037739577,0.0039026854,0.0039722356,0.0040156026,0.004233845,0.0044029853,0.004532903,0.004770709,0.0050037242,0.005104787,0.005274774,0.0055596638,0.005808857,0.006082852,0.0063408497,0.0065286057,0.006744877,0.0070101433,0.007138916,0.0073660556,0.0074640266,0.0077817678,0.007846255,0.00809275,0.008372305,0.008631318,0.009061047,0.009365656,0.009910138,0.010465122,0.010968155,0.011623622,0.012253951,0.013051955,0.013853622,0.014527951,0.015153282,0.015808508,0.016624179,0.017410021,0.018316543,0.019083157,0.01979896,0.020492151,0.021119233,0.021597598,0.022013126,0.022268962,0.02227354,0.022470478,0.022630246,0.022681253,0.022865433,0.022941947,0.023529613,0.023574796,0.023829188,0.024261143,0.023954974,0.02394126,0.023836719,0.023284415,0.022452861,0.021917248,0.02116228,0.020244861,0.019414352,0.018605787,0.017883943,0.017625026,0.017014503,0.016395919,0.01584483,0.015203513,0.014457247,0.01352524,0.01258196,0.011400025,0.010198703,0.009105679,0.008296114,0.00749353,0.006878171,0.0061557954,0.0057453155,0.005469639,0.0052920985,0.00516871,0.005172871,0.005278363,0.0052906624
PalmarPinch,0,36,0,0.7455017,0.73419607,0.7271204,0.7168895,0.71461374,0.70833284,0.7013135,0.70192957,0.6998957,0.69819194,0.7024872,0.7079137,0.7042726,0.70623815,0.70960325,0.7128579,0.7161912,0.7098324,0.7136089,0.706553,0.70412385,0.69044477,0.68763065,0.6774176,0.6659601,0.6511258,0.64154273,0.62536156,0.615064,0.6018163,0.59039646,0.5797251,0.5670988,0.5561784,0.5461422,0.5316147,0.5314946,0.51927197,0.51061743,0.5046156,0.49419877,0.4861055,0.47447336,0.46474683,0.45349795,0.43640992,0.42287424,0.40485588,0.38543552,0.36381155,0.34152818,0.31862298,0.29400304,0.2691488,0.24388996,0.21942504,0.1930151,0.16888966,0.14317669,0.118343554,0.09726721,0.07641904,0.058665678,0.04612726,0.044778466,0.056567565,0.07326719,0.093260184,0.11367339,0.13649188,0.16093093,0.18349883,0.20593895,0.23172317,0.25425658,0.27918702,0.3024979,0.32757518,0.353911,0.37811223,0.40387818,0.42465442,0.45406616,0.4723053,0.4953871,0.51491445,0.5351725,0.5515851,0.56815946,0.58239836,0.5950442,0.60703516,0.6147629,0.62343395,0.62915003,0.63467216,0.64255923,0.6439067,0.6522627,0.65703094,0.0028380733,0.0029907722,0.003070196,0.0030695722,0.0032078521,0.0033473407,0.0033862165,0.0035112146,0.0036216176,0.0036984354,0.0038143664,0.0039612954,0.0040338156,0.0042217677,0.0044029136,0.0045862733,0.0048491126,0.0049673906,0.0052712797,0.0054750526,0.0056788716,0.0058208243,0.00609966,0.0063970536,0.0064990665,0.0067270263,0.0069789304,0.0070275995,0.007217668,0.0073411576,0.0075215166,0.0076683643,0.007820648,0.008197988,0.008389134,0.008825171,0.009348652,0.00972537,0.010397858,0.010958137,0.011591612,0.012428304,0.013096125,0.013818486,0.014626623,0.015338979,0.016138038,0.016939752,0.017774101,0.018498847,0.019299325,0.019990824,0.020809947,0.021498168,0.021982795,0.022325022,0.022563497,0.022756942,0.022847062,0.023008851,0.02317499,0.023337163,0.02358423,0.023842335,0.023994483,0.024231996,0.024435302,0.024290893,0.024294104,0.02410391,0.02356539,0.022857122,0.02229366,0.021450805,0.020523345,0.019737046,0.018930232,0.01818769,0.017660098,0.017064042,0.016471593,0.0158006,0.015137809,0.014297001,0.0135459015,0.012531014,0.011373444,0.010263537,0.009193553,0.008327765,0.0075493143,0.006876775,0.006238734,0.0057754302,0.0055298647,0.0053020483,0.005263531,0.005201268,0.0052409917,0.0052353637
PalmarPinch,0,37,0,0.7461475,0.7335004,0.72642267,0.71690005,0.71320057,0.7082515,0.70145667,0.7014747,0.6978583,0.7000376,0.7055647,0.7040957,0.7055484,0.70840454,0.7104197,0.71351177,0.71626556,0.7116848,0.7138904,0.7041248,0.7045906,0.69955426,0.6868348,0.6753887,0.66508895,0.65301526,0.6408964,0.6274631,0.61352324,0.59996575,0.5883317,0.57779473,0.56623393,0.55212116,0.54648334,0.5362233,0.5292139,0.5190221,0.51143503,0.50266755,0.4958076,0.48461187,0.4760588,0.46456042,0.45182356,0.43858376,0.4203446,0.40660515,0.38495842,0.36334783,0.3402702,0.31905925,0.2944981,0.26968274,0.2438356,0.21824528,0.19278651,0.16798621,0.14220187,0.119531356,0.09667586,0.07542375,0.059961487,0.046495594,0.044622492,0.05652451,0.07370954,0.09313007,0.114163496,0.13642259,0.15938592,0.18333419,0.20570573,0.2303231,0.25500208,0.27871263,0.30323163,0.32756588,0.35340843,0.37681898,0.40298286,0.43010926,0.4516454,0.47526962,0.4965735,0.51610094,0.5330007,0.5521181,0.5668284,0.5828805,0.59306294,0.60725886,0.61324567,0.6221154,0.6281585,0.6354276,0.6402656,0.64386934,0.6519605,0.65824246,0.002880223,0.002996856,0.0030459056,0.0030888666,0.003166653,0.0032511323,0.0033222756,0.0034622885,0.0035897545,0.0036441558,0.0038161853,0.0039623906,0.0040530073,0.004307378,0.004490218,0.004649613,0.004956457,0.005082249,0.0053627645,0.00553389,0.0057721576,0.0059639732,0.0061488347,0.0063135084,0.0066309385,0.0067430837,0.0069780373,0.0069798003,0.0072390297,0.007376746,0.0074853715,0.007629998,0.007927435,0.008210774,0.008434578,0.008894708,0.009345638,0.00976187,0.010302555,0.011082049,0.011621593,0.0123752905,0.013140853,0.013915088,0.014629496,0.015375854,0.016117552,0.016966492,0.017785192,0.018600658,0.01926988,0.02010531,0.020874478,0.021525685,0.021939494,0.022290561,0.022492297,0.02271583,0.02286455,0.023048528,0.023089644,0.023274545,0.023464492,0.023808071,0.023910895,0.024082594,0.024246685,0.024253424,0.024175692,0.023796849,0.02336257,0.022747464,0.022034345,0.021243418,0.020340666,0.019492947,0.018674936,0.017941622,0.017391315,0.016733017,0.016166212,0.015565222,0.014909072,0.014030895,0.013272412,0.012334528,0.011190799,0.0101718595,0.0090895565,0.008144056,0.007415582,0.006764622,0.006159693,0.0056681377,0.0054323366,0.005219329,0.0050786594,0.0051531736,0.0051494916,0.0051704026
PalmarPinch,0,38,0,0.74539447,0.7337862,0.7264803,0.71695274,0.713769,0.70775235,0.70250136,0.7027072,0.69987553,0.70107406,0.7049111,0.7040327,0.7064931,0.70957124,0.7100593,0.71294874,0.71578306,0.7123138,0.714136,0.7072045,0.7053116,0.7019737,0.6881165,0.6775745,0.6649757,0.65324724,0.642904,0.6247624,0.61575496,0.60265166,0.59098136,0.5794801,0.5674626,0.55538946,0.55024564,0.534419,0.5308814,0.51900923,0.510206,0.50540125,0.49445906,0.485954,0.47770482,0.46438226,0.45476395,0.4378172,0.42349997,0.40494382,0.38463807,0.3670744,0.34100273,0.31916198,0.29397154,0.2695837,0.24453083,0.21833752,0.19259743,0.1679074,0.14275625,0.11720532,0.096389495,0.07495468,0.057177085,0.0453208,0.043573193,0.055635266,0.07428194,0.09330202,0.11475227,0.13558173,0.160894,0.18309005,0.20775446,0.23129475,0.25574037,0.27910697,0.30433482,0.32812062,0.35317472,0.37830818,0.40499407,0.42691153,0.45092285,0.47390053,0.49629855,0.5129758,0.53433573,0.5515002,0.5674173,0.5828478,0.5932762,0.6056821,0.61148787,0.624115,0.6289011,0.6362418,0.64113,0.6452081,0.6510177,0.6592839,0.0027416968,0.0028563505,0.0029392883,0.003032078,0.003121955,0.0031846205,0.0033318973,0.0033814553,0.0035108202,0.0036944896,0.003718848,0.0038888245,0.0040727383,0.004278258,0.004428257,0.004628553,0.0048540495,0.005083181,0.0054128314,0.005616626,0.0058560753,0.0060597146,0.0062720873,0.0065464433,0.0067517194,0.006898869,0.0070819897,0.007166894,0.0073680663,0.0074271183,0.0076070107,0.007736855,0.007893769,0.008227514,0.008503044,0.008890964,0.009301291,0.009795838,0.01029695,0.011074364,0.011568713,0.012268434,0.013089756,0.013770136,0.014606237,0.0153926965,0.016083088,0.01689679,0.017689226,0.01852344,0.019196108,0.019946344,0.020630367,0.021435209,0.021888802,0.02231356,0.022519432,0.022557696,0.022729758,0.022890512,0.023003044,0.023211874,0.023381324,0.02368481,0.023789592,0.02394549,0.024072036,0.024113307,0.024160096,0.023870824,0.02337518,0.022718156,0.022089226,0.02130439,0.0203784,0.019607313,0.018789513,0.018047217,0.017513061,0.016959088,0.016411673,0.015767071,0.015129545,0.014275177,0.013468949,0.012543413,0.011394668,0.010383313,0.009156851,0.008291699,0.0075009866,0.006836836,0.006189289,0.0056890156,0.0054394444,0.005255031,0.005101069,0.005113332,0.0051237294,0.005045329
PalmarPinch,0,39,0,0.7447422,0.73345864,0.72568566,0.716318,0.71325356,0.70826584,0.7034125,0.7024624,0.70075434,0.7007455,0.7032027,0.7052009,0.7052365,0.707351,0.71078324,0.7121482,0.71494347,0.7106619,0.71403146,0.7065396,0.70403725,0.6887965,0.6881328,0.6780327,0.6675738,0.6502881,0.6429982,0.6271127,0.61447436,0.60133433,0.5886645,0.57546806,0.565673,0.5558301,0.54677457,0.53746474,0.530515,0.521416,0.510017,0.5021783,0.4965784,0.48664692,0.47569367,0.46586537,0.45366377,0.4379148,0.42318156,0.4043138,0.3845328,0.3651829,0.34054124,0.32075304,0.29448873,0.26991093,0.24298024,0.21824841,0.19114484,0.1678266,0.14240809,0.11822597,0.09582634,0.07514835,0.05778777,0.04505223,0.04333102,0.05591001,0.07515136,0.09424735,0.11511879,0.13836879,0.1589186,0.18357301,0.20753989,0.23199269,0.2552531,0.27899134,0.30479297,0.32770702,0.3533593,0.37936172,0.40160623,0.4257472,0.4535492,0.47476113,0.49608955,0.5143445,0.53107077,0.55109465,0.5669301,0.5819606,0.59292996,0.60549253,0.6127178,0.6242889,0.63131,0.6359971,0.6403401,0.64683104,0.6515915,0.65958893,0.0027193606,0.002901059,0.0029496325,0.0030777259,0.0031617405,0.0032379918,0.0033167722,0.0034317782,0.003511855,0.0036774315,0.0037025781,0.003936438,0.004089233,0.0042157494,0.0044838055,0.0046919603,0.004873593,0.0051000537,0.0053622453,0.0055617276,0.005814276,0.006000468,0.0062719025,0.00649387,0.006769824,0.0068969545,0.007086965,0.007235969,0.007314151,0.0074493536,0.007542136,0.007738923,0.00788887,0.008186337,0.008443909,0.008865466,0.009290644,0.009750493,0.01024563,0.010866528,0.011535058,0.012256554,0.012961189,0.01377693,0.01454375,0.015350292,0.01611837,0.016895343,0.01770644,0.018516516,0.019216951,0.020053111,0.020769896,0.02147586,0.021906283,0.022292158,0.022613546,0.022761144,0.022899654,0.023042077,0.023123328,0.023255352,0.023476819,0.023745464,0.023922408,0.024021244,0.024183163,0.024147619,0.02409682,0.02385996,0.023262026,0.022699498,0.022036698,0.021251896,0.020378059,0.019526575,0.018801661,0.01810849,0.017461255,0.016932817,0.016239155,0.015738389,0.015076027,0.014254587,0.013363895,0.012404834,0.011287332,0.010224231,0.009047704,0.00814534,0.007413954,0.0067612566,0.0061975657,0.0056464113,0.005393221,0.0052036913,0.00510207,0.005156222,0.0050911554,0.0051558255
PalmarPinch,0,40,0,0.7467366,0.7340659,0.726716,0.71760714,0.71546906,0.7100426,0.7026898,0.7019476,0.7005185,0.699197,0.7063331,0.70543194,0.7060974,0.7089678,0.71137065,0.7147718,0.7164845,0.7122315,0.7134565,0.70386213,0.70405537,0.70034975,0.6883361,0.6769571,0.66400534,0.6513518,0.641098,0.6266105,0.6152816,0.602611,0.5890517,0.5770603,0.5667129,0.55625397,0.54413193,0.5360302,0.5328783,0.520848,0.5119284,0.5054726,0.49586183,0.48730755,0.4762483,0.4675224,0.45445946,0.43817466,0.42302895,0.40691763,0.38524288,0.3637929,0.34157163,0.32008696,0.29428124,0.2702223,0.24329352,0.2180772,0.1917506,0.16737013,0.14302732,0.11574842,0.09693736,0.073862664,0.05924594,0.044643246,0.042672127,0.056804296,0.07430737,0.093206674,0.11467019,0.13556904,0.16100968,0.18291938,0.20655055,0.23123096,0.25508678,0.27840987,0.30355805,0.32761344,0.35325545,0.37751052,0.40315944,0.4257486,0.45345554,0.474805,0.49580026,0.51631266,0.53112894,0.5529691,0.5676545,0.583078,0.5945188,0.60764515,0.6130012,0.6240719,0.6296034,0.6370069,0.6402425,0.6451213,0.65188885,0.65844864,0.0028339906,0.0029416834,0.002973264,0.0030774623,0.0031331417,0.0032492497,0.003295642,0.0033896284,0.0035881577,0.0036725197,0.003839383,0.0039667296,0.0041049845,0.004334136,0.0045242873,0.0046899733,0.0049360003,0.005222509,0.005477946,0.005715012,0.0060286443,0.0061300816,0.0063352473,0.006603372,0.0067855767,0.006965333,0.0070981155,0.0071704546,0.0073416955,0.007392754,0.007528448,0.0077020945,0.007867021,0.008095337,0.008324866,0.008802385,0.00919035,0.009604344,0.010220581,0.010815609,0.011373684,0.0121365115,0.012820956,0.013579432,0.01439395,0.015154312,0.015885139,0.016804593,0.017586801,0.018361986,0.019073473,0.019885072,0.020734731,0.021352276,0.021801911,0.022293877,0.0226184,0.022754272,0.02292413,0.023177756,0.0232515,0.023454007,0.023645503,0.024040677,0.024223242,0.024315638,0.024513887,0.024584753,0.02448663,0.024314316,0.023806646,0.023142906,0.022443527,0.021696664,0.020730177,0.019913048,0.01907893,0.018284084,0.017722337,0.01714778,0.016509308,0.015867883,0.015235711,0.014276078,0.013471456,0.0124681685,0.011283494,0.010237719,0.009093492,0.008211276,0.007366219,0.0067223073,0.0060773953,0.005646764,0.005363575,0.005194215,0.005115578,0.005126751,0.0051212357,0.0051551764
PalmarPinch,0,41,0,0.7464666,0.73474336,0.7274827,0.71751785,0.7163962,0.71037364,0.7039302,0.70247203,0.70134425,0.69904643,0.7080203,0.70585954,0.70585793,0.7094797,0.7108535,0.7121026,0.7164122,0.71142596,0.7130617,0.70471567,0.70480454,0.69908965,0.68729544,0.67704433,0.66588384,0.6525137,0.6412011,0.62609386,0.61473936,0.60114104,0.5894471,0.5804969,0.56500185,0.5554833,0.546684,0.5339828,0.5318751,0.5182547,0.5118521,0.50377595,0.49550927,0.48560703,0.47588778,0.4649845,0.45352936,0.43609515,0.42284092,0.40562344,0.3863112,0.36182138,0.34053284,0.3202185,0.2940585,0.26924872,0.24349177,0.21865915,0.19314699,0.16806446,0.14278936,0.11754222,0.098137364,0.07563745,0.057609264,0.045478087,0.04487548,0.05540037,0.07394559,0.0928268,0.113624625,0.13569956,0.15862407,0.1817817,0.20555274,0.2306376,0.25397635,0.27768913,0.3027283,0.32642126,0.352334,0.3767117,0.40393496,0.42774722,0.45098242,0.4745146,0.49483946,0.5153066,0.5329465,0.5518986,0.56801486,0.58256525,0.5944524,0.6071545,0.6127932,0.62389696,0.62880665,0.6353834,0.6431071,0.6453372,0.6508194,0.65888906,0.0028833887,0.0029601043,0.0030370413,0.0031502612,0.0032405194,0.0033204523,0.0034006508,0.0034616606,0.003559814,0.0036225563,0.0037865334,0.0039896434,0.0041010603,0.0043449705,0.0045009814,0.0046137758,0.0049159895,0.005022654,0.0054417914,0.0056082546,0.00588191,0.0060416446,0.006266803,0.0064442945,0.0067265,0.0068333335,0.0069974014,0.007046843,0.007259737,0.0073837484,0.007481311,0.007629229,0.007829097,0.008072936,0.00838257,0.008814144,0.009205495,0.009637918,0.01023237,0.010819008,0.0115378,0.012173606,0.012947304,0.013679674,0.014513505,0.015301061,0.016160486,0.016853014,0.01771739,0.018497543,0.01919821,0.020025218,0.020742616,0.021442113,0.021872131,0.022288924,0.02253676,0.022741415,0.02292171,0.023109404,0.023086244,0.023240505,0.023512874,0.02380277,0.023966786,0.024085049,0.024317238,0.024366304,0.024318855,0.02410828,0.023580514,0.023037387,0.02240772,0.021596048,0.020606106,0.019787284,0.018993353,0.01825751,0.017653603,0.017059004,0.016428733,0.015855214,0.015113405,0.014344505,0.013417592,0.012527662,0.0113012,0.010234074,0.009083356,0.00822008,0.007397669,0.006752934,0.0061053275,0.0056205625,0.00530351,0.005191128,0.0051106727,0.0050999806,0.0051298193,0.005198641
PalmarPinch,0,42,0,0.74699336,0.73642343,0.7264703,0.7173134,0.71542925,0.71048987,0.7033344,0.7030802,0.7010009,0.7011277,0.70402443,0.7058865,0.7069558,0.70877767,0.7114502,0.71492296,0.71619326,0.7134676,0.71285516,0.70536125,0.7056181,0.68922436,0.687836,0.67705697,0.66414136,0.6515573,0.6401,0.62628144,0.6139196,0.60239357,0.59137833,0.5782306,0.5670329,0.5535721,0.54282004,0.53655225,0.53029853,0.5173811,0.5115559,0.5020334,0.49471918,0.4869054,0.4749244,0.46576622,0.4529858,0.43690768,0.42300227,0.4048356,0.38411975,0.36469117,0.34182125,0.3190299,0.29327258,0.2692841,0.24346495,0.21795502,0.19251508,0.16814147,0.1429874,0.11895027,0.09511289,0.07605647,0.058813334,0.045526303,0.044508345,0.05803751,0.07318944,0.093208276,0.11357441,0.13687101,0.15718445,0.18210508,0.2058044,0.22982563,0.25486422,0.27761468,0.3010495,0.32759422,0.3529489,0.37602824,0.40375012,0.42628378,0.45226777,0.47479725,0.49498603,0.51626885,0.53263444,0.5517464,0.56761885,0.58194596,0.59386283,0.607047,0.6134028,0.6240392,0.6304834,0.6367456,0.6404964,0.6470756,0.65219086,0.6595918,0.0028319948,0.0029286842,0.0029957676,0.0031207164,0.0032465614,0.0033444525,0.003327633,0.0035139017,0.003595302,0.0037310682,0.0038617938,0.003963733,0.0041840575,0.004276836,0.004539326,0.0047003226,0.0049383882,0.0051666624,0.0052926624,0.005520926,0.0057903985,0.0058876784,0.0061207656,0.0063464455,0.0064914706,0.006752731,0.006904828,0.0069381204,0.007141171,0.007192002,0.0074202633,0.007593211,0.0077633597,0.007989895,0.008274513,0.008749721,0.009204493,0.009640334,0.010167663,0.010810835,0.011444565,0.012254566,0.013002531,0.013722468,0.014500543,0.015326056,0.016104477,0.016881302,0.017787602,0.018545974,0.019264143,0.020063037,0.020835709,0.021499524,0.021886514,0.02244376,0.022615315,0.02283696,0.022889756,0.02314762,0.023224263,0.023461336,0.023611248,0.023850681,0.024035703,0.024255319,0.024419859,0.024392383,0.024328567,0.024119997,0.02358788,0.022984127,0.022269316,0.021474514,0.020540163,0.019754251,0.018995745,0.018224796,0.01765074,0.017052501,0.01647068,0.01586595,0.015227004,0.01429848,0.013456766,0.012570379,0.011335568,0.01025626,0.009083021,0.008167053,0.0073708165,0.0066936486,0.0060381126,0.005602461,0.005300108,0.0051453123,0.00501755,0.0050729294,0.0050069587,0.005136697
PalmarPinch,0,43,0,0.7473824,0.734924,0.72776437,0.71802855,0.7160668,0.7092616,0.70264363,0.704388,0.6996831,0.7002389,0.70639867,0.7062192,0.70649725,0.7097631,0.7109723,0.7139596,0.7170912,0.7126328,0.71271837,0.70490146,0.70322245,0.7007504,0.6871093,0.6778476,0.6647868,0.6535147,0.6434313,0.62691313,0.6156018,0.6010371,0.5900647,0.5776444,0.5667371,0.5546759,0.54601794,0.53729457,0.5285443,0.52057976,0.51080674,0.505397,0.4950193,0.48674634,0.4767704,0.46716478,0.45351303,0.4382545,0.42255363,0.40627545,0.38719565,0.36693844,0.34170735,0.32013616,0.2955673,0.26992342,0.24354543,0.21936242,0.19269304,0.1676071,0.14265275,0.11656588,0.096543215,0.0753787,0.05690298,0.045180008,0.044010106,0.055673283,0.0742202,0.09263338,0.11436765,0.13572018,0.15856463,0.18208033,0.20513351,0.2297175,0.2536342,0.2771565,0.30325282,0.32680887,0.3508511,0.3780871,0.40341443,0.4267141,0.452502,0.4738219,0.49571815,0.51595336,0.53163695,0.55120784,0.5669851,0.58288085,0.593953,0.6074477,0.6145915,0.62350255,0.62836206,0.6370237,0.6406073,0.645755,0.6514211,0.658617,0.0028773877,0.0030188034,0.0030921944,0.0031613335,0.0033109388,0.0033599625,0.0034657903,0.0035183188,0.0036390743,0.0037575052,0.0038903924,0.0040841307,0.0041807843,0.0044017867,0.0044908067,0.004735305,0.004998616,0.005143098,0.005333646,0.0055765375,0.0057668104,0.0060256673,0.0061864173,0.0063705035,0.006593993,0.0068027694,0.006924107,0.0070324694,0.0071252272,0.007208897,0.0073122126,0.0075057046,0.0077472557,0.007992487,0.00824153,0.008649275,0.0090897735,0.009628313,0.010128162,0.010714729,0.01133298,0.012117392,0.0127385985,0.013531461,0.014305938,0.015142325,0.015928749,0.016706925,0.017485581,0.018294435,0.018986305,0.019809697,0.020579465,0.021161383,0.02159806,0.022086574,0.022315038,0.022527104,0.022582453,0.022877473,0.022809288,0.023081278,0.023246998,0.02361534,0.023684835,0.023887677,0.024114322,0.024124151,0.024093552,0.023871996,0.023276953,0.022686457,0.022064049,0.02129994,0.020347718,0.019529395,0.018665517,0.017978158,0.017475765,0.016874103,0.01620112,0.015543494,0.014852982,0.014003352,0.0132168755,0.012284904,0.011062932,0.010086676,0.008994385,0.008088655,0.0073594293,0.006751263,0.0060911044,0.0056986045,0.005394462,0.005217316,0.0052002463,0.005196448,0.00522897,0.0051843314
PalmarPinch,0,44,0,0.74591523,0.7348894,0.72697604,0.7172979,0.71459764,0.70916945,0.7041649,0.70299155,0.701102,0.70077884,0.7052364,0.703676,0.70636636,0.7101083,0.7094094,0.71459585,0.71667826,0.71296597,0.7130166,0.70719373,0.70640767,0.7014675,0.6875174,0.6779201,0.6647126,0.65103585,0.64111984,0.627844,0.61413985,0.60232604,0.5882782,0.5768668,0.5682492,0.55322605,0.5471342,0.5344935,0.53329444,0.5193035,0.51096314,0.50468516,0.49549177,0.48618656,0.47609973,0.46616566,0.45395067,0.43784893,0.4241518,0.40552106,0.3853351,0.36586088,0.34205055,0.32036936,0.29386497,0.2708845,0.2437185,0.2177127,0.19317828,0.16716005,0.14297284,0.117467314,0.09564511,0.07403278,0.056120403,0.04439399,0.042898647,0.05618263,0.07384606,0.09355399,0.11454489,0.13691112,0.15930462,0.18139863,0.20567892,0.23100793,0.25366813,0.27740097,0.30270323,0.3267911,0.35121888,0.37729463,0.40128645,0.42853445,0.4532648,0.47425234,0.4955599,0.5144369,0.53377855,0.5514886,0.5678624,0.58410996,0.59437656,0.60692024,0.6149749,0.6257331,0.6290432,0.63758796,0.6411568,0.6470895,0.65040267,0.66021293,0.0029481056,0.0029838919,0.0031061028,0.003162532,0.0032335476,0.0033226297,0.0033678042,0.0034721799,0.0035719206,0.0036500597,0.0037840405,0.0039469493,0.0041123247,0.0042283717,0.0044064494,0.004566853,0.004885932,0.00505159,0.005330622,0.00548854,0.005709622,0.0059027323,0.006065825,0.0063166493,0.0064745946,0.0067671547,0.0068335165,0.00694762,0.00706293,0.007187096,0.0072368733,0.0074923187,0.007711643,0.007899461,0.008139107,0.008623496,0.00900266,0.009464647,0.00999581,0.010651816,0.011217722,0.012022328,0.012652066,0.013427389,0.014204001,0.014967529,0.015697926,0.016512798,0.017365405,0.018100185,0.018877322,0.019649757,0.020402452,0.021088677,0.021478238,0.02201508,0.022265634,0.022404213,0.022604682,0.022795515,0.022768263,0.022987578,0.023134196,0.02338657,0.023559054,0.02377961,0.023961114,0.023953555,0.023923015,0.0236814,0.02315649,0.022544354,0.021851609,0.021030493,0.020140834,0.019354451,0.01857111,0.0178566,0.017296595,0.016713884,0.01610307,0.015489576,0.014838612,0.013949242,0.013170132,0.01224148,0.011108903,0.009977893,0.008944383,0.008078613,0.0073774746,0.006702701,0.0061186845,0.0056277704,0.005378222,0.005234167,0.0052011516,0.0051877615,0.0051585045,0.0051618535
PalmarPinch,0,45,0,0.74680746,0.7354062,0.7270487,0.71733546,0.7159365,0.7106977,0.70277464,0.7034883,0.7001859,0.70118177,0.70612997,0.70606863,0.70779717,0.7107479,0.7115372,0.7148555,0.71725285,0.7132519,0.7137889,0.70708615,0.7064498,0.69151145,0.68857,0.6780665,0.66496634,0.65263116,0.6454776,0.6264962,0.61498266,0.6020654,0.59082615,0.577301,0.5678291,0.5564402,0.5450421,0.53502995,0.5319505,0.5183458,0.51152045,0.5048654,0.49511078,0.48604423,0.47604465,0.46569264,0.45282933,0.43800807,0.42186275,0.4034367,0.3891445,0.36383232,0.3428814,0.31848145,0.29474458,0.26908785,0.24319945,0.21792744,0.19242959,0.16735193,0.14299755,0.11496018,0.09728166,0.073644675,0.057412505,0.04452545,0.043901376,0.05770766,0.07252129,0.09356059,0.113382466,0.13492535,0.1574094,0.18218647,0.20476052,0.22901647,0.25320882,0.27824408,0.30127192,0.32709733,0.35155776,0.37667817,0.40137714,0.42946225,0.45254272,0.47457644,0.49541742,0.5147316,0.5344766,0.55235416,0.56847215,0.5831259,0.5952768,0.60737276,0.61187136,0.6237986,0.62920237,0.6359859,0.64044964,0.6466547,0.6518253,0.65854704,0.0029661418,0.003021776,0.0030945807,0.0031491038,0.003227775,0.003408993,0.0034273565,0.0035883693,0.0035955713,0.0036648945,0.00375697,0.003967807,0.004092678,0.0042601824,0.0043655797,0.0045834053,0.0049107643,0.0050355163,0.005314119,0.0055079963,0.0057705604,0.005889564,0.006181694,0.0063402145,0.0064769783,0.0067361062,0.006834033,0.0069054635,0.007108274,0.0071279644,0.0073342575,0.0074721603,0.0077458224,0.007928372,0.008165855,0.008598386,0.008985596,0.009364981,0.009936747,0.010638277,0.011259357,0.011927902,0.012701749,0.013349332,0.014161496,0.014921251,0.015665485,0.016607484,0.017432688,0.018216113,0.018984806,0.019805098,0.020497913,0.021256942,0.021632688,0.022091866,0.022362353,0.022519488,0.022639684,0.022890402,0.022962796,0.023024434,0.023198824,0.023626743,0.023749445,0.023842694,0.024097096,0.023994522,0.0240561,0.023653684,0.023240237,0.02253819,0.021852117,0.021059262,0.02022527,0.019355513,0.018526338,0.017762223,0.017278789,0.016762236,0.016154563,0.015535254,0.014844798,0.014099315,0.013230179,0.0123603055,0.011218209,0.010167705,0.009057357,0.008158681,0.007392306,0.0067535373,0.0061280634,0.0057074465,0.0054453933,0.0052641123,0.005208528,0.00517318,0.0051943143,0.0051651746
PalmarPinch,0,46,0,0.7465268,0.73477274,0.72816706,0.7183418,0.7146919,0.709982,0.7037744,0.70538944,0.7026176,0.7009581,0.705237,0.70505387,0.7068385,0.7107531,0.71187586,0.7148622,0.7167325,0.71390826,0.71537393,0.70534384,0.7041904,0.69128895,0.68755937,0.67895097,0.668371,0.6507358,0.64420104,0.6278424,0.6157231,0.603126,0.58968383,0.57848954,0.5671008,0.55392003,0.5479978,0.534491,0.5311741,0.52081496,0.5111355,0.5052208,0.49576786,0.48647898,0.4749474,0.4659345,0.45333332,0.43721068,0.4234307,0.40416735,0.3847096,0.3649789,0.3419409,0.31810364,0.29415584,0.2694819,0.24426466,0.21868603,0.19290319,0.1679869,0.14312637,0.11767749,0.09719887,0.074980795,0.058274392,0.045171313,0.04376668,0.054079127,0.0729738,0.091290526,0.112921834,0.13484101,0.15853104,0.18035994,0.20472628,0.22902183,0.2532712,0.2769422,0.3026289,0.32692447,0.35134947,0.3787263,0.4038062,0.42641568,0.45281684,0.47424996,0.4958511,0.5144948,0.5339623,0.553505,0.56791323,0.5827756,0.59421027,0.6097356,0.6126067,0.62455636,0.6315735,0.636138,0.6425482,0.64649326,0.6491123,0.6573108,0.0030289346,0.003081605,0.0032257612,0.003239974,0.0032946626,0.0033821864,0.003509447,0.0035589063,0.0036935601,0.0037024121,0.0038549784,0.003946105,0.004153206,0.0043597003,0.004512409,0.004719475,0.004855889,0.0051184534,0.0052473387,0.005436122,0.0056646434,0.005938477,0.006150761,0.0063551385,0.0065854373,0.0067339865,0.0068833507,0.0069080438,0.0071311747,0.007181825,0.007347171,0.007487386,0.0077566025,0.008004797,0.008285261,0.008715399,0.009139893,0.009617317,0.010098041,0.010790199,0.01147147,0.012105035,0.0127456,0.013560652,0.01437115,0.01517948,0.015926477,0.016791932,0.01754701,0.018381799,0.019158052,0.019956259,0.020711068,0.021342382,0.021785982,0.022254597,0.02242657,0.022559075,0.022612736,0.022858508,0.022859098,0.02309305,0.023217587,0.023510884,0.02367349,0.023823757,0.023927752,0.023992497,0.023917465,0.023702523,0.023238072,0.022633744,0.021935524,0.021235336,0.020287411,0.019597298,0.018762674,0.01803868,0.017474368,0.016962538,0.016360363,0.015734157,0.014995258,0.0142652225,0.013436956,0.012458627,0.011369237,0.010253968,0.009159488,0.008244086,0.007460556,0.006821811,0.006168215,0.0057437937,0.0054379986,0.0053367713,0.005148724,0.005177631,0.005121547,0.00516235
PalmarPinch,0,47,0,0.74642944,0.7348675,0.7269446,0.71814847,0.7148045,0.70944375,0.7022305,0.70356476,0.7017644,0.7018822,0.70579374,0.70622057,0.70767695,0.7097302,0.7110671,0.7146676,0.7163129,0.7116399,0.7151637,0.7077966,0.7063272,0.6905236,0.68986565,0.67828864,0.66627145,0.6526481,0.6414688,0.62816983,0.61578536,0.6011987,0.59120494,0.5792896,0.5678161,0.556732,0.54565006,0.53793395,0.5304192,0.51962775,0.51304007,0.5034075,0.49714506,0.48731664,0.47666225,0.46543643,0.45427752,0.43840545,0.4238735,0.404477,0.38549435,0.3657348,0.34174684,0.31977537,0.29446435,0.26976216,0.24393612,0.21832438,0.19228677,0.16817287,0.14292544,0.11706402,0.095096834,0.07520013,0.057515558,0.0442847,0.042075858,0.05600034,0.07310126,0.09092513,0.113583885,0.13671826,0.1574158,0.18000123,0.20533632,0.22840558,0.2542602,0.27691847,0.30182526,0.32592684,0.35143778,0.37794888,0.40379703,0.4259001,0.45545858,0.47397983,0.49571544,0.51570815,0.5339513,0.551521,0.5682486,0.58300513,0.59354585,0.60729474,0.6153174,0.622584,0.62915397,0.63509405,0.64402467,0.6465718,0.6530521,0.65970594,0.0029283308,0.003023351,0.0030967826,0.0031622548,0.0032495284,0.0033386732,0.0033991076,0.0034931696,0.003672406,0.0037101675,0.003854993,0.004025117,0.0041214987,0.004255921,0.0044664415,0.0046165446,0.00484703,0.0050159693,0.0053451383,0.005613743,0.005792263,0.0060191005,0.006143406,0.00633621,0.006592751,0.0066940594,0.0069463607,0.0070493086,0.007200087,0.0072209025,0.007468372,0.0075765997,0.00770637,0.008057221,0.00829769,0.00873463,0.009125303,0.009523007,0.010071096,0.01076376,0.011432799,0.012096119,0.012740476,0.0134834675,0.014353428,0.015081166,0.015882237,0.016648985,0.01750563,0.018336765,0.019103287,0.019877862,0.020628182,0.021277584,0.021722043,0.022204211,0.022392245,0.022563761,0.022606371,0.022844022,0.022918284,0.023040665,0.023341069,0.023663584,0.023916008,0.023998946,0.024134394,0.024171326,0.024062935,0.023848929,0.023359789,0.022877056,0.022182353,0.02135006,0.020416621,0.019621829,0.018792417,0.018120335,0.017510956,0.017005008,0.016323809,0.015753914,0.01506092,0.01425857,0.013406919,0.012411734,0.011234932,0.010192417,0.009037965,0.008177835,0.0073776864,0.006719159,0.0061137266,0.005618841,0.005345864,0.0052222903,0.0050413795,0.0050802506,0.005072456,0.005096061
PalmarPinch,0,48,0,0.74656516,0.7356461,0.72846943,0.71896756,0.71592975,0.71054244,0.703637,0.7018258,0.70374024,0.7006017,0.7069041,0.70518637,0.7069376,0.71076226,0.71259797,0.7134663,0.71589106,0.71313465,0.7138079,0.70746976,0.7050173,0.6903928,0.6864173,0.67803144,0.663131,0.65441096,0.6440979,0.6274162,0.61498857,0.60312814,0.5895858,0.5768113,0.5665431,0.5565453,0.5472945,0.5361534,0.5313132,0.5220066,0.51297593,0.5062458,0.49656773,0.4880154,0.4767553,0.4664098,0.4545354,0.43821636,0.42217374,0.4061427,0.38687775,0.36628565,0.34136614,0.31861556,0.29552576,0.2702869,0.24368347,0.2186981,0.19164073,0.16694097,0.14243236,0.11598904,0.09539219,0.075050935,0.056186818,0.04329201,0.042355306,0.055260964,0.072671995,0.093407944,0.11386018,0.13682206,0.15987055,0.18208359,0.20581798,0.2297248,0.25380626,0.27801093,0.30193472,0.32724172,0.35176525,0.3767273,0.40225685,0.4282508,0.45265177,0.47387534,0.494296,0.5153007,0.532378,0.55185705,0.56830955,0.583518,0.59496737,0.6076308,0.6147636,0.6243192,0.63001966,0.63531333,0.63988566,0.64416146,0.65192574,0.65784466,0.003147149,0.0032219535,0.003289714,0.0033253392,0.0034205394,0.0034773676,0.0035014658,0.0035560098,0.0037047197,0.0037015602,0.0038581502,0.004081109,0.0042359442,0.004411328,0.004583139,0.004686889,0.004870462,0.0050880173,0.005201008,0.005433671,0.0056678755,0.005910838,0.0060921935,0.006301546,0.0065435683,0.006629011,0.0068497765,0.006903924,0.007013163,0.007195143,0.007343995,0.0074714567,0.007736015,0.008032325,0.008298006,0.008658416,0.00914369,0.009585799,0.010120582,0.010798131,0.011369541,0.012140608,0.012782746,0.0136451805,0.014401719,0.015174671,0.016012602,0.01672116,0.017547002,0.01834019,0.019073533,0.019873712,0.02070418,0.021363392,0.021782251,0.02230907,0.022541072,0.022695709,0.022831373,0.023075925,0.023181662,0.02333925,0.023523355,0.023910059,0.024027325,0.024123052,0.024380853,0.024268461,0.024210686,0.023969721,0.023447122,0.02277857,0.022103189,0.021247784,0.02038807,0.019581791,0.018741917,0.018014308,0.017414179,0.01685267,0.016237006,0.0156150265,0.014897186,0.01398907,0.013066514,0.012224158,0.011063236,0.009949415,0.008873715,0.008096499,0.007241292,0.0066621187,0.006001846,0.005535509,0.0053380737,0.005184828,0.0050755343,0.0050722593,0.005195037,0.005152551
PalmarPinch,0,49,0,0.7466447,0.7354106,0.72709745,0.71771663,0.71526444,0.71013826,0.70373803,0.7035103,0.703044,0.70056075,0.7065593,0.705899,0.7069775,0.71097696,0.71071804,0.7155728,0.71652824,0.7120698,0.7130786,0.7062904,0.70527244,0.6895161,0.6878455,0.67668104,0.667693,0.6514239,0.6418862,0.62745297,0.6153287,0.6016279,0.58888316,0.5791058,0.56508654,0.5550046,0.5479277,0.5382597,0.53247064,0.5196374,0.51322734,0.5044964,0.4956107,0.48744038,0.4771661,0.46696118,0.45263112,0.43764693,0.4231916,0.4050574,0.38633534,0.36519212,0.3398425,0.3213387,0.29478487,0.26965636,0.24345921,0.2180256,0.19205326,0.16676033,0.14164166,0.116943315,0.09622895,0.07788946,0.058328554,0.04344428,0.04357855,0.05644593,0.07462655,0.09079922,0.114417724,0.13679995,0.15825176,0.181772,0.20630637,0.22915494,0.25363734,0.27692646,0.30232084,0.32762402,0.3515014,0.37697455,0.4025468,0.42521057,0.4529176,0.47282967,0.495244,0.5147941,0.5340795,0.55195546,0.56901157,0.58324325,0.5941143,0.60780436,0.61346,0.6247074,0.629874,0.6363244,0.64148414,0.6457021,0.65139735,0.6591469,0.0028412861,0.0029489994,0.0029884954,0.003088752,0.0031815025,0.0033545168,0.0033810483,0.0035518804,0.003656401,0.0037089803,0.0038068448,0.0039875517,0.004155125,0.0043821214,0.004524786,0.0047512315,0.004907127,0.0051045395,0.0053055626,0.005611317,0.0058277603,0.0060513583,0.0062346025,0.0063906754,0.006659448,0.0067989947,0.0069316304,0.0070395204,0.007252264,0.007283777,0.0074538537,0.0076265116,0.007866446,0.008072329,0.008367661,0.0087695075,0.009200698,0.009697657,0.010118058,0.010796468,0.011394709,0.012140047,0.012896346,0.013700801,0.014378625,0.0150234215,0.015935207,0.016689586,0.017461067,0.018188374,0.018919518,0.019836728,0.020630818,0.02133909,0.021742659,0.022242762,0.02254629,0.022731123,0.022788413,0.023074877,0.023124343,0.023397366,0.023504289,0.023785735,0.023938635,0.024132647,0.02439902,0.024388023,0.024266105,0.024159797,0.023593334,0.023042543,0.02247706,0.021668587,0.020721974,0.019853141,0.019083397,0.018361796,0.017740613,0.017089184,0.016475838,0.015816238,0.015173521,0.014400002,0.013550316,0.012536936,0.011366855,0.010242144,0.009083188,0.008213801,0.0073357695,0.006675038,0.006070095,0.005535381,0.005311744,0.005182993,0.005040431,0.005079485,0.0050792173,0.005131489
PalmarPinch,0,50,0,0.74628973,0.7342566,0.72649086,0.71794766,0.7155312,0.71100676,0.7044018,0.70337296,0.7024274,0.7006059,0.7055772,0.70575774,0.70707643,0.7093805,0.7094867,0.7149084,0.71776843,0.7119624,0.7132755,0.7053478,0.70559585,0.68913186,0.68828344,0.6774005,0.66270447,0.65537417,0.641765,0.62685823,0.6136329,0.6006275,0.5906479,0.58020425,0.56731284,0.5556056,0.545595,0.5354587,0.5322775,0.51870763,0.5130127,0.502887,0.49636373,0.48596445,0.47540852,0.46476632,0.45294848,0.4355393,0.42304274,0.40492675,0.3856028,0.36423197,0.34165257,0.318795,0.29356274,0.26990506,0.2432884,0.21823081,0.1930661,0.16708654,0.14305907,0.11798521,0.09534844,0.07357414,0.058417637,0.043222472,0.04471233,0.05669471,0.073692836,0.0930141,0.11406276,0.13821931,0.15751827,0.18286687,0.20485844,0.22967686,0.25392944,0.27838796,0.30159116,0.32629848,0.35021383,0.37695688,0.40121764,0.42537472,0.45104367,0.47338185,0.49603304,0.5144078,0.5336829,0.5510099,0.56669384,0.5815978,0.59416395,0.6071284,0.6142304,0.6247328,0.6314638,0.6371113,0.64110404,0.64793545,0.6507741,0.6601195,0.002832944,0.0030060946,0.0030482467,0.003083775,0.003195113,0.0033277022,0.003382862,0.0034464719,0.0035774026,0.0036465984,0.003812004,0.0040408806,0.0041803094,0.0043093986,0.004449841,0.0047346465,0.0049850587,0.005139681,0.0054008067,0.0055427547,0.005850164,0.0060163457,0.006248004,0.0064513613,0.006684783,0.006906795,0.0070408783,0.0071663777,0.0072801844,0.007358815,0.007564828,0.0077361837,0.007961323,0.008219581,0.008566825,0.008914205,0.009371012,0.009838394,0.010505463,0.011157297,0.0117870355,0.012482303,0.01318003,0.01394175,0.014732643,0.015509188,0.016425006,0.017153684,0.017956832,0.018795853,0.019587008,0.020329552,0.02117111,0.021738,0.02214986,0.02264009,0.022852631,0.023017628,0.023165213,0.023348939,0.023464877,0.023540203,0.023779811,0.024129942,0.024351962,0.024444055,0.024680339,0.02457113,0.02469309,0.024423992,0.02391437,0.023181891,0.022553872,0.021780638,0.020803422,0.019949153,0.019111145,0.018347112,0.017775413,0.017105179,0.016502062,0.015943835,0.015191328,0.01438217,0.0135196475,0.012488855,0.01136051,0.010168465,0.009054666,0.0081754895,0.007410202,0.006713919,0.006064069,0.0056408127,0.0053961272,0.005252185,0.005132763,0.005166453,0.005193302,0.0051248297
PalmarPinch,0,51,0,0.74624175,0.73549396,0.72810835,0.7177848,0.7165253,0.70966023,0.70370936,0.70341206,0.7031475,0.7002464,0.7069146,0.70591867,0.70730823,0.7102405,0.71129715,0.71451813,0.71662027,0.71382564,0.71256834,0.7080283,0.7045969,0.69595534,0.68904966,0.6778854,0.6664553,0.65074813,0.6426631,0.62623584,0.61386424,0.600738,0.59160256,0.57665664,0.5673916,0.55462193,0.5474423,0.5353945,0.5291086,0.5182836,0.5115764,0.5042332,0.4957231,0.48582593,0.4744566,0.4661276,0.45224717,0.43659905,0.42352977,0.40538788,0.38599023,0.3635868,0.3417455,0.31719464,0.2949489,0.26969647,0.2432195,0.21820486,0.19195816,0.16701552,0.14275749,0.11613656,0.096826404,0.0737629,0.05850066,0.04458323,0.043045837,0.056357756,0.07516276,0.09445254,0.11514516,0.13700926,0.159631,0.18289703,0.20610867,0.23215096,0.25410917,0.2789995,0.30307722,0.32827118,0.35263503,0.37701717,0.40153396,0.42668194,0.45037133,0.4739184,0.49161285,0.5133694,0.5333907,0.55152243,0.5672736,0.5834279,0.59353995,0.6077231,0.6143955,0.62266815,0.6296286,0.6383912,0.6408034,0.6460711,0.6527696,0.6578784,0.0029108592,0.0029674023,0.0030897402,0.0031802233,0.0031984586,0.003305651,0.0033943532,0.0034787813,0.0036684314,0.003743549,0.0038719906,0.0040652365,0.004249553,0.004517321,0.004701752,0.0048678154,0.0051240833,0.005324687,0.005498306,0.0056965896,0.0059513403,0.0061287154,0.006364072,0.00657419,0.0067722774,0.007006992,0.007186912,0.007223659,0.007320785,0.0074481163,0.0076759495,0.007833429,0.008051068,0.008226894,0.008581748,0.008999947,0.0093082115,0.009855868,0.010353371,0.011009192,0.011688685,0.0123100225,0.01312112,0.013894569,0.014716577,0.0155193135,0.016366024,0.017158628,0.018018316,0.018814588,0.019588329,0.020411266,0.021207042,0.021901084,0.022290036,0.022835726,0.023088243,0.023267917,0.023331864,0.023533672,0.02363742,0.02375698,0.023967383,0.02430943,0.02456363,0.02465063,0.024797142,0.024856811,0.024870107,0.024667382,0.024076154,0.023468655,0.02272888,0.021906521,0.020977013,0.020059654,0.019288145,0.018523246,0.017903946,0.017376592,0.016691836,0.016130865,0.015390093,0.014576645,0.013656676,0.012676013,0.011519737,0.010368971,0.009304107,0.0083201835,0.0075328797,0.006881517,0.0062567913,0.005752314,0.005446292,0.0053083478,0.0052639693,0.0052179815,0.005215209,0.005184092
PalmarPinch,0,52,0,0.7442014,0.73342186,0.7261453,0.7168171,0.716029,0.7099742,0.70544636,0.70292807,0.7006825,0.70040095,0.70472234,0.70732516,0.7060443,0.70896864,0.710355,0.7145691,0.7176682,0.71368456,0.713747,0.70540243,0.70404,0.6896682,0.6886003,0.6773188,0.6620681,0.6544003,0.6405632,0.6264132,0.6143045,0.6016043,0.5866528,0.57897884,0.56463116,0.5572629,0.5460891,0.5334987,0.5305295,0.5186868,0.51099503,0.50450367,0.49480727,0.48548952,0.4739504,0.46500465,0.45311174,0.4383956,0.41994756,0.40554985,0.38477427,0.36443347,0.3413747,0.31928343,0.29327023,0.26850864,0.24321443,0.21752326,0.19183032,0.16760512,0.14284453,0.11688228,0.09635166,0.075321995,0.0569416,0.04503261,0.044634726,0.056735862,0.07449865,0.09379635,0.11571431,0.13710077,0.15928492,0.18232027,0.20617932,0.22962447,0.25500238,0.27696943,0.30267027,0.32626155,0.35273668,0.3755813,0.40269586,0.42582956,0.45266372,0.47487617,0.4957457,0.5146454,0.5342383,0.5526307,0.56690645,0.5826879,0.5961338,0.60787463,0.61611944,0.62550193,0.62919533,0.6375619,0.6415291,0.6453739,0.6517905,0.6598606,0.0029810711,0.0030504041,0.00313543,0.003281433,0.0033148264,0.0033512374,0.0035023126,0.0036301974,0.0037362787,0.0038585896,0.0039304364,0.0041431678,0.0042949906,0.004431772,0.0046076495,0.0049021193,0.00516113,0.0053781522,0.005579808,0.0057846876,0.006070468,0.0061853523,0.006435812,0.0066697625,0.006868562,0.0070100185,0.007134515,0.007220288,0.007381865,0.0075102514,0.0076188906,0.0077757034,0.007927123,0.008226625,0.008429409,0.008885869,0.009332832,0.009867859,0.010318437,0.011064212,0.011714038,0.012417119,0.013064614,0.013921876,0.01471852,0.015483689,0.016356075,0.017095376,0.017935129,0.018789716,0.019513637,0.020307282,0.021161232,0.021773174,0.022313839,0.02276365,0.022980355,0.023176143,0.023252048,0.023557277,0.023529748,0.023787204,0.023963379,0.024311328,0.024466017,0.024645895,0.024794824,0.024866499,0.02475648,0.024578314,0.024066558,0.023392402,0.022700766,0.02194549,0.02098909,0.020058505,0.0192709,0.018551007,0.017948912,0.017360467,0.016678318,0.016042588,0.015373101,0.014498653,0.0136227235,0.0126568945,0.011506338,0.010383756,0.009161555,0.008295339,0.0075015,0.0067991232,0.00618309,0.005732435,0.0054000476,0.00526401,0.0052191513,0.0051171067,0.005204806,0.0051533612
PalmarPinch,0,53,0,0.7470674,0.7344681,0.72715527,0.7176389,0.7163077,0.70918393,0.70655215,0.7038814,0.7025404,0.7006276,0.7062588,0.7061621,0.70570916,0.70982486,0.7113674,0.71422577,0.7179263,0.7143864,0.7144218,0.7063357,0.70545614,0.689256,0.68775475,0.67767775,0.66244566,0.65337795,0.6419674,0.6293162,0.61459464,0.6018922,0.59121144,0.5761845,0.56625676,0.5558004,0.5432795,0.5360522,0.5315243,0.52054447,0.5100656,0.50456554,0.49723455,0.48651168,0.47652537,0.46555597,0.45365307,0.43938845,0.42147076,0.40474615,0.3843122,0.36439082,0.341548,0.31832856,0.29363436,0.26790717,0.24243496,0.21785413,0.191969,0.16655183,0.14194717,0.11732411,0.0959505,0.07346522,0.057846002,0.04569218,0.044919837,0.057057396,0.07456964,0.093696274,0.11460762,0.13523969,0.16025716,0.18248338,0.20556591,0.22878411,0.25206563,0.27686128,0.30249372,0.32780847,0.3525466,0.37611052,0.40267912,0.42594352,0.4529237,0.47411564,0.49504745,0.51241106,0.5326627,0.55223024,0.56754005,0.5823443,0.5939195,0.608318,0.61374253,0.6245433,0.6295893,0.63582754,0.642996,0.64545465,0.6522936,0.6577661,0.0030191476,0.003056148,0.003114926,0.0032912022,0.0033827734,0.0034094313,0.003495981,0.0035974619,0.0037073055,0.003835814,0.0039531016,0.0041282545,0.0043055997,0.0045148414,0.0046476764,0.0048912563,0.005220318,0.0053628096,0.00555214,0.005780046,0.005990827,0.00618329,0.0063204654,0.006552016,0.0068496726,0.006956683,0.0071310713,0.0072479486,0.007341776,0.007462393,0.0076209223,0.007862694,0.008090735,0.00828624,0.008622033,0.00910959,0.009428311,0.009982706,0.01048081,0.011193217,0.01182045,0.012489066,0.013162429,0.013945355,0.014742332,0.01554264,0.016388468,0.017087799,0.01795214,0.018731188,0.019486979,0.020279687,0.021031922,0.021633225,0.021996304,0.022539038,0.022875426,0.023057766,0.023140017,0.023404635,0.023309065,0.023618326,0.02386583,0.024298752,0.024391059,0.024582313,0.02472398,0.024713675,0.024745855,0.024535742,0.024061132,0.023210552,0.022552423,0.02180194,0.02089916,0.020091347,0.019251747,0.01848829,0.017953398,0.017428186,0.01683347,0.016206095,0.015504512,0.014648901,0.013779489,0.012741426,0.011600622,0.010492359,0.009295922,0.008446057,0.0075878147,0.0068650763,0.0062906453,0.0057254387,0.005509707,0.005411547,0.005310716,0.00524556,0.00530877,0.0052368026
PalmarPinch,0,54,0,0.74603057,0.7343778,0.72706705,0.71694505,0.7145734,0.7088803,0.7043428,0.7037131,0.70332813,0.6990133,0.70537853,0.7078414,0.708506,0.7110073,0.7100361,0.714381,0.7169158,0.71286243,0.71547335,0.70731604,0.70634097,0.69933176,0.6892479,0.6787854,0.6658809,0.6521306,0.64123267,0.6261846,0.6143892,0.6008957,0.58965456,0.58056235,0.5665018,0.55640906,0.5449011,0.5365407,0.5310396,0.5196706,0.5110197,0.50449145,0.49513853,0.48619798,0.4748886,0.463872,0.45387837,0.43776318,0.42252555,0.40498927,0.3842999,0.36452067,0.34092847,0.31830892,0.2927073,0.26886645,0.24287297,0.21753621,0.19119103,0.16678043,0.14239612,0.11618214,0.096586004,0.074984856,0.05684156,0.04486355,0.04562637,0.057179958,0.07331595,0.09367513,0.11311332,0.13578624,0.15796158,0.18229446,0.20406541,0.22940236,0.2533919,0.2761937,0.30090046,0.32650042,0.35174182,0.37700763,0.4014265,0.42526343,0.45141774,0.47310883,0.4939879,0.51526153,0.53346604,0.5529819,0.5676959,0.583207,0.5947495,0.60579276,0.6135268,0.6234313,0.6288292,0.63525146,0.6427427,0.6463144,0.65129685,0.6594653,0.0029775123,0.0029931406,0.00314745,0.003175657,0.0033628182,0.0034036778,0.0034642045,0.003560827,0.0037224335,0.003783649,0.003943114,0.0041580047,0.0043202234,0.004502241,0.00463929,0.00486243,0.005122215,0.0053477995,0.005643872,0.0057759695,0.0060279113,0.0062854476,0.006505018,0.0066544376,0.006929001,0.0071091065,0.007202079,0.0073586092,0.007534806,0.007600063,0.007694713,0.007902695,0.008144516,0.008359234,0.008611579,0.0091182925,0.009582766,0.009961737,0.010453904,0.011188321,0.011833296,0.012466558,0.013208397,0.013936869,0.014745871,0.015567483,0.01634901,0.017062452,0.017935323,0.018745678,0.019522812,0.020210167,0.021095179,0.02162618,0.022130214,0.022571998,0.02275137,0.022998119,0.023073055,0.02322396,0.023346001,0.02350981,0.023693394,0.02403884,0.024148412,0.024344563,0.02455898,0.024536619,0.024540825,0.02439307,0.023912739,0.023219783,0.022523414,0.021756938,0.020899791,0.020019563,0.019261384,0.018527072,0.017949885,0.017429626,0.016699234,0.016303042,0.015546085,0.0147384945,0.013797165,0.0128519,0.011672527,0.01060358,0.009371292,0.0084930295,0.0076610916,0.006954233,0.0063278335,0.0058505377,0.0055472758,0.00542821,0.005244107,0.005223867,0.005271069,0.0051622754
PalmarPinch,0,55,0,0.7455344,0.733869,0.72691983,0.7184898,0.7159628,0.70923007,0.7035222,0.7038995,0.70154816,0.7017511,0.70389646,0.7066687,0.7074658,0.7107482,0.71104485,0.71446323,0.71787703,0.7133075,0.71510065,0.7071229,0.70505804,0.6993735,0.6886939,0.67749137,0.66533256,0.6506916,0.64382154,0.6270986,0.61416835,0.6031265,0.5906584,0.579316,0.56645536,0.55617297,0.5459746,0.5385135,0.52842504,0.5186932,0.51076216,0.504195,0.49467254,0.48725393,0.47367623,0.46515024,0.45315075,0.43743375,0.42189968,0.40520203,0.38476548,0.36540282,0.33990267,0.31928736,0.29268715,0.26774642,0.24250369,0.21733396,0.19224638,0.16713783,0.14257194,0.11804994,0.09710861,0.075296976,0.058530115,0.046540543,0.044609778,0.055968687,0.073418014,0.0925161,0.11259476,0.1367081,0.1568622,0.18166308,0.2038149,0.22816506,0.25245202,0.27740103,0.30186236,0.32607025,0.35144928,0.3770174,0.4016967,0.42530817,0.45087048,0.4746034,0.49405667,0.51633334,0.53272265,0.5516462,0.5688573,0.58321494,0.59562063,0.60851324,0.61354077,0.62466383,0.63154113,0.6359585,0.6423912,0.645152,0.6514656,0.6582588,0.0027883742,0.0029264623,0.0029548428,0.0031644383,0.003192656,0.0032404528,0.0033636002,0.003438561,0.0036435302,0.0037093605,0.0038367268,0.00397719,0.0041885655,0.004467845,0.004592128,0.00476085,0.005039842,0.0052872663,0.005641784,0.0057998947,0.0060893544,0.0062535824,0.0064920806,0.0066880416,0.006878185,0.0070497356,0.00722858,0.0073517244,0.0074932287,0.007578954,0.0077205244,0.007919575,0.008122987,0.008388696,0.008663137,0.009144562,0.009498047,0.009888581,0.01050288,0.011121708,0.011803312,0.0126018375,0.013225408,0.014010969,0.0148433,0.015606648,0.016378012,0.017169766,0.018023334,0.01880415,0.01941815,0.020322205,0.02106734,0.021764362,0.022131078,0.022619456,0.022889897,0.022986865,0.02311318,0.023246557,0.023391988,0.023436002,0.023629567,0.023963287,0.024109654,0.024299271,0.024506139,0.024400264,0.02444231,0.024200968,0.023723053,0.023106264,0.022443632,0.021641908,0.020734183,0.019990908,0.019136561,0.018414633,0.017929574,0.017378945,0.016741564,0.01615489,0.015477483,0.014668207,0.0137924915,0.012884105,0.011627964,0.010581933,0.009357989,0.008473127,0.0076739187,0.006987775,0.00635677,0.005812179,0.0056058597,0.005420442,0.0053264857,0.0053283297,0.0052805855,0.005232994
PalmarPinch,0,56,0,0.74616945,0.7339691,0.7267131,0.71701145,0.7161239,0.7105088,0.70463103,0.70214754,0.70362365,0.7011721,0.7074303,0.7062502,0.70798683,0.71102357,0.7129009,0.7142091,0.7175843,0.7124208,0.7131016,0.70805776,0.70621383,0.691374,0.6884061,0.6787355,0.66492134,0.6545975,0.64137274,0.6274111,0.6151331,0.60221076,0.592466,0.57912284,0.566453,0.55425936,0.546205,0.5361584,0.52979916,0.52088904,0.5111797,0.5037017,0.49571922,0.48693606,0.4768239,0.46568468,0.45360208,0.43698835,0.42321342,0.4039813,0.38361922,0.36605754,0.33956072,0.3189005,0.29353952,0.2683291,0.24232231,0.2177841,0.19106588,0.16684538,0.14282806,0.11679622,0.0967553,0.07557836,0.058512967,0.044535693,0.045225184,0.05592088,0.074079625,0.09192174,0.11387696,0.13599482,0.15713474,0.17998211,0.20411676,0.22858772,0.253047,0.27627388,0.30231342,0.32492316,0.35118318,0.37636864,0.39926264,0.4259591,0.45212173,0.47515306,0.49494344,0.5134022,0.53348815,0.55274004,0.56786686,0.58234185,0.5940588,0.60873836,0.61420846,0.6261642,0.6308929,0.63736147,0.640924,0.64661336,0.6516958,0.6596912,0.0028693266,0.0028992894,0.0029868365,0.0031675545,0.0032113206,0.0033153954,0.0034332653,0.0035320772,0.0037048098,0.0037425382,0.0038996795,0.0040942477,0.004286399,0.004375667,0.0046782866,0.0048464225,0.005158578,0.005252007,0.005535911,0.0057524308,0.00606189,0.006245488,0.006446431,0.0066298535,0.0069252527,0.0070888046,0.007200024,0.00724378,0.007463697,0.0075018923,0.007713727,0.007790552,0.008052245,0.008333955,0.008544712,0.009040082,0.009446152,0.009862715,0.010408751,0.011075472,0.011711999,0.012414227,0.013225234,0.01395311,0.014584557,0.015554146,0.016295409,0.017077114,0.01794101,0.018728063,0.019444425,0.0202595,0.021030765,0.021646285,0.022138262,0.022554465,0.022834927,0.022906719,0.023064243,0.023177706,0.023200395,0.02343996,0.023596615,0.023960821,0.024031866,0.024291566,0.024371674,0.024460914,0.024413597,0.024225403,0.023699317,0.023169674,0.022518044,0.021754386,0.020838598,0.020055793,0.019241396,0.018480223,0.017969433,0.017394625,0.01671551,0.016203495,0.015513894,0.014753965,0.013835935,0.012908048,0.011725484,0.010602902,0.009421249,0.008486452,0.007670151,0.006988097,0.0063916645,0.005828805,0.005523649,0.005410025,0.005236007,0.005272855,0.005220451,0.005175713
PalmarPinch,0,57,0,0.7454091,0.73506373,0.7271742,0.7181252,0.7149067,0.7105819,0.70474553,0.70285535,0.7028268,0.7018761,0.7057707,0.7070901,0.7052036,0.7100946,0.7115739,0.71557206,0.7175276,0.7127816,0.71260685,0.7068314,0.70533174,0.6989013,0.68992734,0.67823505,0.6653517,0.6505761,0.64260095,0.6272732,0.6152956,0.6024008,0.5891461,0.5772635,0.5665003,0.55582905,0.54713094,0.53421885,0.53281695,0.51849854,0.5116603,0.50401366,0.49561673,0.4869455,0.47464818,0.46467155,0.45384178,0.4371366,0.42263526,0.4046175,0.38512498,0.3634815,0.34044993,0.3195804,0.2927883,0.26799658,0.24182647,0.21756096,0.19174421,0.16692391,0.14264695,0.11798096,0.09665055,0.07461045,0.057334702,0.046524305,0.046358112,0.05728561,0.07407155,0.09375399,0.11341142,0.13594136,0.15921576,0.18094762,0.20484307,0.22888012,0.2521391,0.276414,0.3023712,0.32672748,0.3509356,0.3762395,0.40361488,0.42403543,0.45324692,0.47309282,0.4950791,0.51358616,0.53353924,0.5510624,0.56599826,0.5835373,0.5942335,0.6050557,0.61300397,0.6242639,0.6301229,0.63597816,0.6420243,0.6448029,0.65119976,0.6589737,0.0028791288,0.0029981746,0.0030930727,0.00319524,0.0032495812,0.003385652,0.0034304315,0.0035992442,0.0037348594,0.0038005225,0.0039532697,0.0040733423,0.004230896,0.004436256,0.004676053,0.0048793415,0.005128859,0.0053389925,0.005561793,0.0057669985,0.006052572,0.0061770654,0.006471725,0.006639732,0.006808724,0.007019496,0.007206788,0.007238689,0.007444097,0.007518159,0.0077231857,0.0078020603,0.007987048,0.008324759,0.008652123,0.009048934,0.009460812,0.009882919,0.010476652,0.011118125,0.011812883,0.012511939,0.013178028,0.013978276,0.014728233,0.015550927,0.016333358,0.017146477,0.01789505,0.018703856,0.019437138,0.020263957,0.020993868,0.0215388,0.02199014,0.022519419,0.02274945,0.02288698,0.023038408,0.023192871,0.023154093,0.023376131,0.023497673,0.02384261,0.024034493,0.024253435,0.024363585,0.024384333,0.02432997,0.024100147,0.023720954,0.023063406,0.022396175,0.021628227,0.02074708,0.019908596,0.019121356,0.018396847,0.017816104,0.017282505,0.016647514,0.016081205,0.015484212,0.014637733,0.013737683,0.012780611,0.011624472,0.010449353,0.00928828,0.008415366,0.007597417,0.0069055464,0.0062893867,0.005734536,0.005518556,0.005376445,0.005238812,0.005263279,0.0052860533,0.0052230065
PalmarPinch,0,58,0,0.74582696,0.7354352,0.72788775,0.7171472,0.7155559,0.71102804,0.70363665,0.7054132,0.7008029,0.70139235,0.7042046,0.7077379,0.70764285,0.70981836,0.7123699,0.71592647,0.71896744,0.7126051,0.7144694,0.70677763,0.70590836,0.6999788,0.6878735,0.6770684,0.6661599,0.6524896,0.64182454,0.6268577,0.6154874,0.60197467,0.5896265,0.57806545,0.56707424,0.55308133,0.54703075,0.5347464,0.53356594,0.5176488,0.5120986,0.50381213,0.49645832,0.48568967,0.47435448,0.46514383,0.45191398,0.43705538,0.4208609,0.40368724,0.38443527,0.3627907,0.3390665,0.3192064,0.29272124,0.2677395,0.24207391,0.21701828,0.19112226,0.16679353,0.14226702,0.11803371,0.096519895,0.07503532,0.058233853,0.04486028,0.04583808,0.057736974,0.0744845,0.09268786,0.11375649,0.13585272,0.15678325,0.18203527,0.20434465,0.22959588,0.2530517,0.27752405,0.30153388,0.32618257,0.35146344,0.37450346,0.4031593,0.42514348,0.44941682,0.47140056,0.49412528,0.5151719,0.53378814,0.55080485,0.56775254,0.58213234,0.59474146,0.6064344,0.6128551,0.6230454,0.6293635,0.6337977,0.64323896,0.64448583,0.6518599,0.65744793,0.003013728,0.0030799003,0.003200369,0.0032340614,0.0032709418,0.003434924,0.0034168896,0.0035957021,0.003660066,0.0037509007,0.0038494815,0.0040873466,0.004255683,0.00438942,0.004548696,0.0047842595,0.005067928,0.005170273,0.0054696766,0.005752956,0.006002822,0.0061715874,0.006344792,0.006619342,0.006832422,0.006935783,0.0071531003,0.0072772196,0.0073713553,0.007503049,0.007686714,0.007853127,0.008047504,0.00833923,0.008613465,0.00897911,0.009525523,0.00985897,0.010431639,0.011161975,0.011843982,0.012496911,0.013210433,0.0140547,0.014840502,0.015600741,0.01643069,0.017183404,0.018034324,0.018828336,0.019655382,0.020472685,0.02126279,0.021889368,0.022236014,0.022660268,0.022927323,0.022912024,0.023028668,0.02310835,0.023144241,0.02326633,0.023505826,0.023762293,0.023906875,0.024102626,0.024274275,0.02437381,0.02443681,0.02406312,0.023595065,0.022982065,0.022309363,0.021505332,0.020623295,0.019826742,0.018999163,0.018369885,0.017848186,0.017153427,0.016609773,0.015974857,0.015321369,0.014402157,0.013573314,0.012613299,0.011509382,0.010368578,0.009231236,0.008380252,0.0075368937,0.006866498,0.0062183407,0.00568131,0.0054222452,0.005300896,0.005168423,0.0051896432,0.0051755034,0.0051776
PalmarPinch,0,59,0,0.7460719,0.73457396,0.7273782,0.7186366,0.71629894,0.70957917,0.7049998,0.7043969,0.70047975,0.7020285,0.7067667,0.7061487,0.70592844,0.71056217,0.71297854,0.7159583,0.7171247,0.7133937,0.7124237,0.7052002,0.7056144,0.6902224,0.6892093,0.67663014,0.66395235,0.6536256,0.6403868,0.6273,0.61396587,0.6024169,0.59145796,0.57766575,0.567107,0.55442065,0.5477705,0.5336713,0.5313398,0.5196682,0.5093872,0.50535566,0.49534506,0.48570466,0.47562423,0.4652903,0.45401213,0.43757662,0.42216042,0.40392596,0.3843522,0.36411196,0.3405469,0.31954682,0.2920901,0.2678552,0.2415125,0.2174584,0.19044994,0.16675356,0.14138603,0.11588279,0.096341394,0.075216204,0.05718318,0.045810368,0.045819186,0.05669263,0.07476166,0.093739256,0.114879526,0.13517974,0.15823494,0.18140084,0.20461468,0.22859542,0.25276867,0.2761633,0.3009432,0.32674304,0.3517152,0.37516356,0.4022613,0.42730546,0.45168075,0.4748877,0.4952557,0.51492006,0.5333881,0.5512039,0.5666743,0.5840993,0.5941198,0.6074476,0.6151287,0.6247999,0.6287143,0.6371491,0.64001936,0.64472413,0.6512202,0.6568847,0.0030732441,0.003126917,0.0033251788,0.003347094,0.003477336,0.0034929204,0.003614956,0.0037233133,0.0038365468,0.0039169714,0.0040235384,0.004157179,0.0042443685,0.004485333,0.004627414,0.004874149,0.005075197,0.0052631814,0.0054046465,0.0056685167,0.0059167813,0.006036061,0.006253846,0.0064270715,0.0067165643,0.0068285265,0.0070005585,0.0070456318,0.0072550965,0.007334862,0.0075765243,0.007669087,0.007904249,0.008089026,0.008441768,0.008918232,0.009253215,0.009720548,0.010221158,0.010952812,0.011650182,0.012378233,0.0131398,0.013892738,0.014798252,0.015487098,0.016258841,0.017106557,0.017944492,0.018757483,0.019467011,0.02033673,0.02103467,0.021817245,0.022103244,0.022610972,0.022856936,0.022985993,0.023076234,0.02331631,0.023423795,0.023541762,0.0239116,0.024148574,0.024343325,0.024502104,0.024724824,0.024681745,0.024741841,0.02457748,0.024112035,0.02340813,0.022696702,0.021944039,0.021024814,0.020258762,0.019439729,0.018718544,0.018175181,0.017509814,0.016934102,0.016327133,0.015666036,0.014666707,0.0138671575,0.012852099,0.011662336,0.010491824,0.009310014,0.008407328,0.00760727,0.0069313403,0.006241685,0.0057312883,0.005512881,0.0053777657,0.005158946,0.005207281,0.00518066,0.005104453
2FingerPinch,0,0,1,0.7463746,0.736929,0.7286362,0.71972823,0.71754414,0.7119893,0.7055552,0.7057866,0.702941,0.70247525,0.7052087,0.707769,0.7082394,0.7115561,0.7136123,0.71712744,0.7175802,0.71492416,0.7114001,0.7041702,0.7020199,0.6863793,0.6850318,0.6736366,0.66113365,0.6471406,0.6364571,0.62141895,0.6082576,0.59637904,0.58490664,0.5724875,0.55826426,0.54642373,0.53793585,0.5273403,0.52251595,0.51080376,0.50092506,0.49360546,0.48674425,0.47748366,0.466953,0.45757884,0.443863,0.4286931,0.41301817,0.39743337,0.37796277,0.35694748,0.3349568,0.31300595,0.28932232,0.26436535,0.23903185,0.21434061,0.18957354,0.16527121,0.1416068,0.11570582,0.09721531,0.07649982,0.060042903,0.049488124,0.048779953,0.060601193,0.07772586,0.09665435,0.11712548,0.14008327,0.16107619,0.18632425,0.20826848,0.23249978,0.25712982,0.2812684,0.3052874,0.3322578,0.35641414,0.37995094,0.40576202,0.43029326,0.4560989,0.47712696,0.49815792,0.51670945,0.53480136,0.5521578,0.5680211,0.5838348,0.5957814,0.6085277,0.6140966,0.6248135,0.6318544,0.6337451,0.64199173,0.64497924,0.65138596,0.6594514,0.0034616496,0.0035451376,0.0035175246,0.003525798,0.0035910304,0.0035862364,0.0035963296,0.0036901028,0.0036627708,0.0038014303,0.0039225877,0.004030406,0.004188028,0.00433659,0.004477196,0.004718254,0.0048500206,0.0050926567,0.005378607,0.0056776614,0.0057869977,0.0060359673,0.006232654,0.0064392253,0.0067518447,0.0069140363,0.007041572,0.007113821,0.007291456,0.007468842,0.0076216734,0.007877045,0.008077544,0.008281329,0.008485242,0.009108891,0.009542933,0.010201991,0.0106216995,0.011382486,0.012180777,0.012946469,0.013678148,0.014574218,0.0152853215,0.015933964,0.016880522,0.017726202,0.018684391,0.019591868,0.020510316,0.021337705,0.022090703,0.02278989,0.023420502,0.023858316,0.024173148,0.024230974,0.024311434,0.024687162,0.024727646,0.024911871,0.02518377,0.025580548,0.02562868,0.025680773,0.025722565,0.025690453,0.025662787,0.02527011,0.024562964,0.023845911,0.022946935,0.022083752,0.020930892,0.020083914,0.019053802,0.018283343,0.01761322,0.017053952,0.01629389,0.01575719,0.015026561,0.013977323,0.013104266,0.012071919,0.010942963,0.009843886,0.008710326,0.007881463,0.0069536236,0.0063555646,0.0057873074,0.005332055,0.0050879125,0.0050010327,0.0050445953,0.0051147165,0.0050976146,0.005167665
2FingerPinch,0,1,1,0.7484353,0.7367792,0.7280194,0.7206665,0.7185768,0.71372646,0.70586985,0.7053281,0.7058668,0.7033713,0.7074636,0.7083554,0.7093848,0.71219474,0.71328956,0.71845835,0.7182093,0.714792,0.71395266,0.7073572,0.70526814,0.70024323,0.68669325,0.67534244,0.6630049,0.65043145,0.6379236,0.62477314,0.61165607,0.59780186,0.5853738,0.5718187,0.5609635,0.54792345,0.5393948,0.52944607,0.52401745,0.51191413,0.50543326,0.49492514,0.48746058,0.47850755,0.46694675,0.4577901,0.44599247,0.42874646,0.41482943,0.39806357,0.38053188,0.35728607,0.33641014,0.3138221,0.28924346,0.26498485,0.23930195,0.21396309,0.18806037,0.16394821,0.1405951,0.11346007,0.095062405,0.073276624,0.057612397,0.046758186,0.04676582,0.059200265,0.0774984,0.09797376,0.11949937,0.14027365,0.16300431,0.18754111,0.20965743,0.23370537,0.25836074,0.28292322,0.30772272,0.33224797,0.3567599,0.37950566,0.4065088,0.42999142,0.4551789,0.47732523,0.4981799,0.5149144,0.53563166,0.55322975,0.5676037,0.58411694,0.5942023,0.60942084,0.6154579,0.62444276,0.62949556,0.63658243,0.6427237,0.64673984,0.6518547,0.65878975,0.0033015234,0.0033214248,0.0033418161,0.0033856344,0.0034885851,0.0035310246,0.0036134846,0.003725579,0.0038001603,0.003909254,0.0039421017,0.0041016345,0.0043175328,0.004423665,0.004630675,0.004864478,0.005052187,0.005268863,0.0053598112,0.0055331127,0.0058635105,0.006044761,0.0061319917,0.006352096,0.0066429595,0.0067907744,0.0069836816,0.0070394613,0.007215293,0.007337916,0.0075909756,0.0077450066,0.008114463,0.008317402,0.008694806,0.009170822,0.0097251525,0.010216412,0.010918279,0.011598331,0.012273279,0.0130400825,0.013910069,0.014598921,0.015561748,0.016322374,0.01715425,0.018007383,0.018970773,0.019798549,0.020584883,0.021396032,0.022266783,0.02301409,0.023530437,0.02398451,0.024318263,0.024435466,0.024669541,0.024811808,0.024850013,0.024996474,0.02506642,0.025405072,0.025617931,0.025667805,0.025862005,0.025713673,0.02561554,0.025314866,0.02471838,0.023911843,0.023103064,0.022215098,0.020942092,0.019975984,0.019140009,0.01824893,0.017597117,0.01700239,0.016236333,0.015534411,0.0148446495,0.01390461,0.013044094,0.012046821,0.01086664,0.0097536575,0.008591452,0.0078076934,0.007117643,0.006475325,0.0058610276,0.0053741573,0.005254046,0.005172038,0.005173279,0.00521486,0.0052992594,0.0053388695
2FingerPinch,0,2,1,0.74713165,0.73858595,0.72963053,0.72042733,0.7166398,0.7116727,0.7073684,0.70627934,0.7041538,0.70385253,0.7069544,0.71214795,0.7085773,0.71289116,0.7134789,0.71898276,0.7204622,0.7147325,0.7165368,0.7059013,0.70573634,0.69928914,0.6886518,0.6779397,0.66520005,0.65065396,0.64126486,0.62454283,0.6126741,0.59796745,0.5885179,0.5730396,0.56395334,0.5530901,0.540453,0.531278,0.52629447,0.5124382,0.5048439,0.49936354,0.48921847,0.48051822,0.4698173,0.45804647,0.44743925,0.43047112,0.4175198,0.39934185,0.3794802,0.3587925,0.33697632,0.31438258,0.2888221,0.26402223,0.23902164,0.21324326,0.18771747,0.1641595,0.13931441,0.11374289,0.093129374,0.07214459,0.05412077,0.044394016,0.045028307,0.059057094,0.07709157,0.09693568,0.11799326,0.14007522,0.1646853,0.1854151,0.21008119,0.23459812,0.25745454,0.28287217,0.3051944,0.33005297,0.3559552,0.3802874,0.40463868,0.43149695,0.45597404,0.4746342,0.49653906,0.51576775,0.5337415,0.55282134,0.5685188,0.58470315,0.59682316,0.6100717,0.6156732,0.62621945,0.63059026,0.6356558,0.64278805,0.6464595,0.65369034,0.6582856,0.0031653068,0.0031930404,0.0032797242,0.0032852418,0.0034046369,0.0033893886,0.0034412716,0.003516937,0.0036056817,0.003737883,0.0037747398,0.0039707753,0.0040621967,0.0042005153,0.004341552,0.0046366043,0.004873937,0.005038458,0.0053998684,0.0055925567,0.0058125816,0.0059816325,0.006186033,0.0064286855,0.006746416,0.006875427,0.0070017115,0.0071483967,0.0073238797,0.0074249185,0.007622762,0.007893173,0.008134999,0.0084077,0.008740682,0.009200555,0.009663461,0.010197404,0.010780459,0.01157283,0.012256637,0.013028323,0.013725522,0.01448769,0.015384629,0.016172217,0.017066302,0.017874667,0.018659046,0.019530235,0.020383717,0.021112463,0.021994513,0.02265806,0.023068339,0.023544757,0.023839816,0.024150444,0.024312392,0.024572592,0.024649411,0.024827067,0.025050271,0.025411615,0.025545195,0.025675446,0.025765564,0.025750268,0.025624387,0.025271414,0.024613814,0.023932012,0.023034222,0.022106452,0.02094917,0.02004119,0.019137552,0.018347355,0.017721524,0.016979555,0.016295737,0.015635941,0.014831049,0.013792243,0.013074043,0.0120382495,0.010891323,0.009829913,0.008728305,0.0078931255,0.007196852,0.0065840804,0.006014979,0.0055799927,0.005399439,0.0052986904,0.005299131,0.0053872615,0.0054184883,0.0055373767
2FingerPinch,0,3,1,0.7483031,0.73597205,0.72980154,0.7195463,0.71842295,0.7121558,0.7060408,0.70480204,0.7048395,0.70240206,0.7088926,0.7077702,0.7100814,0.7125329,0.7143497,0.71770716,0.71935666,0.7154096,0.7159617,0.70656437,0.7068417,0.6999167,0.6894271,0.67843074,0.66759765,0.6493729,0.64281124,0.62520236,0.6116831,0.59928435,0.58588946,0.57469636,0.56314665,0.5508379,0.5417695,0.5341629,0.5245917,0.5139629,0.50629395,0.49816865,0.48905635,0.48086214,0.46833166,0.45991695,0.44712287,0.43129516,0.41485563,0.3974585,0.38138658,0.3601026,0.33480504,0.31338087,0.2889048,0.26396507,0.23845953,0.21312664,0.18815656,0.16322772,0.1381498,0.11418756,0.090773255,0.07129178,0.05361811,0.042019207,0.044540778,0.05844019,0.077669635,0.09618789,0.118728004,0.14067958,0.16288117,0.18585879,0.20965059,0.23356439,0.25788108,0.2814581,0.3068581,0.3307637,0.3566212,0.3800444,0.40515321,0.42656422,0.45619175,0.47723016,0.4974203,0.5167427,0.5335845,0.5518746,0.56856024,0.58374405,0.5969814,0.608956,0.61552167,0.6256967,0.63185835,0.63770497,0.6434839,0.6494029,0.65276605,0.6600756,0.0032247684,0.003222445,0.0033289876,0.0032863657,0.003416766,0.0034656224,0.0035159274,0.0035427443,0.0036354174,0.0037013888,0.0038569935,0.00403617,0.0041483603,0.0043434217,0.004477978,0.0047343443,0.0049446668,0.0050852583,0.005164154,0.0054137018,0.0056425906,0.005861085,0.0060434067,0.006259015,0.006518358,0.006705779,0.006883382,0.00702992,0.0072080987,0.00730446,0.0076411692,0.0077978945,0.008074851,0.008434591,0.008746479,0.009279921,0.00972254,0.010189899,0.010887072,0.011454667,0.012267558,0.013069177,0.013676626,0.0145735005,0.0154600125,0.016276704,0.01710497,0.017902452,0.018751254,0.019575562,0.02028723,0.021140555,0.021917928,0.022742784,0.023207122,0.023699334,0.023926917,0.024248183,0.024341144,0.024652516,0.024746927,0.024871217,0.025055429,0.02545065,0.025567105,0.02566791,0.025771849,0.025742909,0.025607612,0.025285525,0.024674261,0.023935242,0.023068158,0.022141982,0.021066537,0.020098915,0.019214729,0.018343588,0.017706204,0.017000759,0.016243976,0.015590374,0.01485986,0.013930589,0.01309242,0.0120774675,0.010876669,0.009691201,0.00856178,0.0078081265,0.0071139797,0.0064498964,0.0058896216,0.005458621,0.0053815856,0.005228594,0.0052625313,0.0053538373,0.0053709922,0.005453064
2FingerPinch,0,4,1,0.7496163,0.73786837,0.7297995,0.71997017,0.717474,0.7123419,0.70691407,0.708212,0.7042687,0.70494896,0.7079373,0.7075534,0.71024287,0.7111944,0.7139656,0.715882,0.7191953,0.7144295,0.71488225,0.70890385,0.7068381,0.70045036,0.6876084,0.6774852,0.6662914,0.64877415,0.6407118,0.6246171,0.6116791,0.59865,0.58661187,0.57341826,0.5619863,0.54981834,0.5436615,0.52884877,0.5256884,0.5117637,0.50573885,0.49752176,0.48852518,0.47893885,0.46855468,0.45720175,0.4460459,0.43019882,0.4139306,0.39919055,0.378452,0.35975924,0.33498865,0.31435964,0.288913,0.2646054,0.23874767,0.21375936,0.18780333,0.16409585,0.13985483,0.11314203,0.09364911,0.071028106,0.05525099,0.04362273,0.045755595,0.059703384,0.07760158,0.09584309,0.11810885,0.14009058,0.16173612,0.18639609,0.20994203,0.23405032,0.25786364,0.28096053,0.30529508,0.3298651,0.3549451,0.37960747,0.40612915,0.42983484,0.45538905,0.47535405,0.4968672,0.5166198,0.53438896,0.5540955,0.56860864,0.5853119,0.5972822,0.6065596,0.61625504,0.62538993,0.6319963,0.6380553,0.64128304,0.64782476,0.65288085,0.6605578,0.003321643,0.0033788506,0.0034359782,0.0034471494,0.0035477907,0.003556808,0.0036057485,0.0037228123,0.0038492118,0.0038390483,0.0039427336,0.004101958,0.004271939,0.0044192774,0.0046040886,0.004729775,0.005029858,0.005140929,0.0053354218,0.005591864,0.005832532,0.006005491,0.0061713145,0.0063836295,0.006702061,0.006824745,0.007026786,0.007091183,0.007359038,0.007457586,0.007683502,0.00794014,0.008176396,0.0085080555,0.008841134,0.0092341425,0.009688587,0.010272109,0.010782393,0.011537355,0.012206969,0.013034831,0.013721016,0.014500824,0.015360308,0.016221138,0.017064305,0.01789755,0.018794913,0.019502562,0.020223342,0.0210331,0.021783127,0.02254464,0.023019837,0.02346634,0.023756998,0.023981085,0.024189312,0.024434647,0.024483,0.024682708,0.024945533,0.025183585,0.025370132,0.025539825,0.025715573,0.02556328,0.025483852,0.025189072,0.024488749,0.023709513,0.022869457,0.021908434,0.02091411,0.019925406,0.019019734,0.018223757,0.017568974,0.016960915,0.016231982,0.015602239,0.014890625,0.013960631,0.013066226,0.012143968,0.011011429,0.00993087,0.008886134,0.008035927,0.0072979843,0.006664611,0.006107098,0.005738858,0.0055622985,0.0054784482,0.005451088,0.005456764,0.005548302,0.005604475
2FingerPinch,0,5,1,0.7485203,0.7386725,0.7292054,0.7200922,0.7184121,0.7124321,0.7060425,0.704575,0.7062191,0.7024879,0.70873386,0.708506,0.7087835,0.7118683,0.7140165,0.71528244,0.71799463,0.713178,0.71485627,0.7059222,0.7061151,0.6899689,0.68885523,0.678111,0.6630887,0.6488459,0.64039713,0.6246374,0.6121732,0.5990013,0.5852437,0.5738238,0.56458867,0.5491299,0.5419026,0.5301704,0.525996,0.51460594,0.50706077,0.4996523,0.48879293,0.47993666,0.46919852,0.4587612,0.44814122,0.4305891,0.41714284,0.39815122,0.37972182,0.35892949,0.33387414,0.3143748,0.28778023,0.2637839,0.23827882,0.21269776,0.1876324,0.16288242,0.13942505,0.11347344,0.09177533,0.0714435,0.055436436,0.04534072,0.047799334,0.059323613,0.07755957,0.098191,0.11796839,0.14017735,0.16332284,0.18689096,0.20912969,0.23348959,0.25829646,0.28219205,0.30601326,0.32995766,0.35542405,0.3802698,0.40474853,0.43034434,0.4540467,0.47798058,0.49656087,0.51634693,0.5355575,0.5533192,0.56878245,0.58480513,0.5958284,0.6092506,0.61369705,0.62491256,0.6303451,0.6367898,0.64279574,0.64663535,0.6534381,0.6607163,0.0032697343,0.003308633,0.003410305,0.0033711847,0.0034557579,0.0034911314,0.0034905532,0.0035996493,0.003797042,0.003765447,0.003865324,0.003978839,0.0041687177,0.004332484,0.0045030206,0.004723603,0.0049649817,0.005093484,0.0054379757,0.0055616694,0.0058405357,0.005980941,0.006231313,0.006404827,0.006674635,0.0068732672,0.0070764464,0.0071755303,0.007367116,0.007498875,0.007758581,0.007900308,0.008309105,0.008497658,0.00887331,0.009312158,0.009792636,0.01033296,0.010864849,0.011672056,0.012294153,0.012969936,0.013820847,0.014564314,0.015471734,0.016380047,0.017041242,0.017925702,0.018731182,0.019589717,0.020282427,0.021169493,0.021881945,0.02260128,0.02308008,0.023605555,0.023814086,0.024120905,0.02419448,0.024501275,0.024529444,0.024797166,0.024957584,0.025278265,0.025414752,0.025640596,0.025766011,0.025629561,0.025568256,0.02524165,0.024594272,0.023752537,0.023014138,0.022106702,0.021063399,0.020081552,0.019196086,0.018328505,0.017797962,0.017112466,0.016439311,0.015800564,0.015007868,0.014216612,0.013274548,0.012257736,0.011119202,0.009939767,0.008870366,0.008040114,0.007290393,0.0066424254,0.006073719,0.0056739887,0.0054039974,0.0053011132,0.0052827112,0.0053538773,0.0053853504,0.005526158
2FingerPinch,0,6,1,0.7486232,0.73731333,0.7284432,0.7205414,0.7184377,0.7120486,0.7061222,0.70678824,0.70369864,0.7032071,0.7046448,0.7099306,0.7087966,0.7129185,0.71353656,0.71848494,0.7188301,0.71407497,0.71348333,0.7074655,0.70668304,0.7006722,0.688223,0.67763305,0.6645352,0.6544914,0.64031786,0.62533855,0.612971,0.5995664,0.5874759,0.5743374,0.5637335,0.55229896,0.5432425,0.5309682,0.5269971,0.5125526,0.5058201,0.50099254,0.48982397,0.48110226,0.46904412,0.4601417,0.44753414,0.43211737,0.4167643,0.39757442,0.38007474,0.35947934,0.33505988,0.31343952,0.28788516,0.2639572,0.2382023,0.21322073,0.18726839,0.1625618,0.13813892,0.11389756,0.09199158,0.07099613,0.054190483,0.04553921,0.04662177,0.05943168,0.07721531,0.09761357,0.11889156,0.14122498,0.16326533,0.18665616,0.20999002,0.23355606,0.2582368,0.28086448,0.3070227,0.330356,0.35531107,0.3792803,0.40447408,0.42826405,0.45530114,0.47543907,0.4946385,0.51528466,0.53500956,0.5520181,0.56816643,0.5841131,0.5948393,0.6066478,0.6153222,0.62623096,0.62931204,0.63810915,0.6410225,0.64526033,0.65208435,0.65931785,0.003245007,0.0032488892,0.0032816576,0.0033866193,0.0034640364,0.0034450488,0.0034793646,0.0036436617,0.0037093197,0.0037649663,0.0038722123,0.003992766,0.00422614,0.004349338,0.0044327253,0.0047157262,0.0048782737,0.0050850743,0.0053044916,0.0055902908,0.005874466,0.005981816,0.0062170145,0.006420204,0.006590228,0.006804381,0.0069287145,0.0070223175,0.007220394,0.007377896,0.0076034255,0.007789385,0.008085345,0.008307079,0.008612493,0.009173649,0.009609264,0.010080651,0.0106745055,0.011399209,0.01201608,0.012775295,0.013548269,0.014401196,0.015134741,0.015965883,0.016819464,0.017565252,0.018479904,0.019232223,0.019938469,0.02088206,0.021650478,0.022424048,0.022930138,0.023394022,0.023601204,0.023878898,0.023968184,0.02419565,0.024398927,0.024555909,0.02483817,0.025074497,0.025159078,0.025399558,0.02551523,0.025501573,0.025332851,0.025046537,0.024414405,0.023520844,0.022836393,0.021916676,0.020829195,0.019886695,0.019008568,0.018153908,0.017614778,0.01703941,0.016339162,0.015727963,0.015054135,0.014202874,0.013300809,0.012400954,0.011267394,0.0101419985,0.009070749,0.00825872,0.007481082,0.0068333,0.006244197,0.0058126426,0.0056806807,0.0055088443,0.005508526,0.005523523,0.0055116126,0.0055055115
2FingerPinch,0,7,1,0.7487068,0.7371154,0.73021233,0.7192992,0.71853167,0.7128178,0.70569074,0.70758605,0.7037483,0.7040198,0.7071932,0.7081932,0.7098331,0.71290857,0.7131125,0.7160151,0.71849716,0.7136306,0.71526897,0.7082081,0.70494306,0.6910948,0.68892276,0.6776652,0.6634398,0.65355736,0.6398837,0.62591183,0.61275053,0.5992334,0.5862332,0.57352835,0.56304544,0.55273867,0.5391442,0.53045666,0.5271106,0.51586396,0.50644535,0.499312,0.49028522,0.4816617,0.47050986,0.45847672,0.44712955,0.43248898,0.4159496,0.3998589,0.37843192,0.35827172,0.3348919,0.3137617,0.28874832,0.26311827,0.23735301,0.21272762,0.18648888,0.16251834,0.13732338,0.11334224,0.09282725,0.07058473,0.05772619,0.0445111,0.04783535,0.060941532,0.077532105,0.09874351,0.118282005,0.14048985,0.1631468,0.18691073,0.209281,0.233268,0.25751448,0.28119367,0.30571732,0.33003002,0.3535436,0.38028434,0.40403795,0.43018457,0.45459664,0.47591928,0.4954884,0.5162737,0.53254956,0.5528155,0.5679403,0.5827639,0.5946378,0.6083621,0.6140557,0.62565815,0.6296808,0.6366452,0.6420807,0.64510584,0.65251046,0.6586879,0.0031561307,0.0032026148,0.0032807924,0.0032400896,0.003355524,0.0034098637,0.0034846666,0.0035788522,0.0037049227,0.0037353742,0.0038170586,0.0039715134,0.004161113,0.004260847,0.0043953513,0.0046287864,0.00491878,0.005031624,0.005342105,0.005529383,0.005807334,0.005883764,0.0061892485,0.006358894,0.0065925517,0.006880827,0.007017042,0.0071688313,0.0073569105,0.007515144,0.0076302914,0.007897533,0.008112655,0.008416648,0.008745556,0.009256626,0.009718938,0.0102188075,0.01080664,0.011483655,0.01204697,0.012920465,0.013691628,0.014450895,0.015149517,0.015878282,0.016637344,0.017530307,0.018340042,0.019157618,0.01985693,0.020768449,0.02160166,0.022235693,0.02276244,0.023267804,0.023491856,0.023639293,0.023870915,0.024087537,0.024338108,0.02450748,0.024774136,0.025090793,0.02522483,0.025280496,0.02548482,0.02548039,0.025380785,0.025056034,0.024434583,0.023621269,0.022804003,0.021854095,0.020832362,0.01986544,0.019029636,0.018165221,0.01752137,0.017007167,0.016332736,0.01568988,0.01497,0.014140632,0.013281817,0.012364408,0.011179278,0.010042575,0.008900784,0.008109738,0.007400945,0.0067347214,0.0061485264,0.005686179,0.0054780925,0.005437839,0.0053274725,0.005424755,0.0054755546,0.005496827
2FingerPinch,0,8,1,0.7496567,0.73675895,0.729688,0.71990055,0.71889246,0.711921,0.70670366,0.7067452,0.7069702,0.7037068,0.70684123,0.7110556,0.7072245,0.7122229,0.71387756,0.71705073,0.71820897,0.7148944,0.7152408,0.7084432,0.70578325,0.7002559,0.6876428,0.6772948,0.664443,0.64945185,0.6415758,0.6255396,0.6129146,0.60026944,0.58615357,0.5754271,0.56269264,0.5521057,0.53891134,0.5328402,0.52398896,0.5147466,0.5074489,0.4985833,0.48949122,0.47944584,0.47122782,0.45986483,0.44729224,0.43107337,0.41531125,0.3961667,0.37879068,0.3594578,0.33338973,0.3134972,0.28884888,0.26330468,0.23739554,0.21264738,0.18648957,0.16274537,0.1388544,0.11280556,0.09333803,0.0708866,0.055188186,0.04555124,0.0476371,0.060299363,0.078509666,0.098579906,0.11986894,0.14246897,0.16302101,0.18722159,0.2094835,0.23482515,0.25842997,0.28130317,0.30578047,0.33101186,0.3541142,0.3808409,0.40423295,0.427333,0.4538449,0.47446138,0.4961516,0.51477003,0.53220916,0.5528215,0.5675364,0.58282167,0.59390503,0.60634464,0.6140088,0.62365603,0.6313271,0.6369874,0.64138585,0.6444228,0.6503803,0.6583375,0.0031922837,0.003174298,0.0032693713,0.0032609364,0.003344913,0.0033865387,0.0034069263,0.00358844,0.0036565915,0.0037418609,0.0038288254,0.0039491123,0.0040381895,0.004265547,0.004387406,0.004605216,0.004783199,0.0050546783,0.005363984,0.005517822,0.005818331,0.0060095987,0.006135658,0.0063546053,0.0066315243,0.006771477,0.007008376,0.0071275304,0.007317777,0.0074431477,0.0076215337,0.007813524,0.008105712,0.0084569,0.008672249,0.009148623,0.009594806,0.010214556,0.010750252,0.011441034,0.012096246,0.012837424,0.013680404,0.0144998785,0.015213662,0.01596884,0.016773846,0.017638238,0.018503388,0.019321173,0.02007362,0.0208738,0.021684768,0.022284308,0.022812402,0.023253065,0.023490928,0.02370574,0.023895519,0.024132568,0.024325276,0.024350706,0.024552772,0.024909673,0.025059685,0.025237635,0.025374236,0.025241852,0.025116365,0.024741476,0.024147427,0.023414714,0.022662321,0.02170581,0.02071993,0.019803874,0.01886996,0.018112812,0.017508605,0.016898349,0.016301917,0.015618492,0.01493947,0.0139669925,0.0131281745,0.012151097,0.010931915,0.009941591,0.008773758,0.007906094,0.007202669,0.0065892646,0.0059901164,0.00556168,0.005321906,0.0052183964,0.0051839612,0.0051908796,0.005215009,0.005301569
2FingerPinch,0,9,1,0.7488014,0.7357943,0.7299308,0.72089416,0.71771234,0.71248007,0.7052454,0.7073739,0.7028121,0.70395213,0.7071419,0.70980084,0.7101595,0.71178997,0.7121661,0.7168087,0.71852887,0.71331877,0.7167898,0.7094097,0.70683414,0.68948513,0.6896905,0.67773616,0.6644022,0.6536378,0.6393642,0.6256983,0.6107286,0.5979512,0.58765304,0.57614565,0.5619561,0.5509377,0.5407686,0.53358805,0.5257889,0.51310563,0.50617415,0.49758592,0.4896639,0.48060104,0.4696542,0.45882788,0.44730905,0.43161026,0.41618946,0.3995895,0.37988728,0.3591488,0.3341591,0.3141407,0.2873731,0.26354104,0.23798215,0.21295136,0.1873695,0.16285208,0.13835904,0.114040144,0.09311224,0.07025689,0.057234235,0.045973342,0.047072597,0.06063467,0.07928522,0.09652801,0.119876854,0.14117819,0.16336584,0.1867369,0.2101858,0.2335897,0.25834808,0.28225216,0.3064286,0.32971442,0.3552436,0.3805084,0.40554932,0.42441252,0.45377994,0.47542658,0.49614358,0.5162422,0.533419,0.55065465,0.56730217,0.58257765,0.59479827,0.6051063,0.6145821,0.6240343,0.6308865,0.63560665,0.64197296,0.6451393,0.6516153,0.6587342,0.003277434,0.0032077099,0.0033058345,0.0034210368,0.0034188204,0.0034707468,0.0034761152,0.0036090042,0.0036893461,0.0038118532,0.0039009745,0.0039724275,0.004213127,0.0042669964,0.004467647,0.0045856196,0.0048656776,0.0050461707,0.0053670728,0.0055599636,0.0057676,0.0059202914,0.0061900252,0.0063584074,0.0065856283,0.006817608,0.0070838593,0.0070833066,0.0072538825,0.0074562384,0.007643621,0.007894162,0.008105449,0.0084641995,0.0086157415,0.009178698,0.009571219,0.010076284,0.010653163,0.011384145,0.011937198,0.012760608,0.01356646,0.014235222,0.015075492,0.01591567,0.01668611,0.01745968,0.018300027,0.0190922,0.019774612,0.020668048,0.02141561,0.022071272,0.022589093,0.023070583,0.023300251,0.0234932,0.02364335,0.023986004,0.024126424,0.024317423,0.02449191,0.024848599,0.024909966,0.02501296,0.025134388,0.025070887,0.025016056,0.024732506,0.024124684,0.023373427,0.022500949,0.021592746,0.020527674,0.019571519,0.018716155,0.017839398,0.017349523,0.01667899,0.016039325,0.015294209,0.014702716,0.013781645,0.0129892565,0.011991327,0.010828796,0.009758117,0.008628139,0.007838114,0.007076674,0.0064968816,0.0059395377,0.005482696,0.005358999,0.005221509,0.005214192,0.0052485364,0.005279952,0.0053435657
2FingerPinch,0,10,1,0.7479299,0.737147,0.7293473,0.71946234,0.71673363,0.7135438,0.70722425,0.70496076,0.70598686,0.7030036,0.70760113,0.70761573,0.709905,0.71196944,0.71303517,0.71572816,0.71817297,0.7151261,0.71550435,0.7081257,0.707139,0.69112915,0.6883844,0.6771178,0.66354054,0.65150136,0.6417357,0.62447625,0.61129326,0.59822243,0.58524674,0.5723395,0.56297296,0.5501732,0.54304874,0.5303174,0.524536,0.5122177,0.5040004,0.49966878,0.48817688,0.4798873,0.46938482,0.45841953,0.4451259,0.42947856,0.4146475,0.3999231,0.3793306,0.35827127,0.33458844,0.3138456,0.2876997,0.2639599,0.23769699,0.21315695,0.18715937,0.16303614,0.13861117,0.11378825,0.093160786,0.072720684,0.055462446,0.048600893,0.047543254,0.061237615,0.08009431,0.098628156,0.12048444,0.14293033,0.16432707,0.1861656,0.21073453,0.2338769,0.25892332,0.2814703,0.3065684,0.33066824,0.35632896,0.3788199,0.40253028,0.4295376,0.45473716,0.47648206,0.49500772,0.51464117,0.53292143,0.5513947,0.56574607,0.5829722,0.5935644,0.60589385,0.6132544,0.6240969,0.62927806,0.6364467,0.6403034,0.64537156,0.6507949,0.65857536,0.003065666,0.0031705312,0.0031858855,0.0032308605,0.0034123512,0.0033472814,0.0034330017,0.003547498,0.0036676459,0.0037149487,0.0038398723,0.0039051,0.0040692072,0.004251037,0.004378715,0.004683187,0.004925515,0.0051580914,0.0053508556,0.0056139966,0.005831958,0.0059855073,0.0062331134,0.006390653,0.00672354,0.006918445,0.007047463,0.007210191,0.0073460033,0.007486106,0.0077277604,0.00786828,0.008129469,0.008409946,0.008739901,0.009241221,0.009632006,0.010092599,0.010739641,0.011419941,0.011982491,0.012839993,0.013600251,0.014319253,0.015117031,0.015921436,0.016743718,0.017574005,0.018479481,0.019222146,0.019982666,0.020867368,0.021665791,0.022347903,0.022755606,0.023263501,0.023486994,0.02366226,0.023867004,0.024080785,0.024171751,0.024332175,0.024595791,0.024828948,0.02493255,0.025198553,0.025342911,0.02527249,0.02516627,0.024759386,0.024088321,0.023319094,0.022509882,0.021534923,0.02055409,0.019616952,0.018802648,0.017949766,0.017406678,0.01677827,0.016184162,0.015562986,0.014841427,0.013929803,0.013050476,0.012113278,0.010955681,0.009827777,0.008715716,0.007963335,0.007157487,0.0065546567,0.0059914105,0.005560382,0.0054191244,0.005265226,0.005207455,0.005227877,0.0052837543,0.005285609
2FingerPinch,0,11,1,0.7473453,0.73652637,0.72918445,0.7198668,0.71732014,0.7121138,0.70562595,0.70536155,0.7039641,0.70344526,0.707135,0.71067446,0.70742965,0.7118118,0.7111911,0.71428996,0.7176984,0.712215,0.712193,0.7068943,0.704961,0.690612,0.6874254,0.6777583,0.66494,0.64969224,0.63959545,0.62414974,0.6115793,0.5980995,0.58537394,0.5724936,0.56172794,0.5491532,0.5420504,0.53189087,0.5271191,0.51190084,0.50553197,0.49895823,0.4895406,0.48076436,0.46755153,0.4582358,0.44696277,0.43066597,0.41608277,0.39753342,0.38003603,0.35710835,0.33597288,0.31232694,0.28774974,0.26312533,0.23753005,0.2126529,0.1881502,0.16245002,0.13829733,0.11393448,0.09434179,0.072830565,0.05800993,0.047676425,0.050635323,0.062195104,0.07870732,0.09950204,0.11848955,0.14080085,0.16352758,0.18714583,0.20944276,0.23477176,0.25788742,0.28201082,0.30614957,0.33027366,0.35459307,0.3808706,0.40408987,0.42736292,0.45320132,0.4755265,0.49347776,0.51476836,0.53348863,0.5516276,0.5670741,0.5822089,0.5940568,0.60584205,0.6126935,0.62356997,0.62833685,0.63648874,0.6414086,0.6455784,0.6520728,0.6586057,0.0032186427,0.0032813482,0.003312124,0.003323392,0.0033564968,0.0035004232,0.003485537,0.0035983613,0.003743624,0.0038371,0.003950466,0.004034115,0.004214032,0.004368888,0.0045702197,0.004751274,0.004987646,0.0051929816,0.005313476,0.0056175934,0.005823201,0.006049902,0.0063121025,0.006486938,0.006726626,0.00689152,0.0070427116,0.0071468414,0.007296818,0.0075377724,0.007764709,0.007847765,0.008062102,0.008398219,0.0086542545,0.00916825,0.009622112,0.010041575,0.010673333,0.011319844,0.012022105,0.012764114,0.013380293,0.014216165,0.015040423,0.015812514,0.016577614,0.017395318,0.018158486,0.01900283,0.019769322,0.020504372,0.021210263,0.021915423,0.022427766,0.0229766,0.0231493,0.023346134,0.023479037,0.023711955,0.023810236,0.02403085,0.024294838,0.024539089,0.024588479,0.024836546,0.024997666,0.024886183,0.024807675,0.024447033,0.023870591,0.023033049,0.02236762,0.021478139,0.020392125,0.019502616,0.018630989,0.017943958,0.017298069,0.016832141,0.016135909,0.015454847,0.014855384,0.014011705,0.013065864,0.01219942,0.011055852,0.00997842,0.00878761,0.007870205,0.007123028,0.006501274,0.005928973,0.0054847784,0.005275605,0.0051587424,0.005077544,0.005104759,0.0050952015,0.0052449475
2FingerPinch,0,12,1,0.74827796,0.73644346,0.7301994,0.7207724,0.71727884,0.7122531,0.7079302,0.70482504,0.7054763,0.70437574,0.7064302,0.71090335,0.7075232,0.71096843,0.71406233,0.7144611,0.71767694,0.71227413,0.71440315,0.7050667,0.7047812,0.6985347,0.6859259,0.6742389,0.6642383,0.65090185,0.6377595,0.62328005,0.6111071,0.5962176,0.5853042,0.5742069,0.5594348,0.5484864,0.54172504,0.5290421,0.5240512,0.5098421,0.5030912,0.49649265,0.48874074,0.47808406,0.46694943,0.4565473,0.4452842,0.42957702,0.41458613,0.39707768,0.3778192,0.35859913,0.33389154,0.3127439,0.2871036,0.2639092,0.2383325,0.213323,0.1875753,0.16292116,0.13915001,0.113676585,0.09454258,0.072314866,0.058543254,0.04767499,0.04997972,0.061606295,0.0806377,0.09956121,0.11972943,0.14321238,0.16382222,0.18780161,0.21132454,0.23455608,0.25823194,0.28333616,0.3052508,0.33093882,0.35309213,0.3818828,0.40393105,0.42759475,0.45324892,0.47391266,0.49488845,0.51454777,0.5332899,0.5503553,0.5663549,0.5816369,0.5935903,0.6066288,0.61350256,0.6221064,0.62924254,0.635345,0.640112,0.6452201,0.65016025,0.6592044,0.0032121055,0.0033172567,0.0033374818,0.0033431288,0.0034083046,0.0034514728,0.0034604284,0.0036064482,0.0036986843,0.0038112332,0.0039123315,0.004059385,0.0041631944,0.0042993557,0.0045157447,0.0046886373,0.0049437243,0.0050718985,0.005450417,0.0055735745,0.0058428072,0.005992804,0.0062676957,0.0064653954,0.006626053,0.0068724523,0.0070913145,0.0071445745,0.007282869,0.007457273,0.007583338,0.007854818,0.0080762105,0.008301059,0.008602966,0.009091792,0.0095519135,0.01004775,0.010597818,0.011336925,0.011868713,0.012610977,0.013258151,0.014041929,0.014873605,0.015599063,0.016353874,0.01714873,0.017939596,0.018740926,0.019477578,0.02025743,0.021058261,0.021804588,0.022367341,0.022921553,0.023219613,0.023376068,0.023554431,0.023820473,0.02407382,0.024155006,0.02445025,0.024780834,0.024900544,0.025166154,0.02530644,0.025139311,0.025021413,0.024655405,0.024152318,0.023366073,0.02254282,0.02166101,0.02058817,0.019645587,0.018819986,0.01802678,0.017463721,0.016868573,0.016115392,0.015530927,0.014827771,0.013909713,0.013051127,0.012088788,0.010926141,0.009801594,0.008709177,0.007809355,0.007170643,0.0065650684,0.006089746,0.0055952645,0.005432955,0.0053220876,0.005265202,0.0052984646,0.0053704213,0.005395166
2FingerPinch,0,13,1,0.74792904,0.73701155,0.72931474,0.7199901,0.7181443,0.7123557,0.7085355,0.7049766,0.7041555,0.7029364,0.7060701,0.7078445,0.7097665,0.71107787,0.7118189,0.7151553,0.7186386,0.7138107,0.71415144,0.7056049,0.7036041,0.69103265,0.6870194,0.6748507,0.6611259,0.6485812,0.6406731,0.62346566,0.6113815,0.5973727,0.58561105,0.5709402,0.5610927,0.54765075,0.5406612,0.5312836,0.52275336,0.51227117,0.5050264,0.49543646,0.4881516,0.47815436,0.4683819,0.4572117,0.44499624,0.42934275,0.41415888,0.39821705,0.3792672,0.3584294,0.3354945,0.31319913,0.28911558,0.26331276,0.23869061,0.2134714,0.18800414,0.16414216,0.13969003,0.11535835,0.094024695,0.07215855,0.058317833,0.04746421,0.048948262,0.062269576,0.0795086,0.10053496,0.1204041,0.14287081,0.16560127,0.18760477,0.21105108,0.23564896,0.2587005,0.28189707,0.30631045,0.3313999,0.3558294,0.38196295,0.40305194,0.4277009,0.45526633,0.47537786,0.4953725,0.5142523,0.53057927,0.55208725,0.5669132,0.58260226,0.594438,0.60715723,0.6143716,0.6246346,0.62990904,0.6365843,0.6406226,0.6440538,0.6521688,0.6579243,0.003271046,0.003266616,0.0033078678,0.003421983,0.0034497979,0.0034899844,0.0035225062,0.0037197804,0.0037447049,0.003861871,0.0039844373,0.0040631355,0.004223304,0.004360484,0.0046044877,0.0047485726,0.0049954136,0.0051638978,0.0053320476,0.005602589,0.0057685846,0.005932409,0.0061427583,0.0063513913,0.0065996405,0.006854791,0.0070427805,0.007101179,0.007310874,0.0073683686,0.007646613,0.0077900602,0.00807979,0.008340695,0.008635576,0.009244451,0.009610951,0.010148998,0.010690933,0.011279353,0.011931677,0.012642229,0.013473337,0.014107447,0.014853351,0.015653335,0.01646979,0.017247394,0.017961161,0.01876231,0.019536931,0.020292128,0.020934217,0.021711735,0.022199184,0.02274779,0.023058398,0.02330304,0.023452664,0.023685783,0.023809424,0.024034284,0.024309902,0.024625545,0.024707256,0.024842897,0.024952374,0.024911568,0.024709444,0.024414062,0.023786347,0.02308518,0.022254393,0.02135862,0.020238083,0.019354908,0.018555254,0.017739898,0.01710332,0.016512793,0.015830472,0.015257133,0.014561768,0.01369949,0.012896034,0.011885247,0.0108230375,0.009776634,0.008573914,0.0077661425,0.007103688,0.006503517,0.005943081,0.0054662847,0.0053166626,0.005212506,0.005132435,0.005197812,0.0051855245,0.0052590296
2FingerPinch,0,14,1,0.749107,0.73678416,0.72984093,0.72033376,0.7193069,0.7125532,0.7056032,0.7063795,0.7046205,0.70160514,0.70661646,0.71012944,0.7064914,0.7125782,0.712407,0.7148931,0.7173136,0.7123374,0.7130139,0.7064229,0.70489967,0.6980606,0.6860693,0.6761941,0.6621496,0.6514303,0.6391216,0.62299335,0.61126715,0.5964659,0.58652604,0.57349944,0.5610181,0.54767495,0.54170376,0.52765983,0.52446926,0.5140599,0.50295883,0.49788615,0.48696893,0.47855815,0.4670823,0.45844573,0.44447476,0.4300823,0.41556558,0.39739472,0.37789783,0.35835147,0.33581463,0.31272405,0.28851423,0.26445052,0.23916937,0.21349324,0.18833607,0.16393684,0.13942721,0.11512568,0.094765924,0.07312354,0.056949273,0.04696381,0.04851284,0.0613738,0.07996351,0.09867732,0.12016046,0.14097418,0.16609815,0.18738376,0.21242306,0.23658572,0.25947404,0.2828596,0.308205,0.33093864,0.35702026,0.37933138,0.40485728,0.42648673,0.45210975,0.47322974,0.49551207,0.5149729,0.5331151,0.5511762,0.5673745,0.581761,0.59309196,0.60636777,0.6141876,0.62345606,0.6289469,0.63497007,0.64042723,0.64541835,0.6513832,0.6570052,0.0032045161,0.0032802061,0.0033372699,0.003413987,0.0034804442,0.0035535283,0.0035330518,0.0037144297,0.003797009,0.0038336245,0.0039474964,0.004177018,0.0042479374,0.0044754106,0.004510979,0.0047393884,0.00500051,0.0051784376,0.0054446245,0.005615692,0.0059229247,0.0060496866,0.0062557384,0.0064199185,0.0067683887,0.0070156134,0.0071673277,0.007258523,0.0074355905,0.007540089,0.0077179237,0.007931397,0.00812293,0.008510709,0.008792199,0.009181335,0.0096840765,0.010159085,0.010666874,0.011365712,0.011957835,0.012758492,0.013474605,0.014231663,0.014921397,0.015793556,0.01660166,0.017358573,0.01822529,0.019023463,0.019744875,0.020521093,0.021271048,0.022005208,0.022489421,0.022972906,0.023232814,0.023479521,0.023565846,0.023889594,0.023942227,0.024174314,0.024397723,0.024660984,0.02489813,0.0250382,0.025154876,0.025079941,0.025013285,0.024555998,0.024041286,0.023220837,0.022526572,0.021557292,0.020481097,0.019688534,0.018776301,0.017972203,0.017410193,0.0167639,0.016061261,0.015501546,0.014748928,0.013959899,0.013120058,0.012096694,0.01092741,0.009818145,0.00865152,0.0078339605,0.0070909057,0.006478131,0.005975392,0.00552009,0.005300674,0.005194422,0.005187185,0.005144072,0.0052408203,0.00525693
2FingerPinch,0,15,1,0.7484111,0.73763406,0.7302798,0.72121054,0.71878535,0.71203935,0.7065556,0.70508397,0.70266193,0.70194,0.70628667,0.7125312,0.7075816,0.70961535,0.7121044,0.715715,0.7175993,0.7134542,0.71407616,0.70538145,0.7054547,0.6892171,0.68674874,0.67509454,0.6621,0.6484186,0.6398848,0.62360924,0.61105573,0.5964844,0.5864784,0.57166153,0.56041026,0.5499229,0.5392112,0.52891594,0.5263613,0.5126982,0.50250375,0.49659085,0.48801458,0.479306,0.46680063,0.4574375,0.44520316,0.4305638,0.41421282,0.39941603,0.37823182,0.3586733,0.3348981,0.31331915,0.2887679,0.2635332,0.23898354,0.21363465,0.18953592,0.16428727,0.1391609,0.11448769,0.09437233,0.07379965,0.056988027,0.047607914,0.048516873,0.062197093,0.078043625,0.09969847,0.11918458,0.14145653,0.16542743,0.18838592,0.21084578,0.23433085,0.25793993,0.28359303,0.30700877,0.33066407,0.3540242,0.3806957,0.40547046,0.4292308,0.4556187,0.4763861,0.49575606,0.5151284,0.53250355,0.5524111,0.5669929,0.5833328,0.5933343,0.605469,0.6159074,0.6240042,0.62864405,0.63543326,0.6408701,0.64351547,0.65012527,0.65977734,0.0032114943,0.0032213079,0.0033044335,0.003288811,0.003450393,0.003435806,0.003535277,0.0036264486,0.0037173044,0.0037897897,0.003900996,0.0040784567,0.004171978,0.0043532522,0.0044909683,0.004738854,0.004928986,0.0051187333,0.0054386505,0.0055825673,0.00588087,0.0060018105,0.006232667,0.006482695,0.006759159,0.0068816133,0.007015884,0.007116249,0.007346597,0.007484283,0.0076371287,0.007820812,0.008020636,0.008397601,0.008582352,0.009066895,0.009550498,0.010063287,0.010610972,0.011254583,0.01196241,0.012706469,0.013444838,0.014254607,0.014993032,0.015868269,0.016572984,0.01744387,0.018113472,0.018941294,0.019692529,0.020544242,0.021162271,0.022014365,0.022489749,0.023032436,0.0231993,0.023380315,0.023432944,0.023696821,0.023854706,0.024000032,0.024197156,0.024413897,0.02462208,0.024600385,0.024767844,0.02464982,0.024491422,0.024092983,0.023611816,0.022843326,0.02209903,0.02117355,0.02021342,0.019262152,0.01845864,0.01772178,0.017111996,0.01652054,0.015880082,0.015309149,0.014612299,0.013781031,0.012854483,0.011902254,0.010696383,0.00972287,0.008546898,0.007781897,0.007021868,0.006421437,0.0059505845,0.005408319,0.0053058052,0.0051188264,0.0050831526,0.0051033017,0.005241106,0.005227555
2FingerPinch,0,16,1,0.7487332,0.73751265,0.7312652,0.72085977,0.71776325,0.7128838,0.70626354,0.7066316,0.70154274,0.70450085,0.7047689,0.7089828,0.7087733,0.7135088,0.71246135,0.71644455,0.7179552,0.7129612,0.7112516,0.7051696,0.704062,0.6957561,0.6873118,0.6775364,0.66429484,0.64980686,0.6372142,0.62483627,0.61083436,0.5984731,0.58682966,0.57274145,0.5606554,0.55042964,0.5399513,0.5289546,0.5235568,0.512218,0.5048979,0.4955063,0.4882883,0.4791097,0.46766108,0.45936638,0.4451768,0.4297278,0.41397145,0.3982315,0.37692052,0.35883352,0.33413476,0.312973,0.28826493,0.26319847,0.23871598,0.2134539,0.18812798,0.16386072,0.13916874,0.1143114,0.094901666,0.07181289,0.057890426,0.047110885,0.047840122,0.063551515,0.07893914,0.0995163,0.12009834,0.14138937,0.16435413,0.18894981,0.21079004,0.23511037,0.25961956,0.28330857,0.3055881,0.3309384,0.3548499,0.38064027,0.40508476,0.42853826,0.45721817,0.47712675,0.4952219,0.5165342,0.53301114,0.5508911,0.5689736,0.5831267,0.5948814,0.60578245,0.6131815,0.6228829,0.6282881,0.63651717,0.6421539,0.6459567,0.6513492,0.6589274,0.0032822578,0.0033296128,0.0033003585,0.0033452306,0.003406519,0.0034262438,0.0034482933,0.0036532218,0.0036651727,0.0037880433,0.0038781785,0.004084452,0.0041732024,0.004400647,0.0045019,0.004732515,0.004991634,0.0051514353,0.0052453773,0.0055013113,0.005710945,0.0058860728,0.0061665946,0.006378933,0.006613942,0.006816209,0.0069432165,0.0071200533,0.0072595878,0.007447076,0.0075817676,0.007779938,0.00810008,0.008373341,0.008683594,0.00912765,0.009572121,0.010130149,0.010686386,0.011366316,0.011979051,0.012738311,0.013509982,0.01430013,0.015132279,0.015867217,0.016672542,0.017449565,0.018296748,0.019076234,0.019864175,0.02067739,0.021433167,0.022123845,0.022553965,0.022927929,0.023274438,0.023431212,0.023500597,0.023806598,0.02389219,0.024025075,0.024180124,0.024538701,0.024611263,0.024825683,0.024991943,0.024859024,0.024671393,0.024323452,0.023694286,0.022928618,0.022121888,0.02125951,0.020219,0.019325761,0.018524861,0.017719211,0.017200619,0.016509974,0.015921202,0.0152635705,0.014645763,0.013757741,0.012842534,0.011937357,0.01079704,0.009762663,0.008648463,0.0077584945,0.0071028797,0.006449446,0.005867342,0.0054026423,0.005205545,0.0051053194,0.0050694398,0.0051672272,0.0051413374,0.005183344
2FingerPinch,0,17,1,0.7489883,0.7377966,0.72963405,0.7209086,0.7189895,0.71297777,0.7059954,0.7059682,0.7039173,0.7037056,0.70955294,0.70810056,0.7103085,0.7137491,0.71141475,0.7146876,0.7172796,0.71390426,0.7155314,0.7060165,0.70398295,0.6980941,0.68679476,0.6761729,0.6625117,0.6514108,0.6369952,0.6230424,0.6103313,0.5990221,0.58477706,0.5744343,0.5615894,0.5491998,0.542354,0.52956265,0.5237589,0.5130779,0.5022843,0.49712157,0.4888796,0.4786535,0.46650377,0.45744622,0.4453046,0.42973182,0.41531157,0.39845058,0.37883475,0.35693938,0.33515856,0.31235126,0.28908226,0.26356378,0.23735143,0.21282448,0.18733974,0.16278735,0.1382988,0.113884136,0.0934169,0.07330947,0.0564958,0.049562715,0.04830894,0.06255753,0.079699725,0.09899607,0.12035237,0.14193094,0.16437483,0.18797703,0.21084322,0.23372053,0.25829294,0.28226018,0.3062955,0.3304139,0.3559068,0.3823688,0.4047635,0.42953497,0.4515419,0.47583473,0.49685878,0.5175641,0.53273445,0.5524337,0.5676146,0.5828789,0.5939677,0.6063735,0.6130406,0.6271444,0.6291265,0.63639927,0.64195955,0.64645493,0.6518888,0.6580639,0.003242111,0.0032962407,0.003284512,0.0032885575,0.0034406774,0.00353816,0.003600004,0.0036694633,0.0037750304,0.0038777897,0.0040232185,0.004102706,0.004271815,0.0044517415,0.00452136,0.0047434033,0.0049784444,0.0051840283,0.005425806,0.0056500626,0.0058497605,0.0060620056,0.006273152,0.006390618,0.0067275637,0.006864258,0.007056012,0.0071207015,0.0073334947,0.00748383,0.0076677273,0.0078155175,0.00812776,0.008430336,0.008731126,0.009205139,0.009584131,0.01010069,0.010589397,0.011370867,0.012046582,0.01277284,0.013446566,0.014271129,0.015027295,0.015936177,0.016693896,0.017442347,0.018317444,0.01910093,0.019868473,0.02063492,0.021404428,0.02217092,0.022544077,0.023052268,0.023378225,0.023540175,0.023726193,0.023938136,0.024032108,0.024105731,0.024344692,0.024584167,0.02474622,0.024972076,0.025096366,0.025015773,0.024881413,0.02450052,0.023936223,0.023085302,0.022313258,0.021430984,0.020359809,0.019454954,0.018599218,0.017819684,0.017214617,0.016627787,0.015936308,0.015241827,0.014622851,0.01377873,0.01296131,0.011967701,0.01074087,0.009718913,0.008620358,0.007823026,0.0070400173,0.006451394,0.005817393,0.005404721,0.005236041,0.005226919,0.0050296523,0.0051748557,0.0052241455,0.005277993
2FingerPinch,0,18,1,0.7474291,0.736565,0.73121357,0.72021204,0.7177005,0.71245444,0.70617336,0.7053421,0.70350814,0.70308256,0.7082104,0.70785546,0.70923746,0.7113553,0.71422184,0.7159577,0.7179415,0.7138419,0.7161554,0.70538217,0.70490545,0.68896985,0.6877306,0.67750216,0.6645611,0.65181005,0.6381708,0.6235422,0.61119527,0.59694725,0.58653647,0.57150024,0.5614016,0.5506309,0.5402141,0.53008276,0.5235917,0.5118287,0.5038592,0.4950128,0.48933178,0.4787136,0.4679906,0.45916337,0.44565722,0.43005654,0.41559857,0.39589193,0.3783144,0.3578376,0.33352774,0.3136674,0.28746954,0.2637225,0.23792532,0.21290046,0.18736489,0.16408014,0.13841909,0.11392568,0.093969464,0.07366665,0.05857548,0.046795186,0.04910777,0.060814053,0.0805727,0.09903458,0.12003469,0.14398296,0.16326475,0.18759337,0.21073674,0.23442407,0.2575985,0.2833169,0.30662596,0.33133057,0.3551142,0.38050222,0.40586346,0.4289784,0.4548602,0.4767901,0.49599501,0.516788,0.5321529,0.5529777,0.5678569,0.5835416,0.594924,0.60613996,0.61364263,0.62449354,0.6302494,0.63358635,0.6416377,0.6441972,0.6514907,0.65787053,0.0032662486,0.003308217,0.0033216353,0.0034124248,0.0034671694,0.0035394672,0.0035731609,0.0036782161,0.0038159566,0.0038775532,0.004002841,0.004131284,0.0043101856,0.0044930484,0.0046074837,0.004806034,0.005079285,0.0052732495,0.005439072,0.0056166975,0.0058328863,0.0060104444,0.006257539,0.0064735087,0.006681157,0.0069525265,0.0070540556,0.0071800235,0.007368018,0.007482601,0.0077369995,0.007851049,0.008061654,0.008419812,0.008744872,0.009199806,0.009614926,0.010086544,0.0106808385,0.011357889,0.012117698,0.012787681,0.013553657,0.014448583,0.015151752,0.015979255,0.01669654,0.017533323,0.01826221,0.019116811,0.019871669,0.020672815,0.021434613,0.022171,0.022643587,0.023224784,0.0234594,0.023631064,0.023844253,0.024100956,0.024190169,0.02438946,0.024638595,0.024884561,0.025131682,0.02536744,0.025513161,0.025377033,0.025289888,0.024943499,0.024305632,0.023591477,0.022768317,0.021800797,0.02070989,0.019849863,0.018976362,0.018149655,0.01753707,0.016901365,0.01626418,0.01555044,0.014935903,0.013990504,0.013063873,0.012185912,0.011018224,0.009918109,0.008725037,0.007970445,0.0071493234,0.0064869765,0.0059048496,0.005459209,0.005256177,0.005092346,0.0050791674,0.005055076,0.0051713116,0.0051536974
2FingerPinch,0,19,1,0.74833536,0.73643106,0.728704,0.7201525,0.7171292,0.71301687,0.7059504,0.7047124,0.703613,0.7012602,0.706523,0.71011525,0.7092134,0.71199644,0.710385,0.7158302,0.71757454,0.7135083,0.7127673,0.70587236,0.70533836,0.6978059,0.68541026,0.67490774,0.6646641,0.6481362,0.6386304,0.6234698,0.6110134,0.5981278,0.5865419,0.5742246,0.560865,0.5482083,0.54099196,0.52796257,0.52130663,0.5111205,0.50467676,0.49524572,0.48799732,0.477935,0.46682826,0.45669845,0.4451347,0.42957783,0.41510493,0.39671102,0.37912723,0.35563755,0.33674788,0.31197232,0.2884722,0.26335514,0.23782651,0.21314797,0.18724371,0.16300084,0.13866584,0.11424802,0.09226292,0.07421724,0.056972083,0.047269195,0.050305266,0.0627069,0.08140484,0.09935942,0.12042006,0.14149688,0.16456483,0.18743244,0.21112427,0.23485923,0.25841692,0.28162563,0.30630913,0.3307674,0.35550678,0.3798257,0.4056804,0.4286703,0.45363072,0.47503418,0.49775276,0.5168861,0.5335626,0.55278367,0.5676934,0.5821787,0.5943716,0.606189,0.6115101,0.6232698,0.6282724,0.6366513,0.63980705,0.6460721,0.6508032,0.65927935,0.0033480865,0.0033193869,0.0033778555,0.003414401,0.0034806624,0.0035334574,0.0035519633,0.0037027881,0.0038094483,0.0038489664,0.003953678,0.0041742297,0.00429336,0.0044174436,0.00453218,0.004832883,0.0049735927,0.00523786,0.0053840806,0.0056910594,0.0058730366,0.0060284114,0.006214985,0.006357833,0.0066130674,0.006832739,0.007049903,0.0071747657,0.0072944155,0.0075320755,0.007763231,0.007888719,0.008052185,0.008374445,0.008675986,0.009173042,0.00957193,0.010063346,0.010724274,0.011366598,0.012082031,0.012708397,0.013478299,0.014378457,0.015160398,0.015999466,0.016785374,0.017526709,0.018396342,0.019272583,0.020054435,0.020819562,0.021557545,0.02232957,0.022829423,0.023323031,0.023546593,0.023697596,0.023911055,0.024083547,0.024339303,0.02443398,0.024722034,0.025000542,0.025079504,0.025346149,0.025472078,0.025466869,0.025352675,0.024985567,0.024324374,0.023580799,0.022787768,0.021884574,0.02081119,0.01980269,0.018943848,0.018218027,0.017550692,0.016957205,0.016222142,0.015610203,0.014940709,0.01404487,0.013161881,0.0122008445,0.011005313,0.009861576,0.008712585,0.007847691,0.007113392,0.0064351833,0.0058720936,0.00544902,0.0052339216,0.0051165633,0.005029054,0.00506977,0.0050975704,0.005165944
2FingerPinch,0,20,1,0.74830514,0.7374992,0.7298281,0.72009635,0.7185455,0.7125222,0.70530534,0.70305836,0.7039705,0.70278376,0.70714945,0.7113433,0.7079847,0.7097435,0.71195394,0.7161711,0.7182616,0.7135228,0.7145915,0.7052775,0.70459044,0.6876296,0.68856597,0.6759821,0.6635357,0.6486629,0.6374871,0.623716,0.6105516,0.5974397,0.5854439,0.5744728,0.56032664,0.5475929,0.53993565,0.529765,0.52484417,0.51003844,0.50330615,0.49641466,0.48794714,0.47810978,0.46703115,0.4577872,0.44524297,0.43065125,0.41305616,0.39748597,0.377832,0.3582911,0.33351997,0.3125975,0.28783685,0.26348168,0.23828149,0.21285594,0.18824945,0.16267006,0.13872679,0.11358205,0.0934546,0.073467284,0.056915697,0.04834582,0.04924503,0.06215952,0.07965089,0.09940154,0.11927783,0.14308925,0.16644776,0.18781056,0.21162686,0.23465273,0.26074192,0.2837693,0.30643624,0.3326834,0.3566521,0.37961838,0.40474105,0.42814443,0.4553537,0.4760817,0.49737895,0.51587325,0.53304136,0.55336744,0.5671237,0.5831018,0.59495455,0.6054668,0.613584,0.62298864,0.62924147,0.6353032,0.6416043,0.6441713,0.6522071,0.65730417,0.0032378673,0.00325741,0.0033076762,0.0033638128,0.0033958103,0.0034219036,0.0035031468,0.0036033567,0.0037472574,0.0037404173,0.0039112377,0.0041356888,0.004192205,0.0043675434,0.0045823692,0.0047572674,0.005008101,0.005198876,0.005377379,0.0056536486,0.005880776,0.0060279025,0.006248021,0.006428371,0.006711372,0.006926739,0.007056971,0.0071818153,0.0074535785,0.0076220674,0.007790868,0.007948644,0.008139495,0.008425585,0.008735252,0.009191844,0.009714421,0.010129899,0.0106677,0.011334051,0.011988591,0.012746288,0.013427203,0.014163351,0.014990926,0.015875062,0.016637864,0.017457442,0.018227087,0.019071335,0.019833986,0.020644374,0.021337386,0.02211549,0.022589551,0.023059681,0.023348087,0.023550656,0.02362726,0.023889897,0.024090655,0.024308013,0.024508303,0.024821892,0.024999741,0.025203213,0.025396165,0.025248663,0.025222845,0.024917757,0.02432262,0.02344045,0.022733787,0.02183985,0.020728929,0.019809201,0.018876953,0.018109746,0.017452938,0.01683116,0.016135547,0.01546386,0.014801719,0.013921331,0.013117367,0.012083615,0.01087512,0.009773485,0.008675274,0.00783198,0.007054862,0.00641176,0.005861318,0.005421388,0.005199265,0.005160938,0.005036565,0.005096789,0.0051322095,0.005245224
2FingerPinch,0,21,1,0.74836254,0.7359851,0.7306409,0.72022736,0.7180046,0.71175706,0.70619565,0.7058556,0.7035896,0.7037327,0.70660114,0.70835686,0.7082708,0.7113493,0.7121442,0.7156828,0.7177986,0.7124476,0.7133065,0.70654935,0.70468867,0.6993475,0.68661004,0.6758875,0.66346973,0.65064925,0.63992465,0.6237511,0.6095206,0.59670424,0.5843022,0.5737962,0.56053317,0.55018795,0.53777003,0.5305182,0.5233494,0.5102521,0.5038818,0.49848282,0.48645055,0.47782135,0.46776682,0.45697713,0.44583833,0.4299111,0.41454023,0.39838517,0.37747204,0.35784844,0.33548933,0.3115038,0.28882596,0.26343927,0.2384053,0.21340759,0.18777035,0.16354874,0.13887887,0.11344697,0.095027424,0.07305914,0.057354074,0.047575824,0.050508223,0.06279102,0.07989908,0.100352235,0.11971405,0.14183651,0.1663354,0.187537,0.2114188,0.23525015,0.25993684,0.28279972,0.30723312,0.33146563,0.35611063,0.38072604,0.4067298,0.42777798,0.4538328,0.47407165,0.495821,0.5144475,0.5317367,0.5518138,0.5676717,0.58218616,0.59343576,0.6058856,0.61274767,0.6235592,0.6288701,0.6348149,0.64022744,0.64481413,0.6508694,0.6574706,0.0031353007,0.0031507923,0.003231613,0.0032431465,0.003398465,0.0034198812,0.0034817045,0.0035725918,0.0037181652,0.0038091405,0.003908514,0.004060907,0.0041162013,0.004322547,0.0045414986,0.004710478,0.0049606236,0.005149303,0.005424744,0.0057115043,0.005889374,0.006071246,0.006301322,0.0065224753,0.006767981,0.0070225755,0.0071593137,0.007204311,0.0074565564,0.007529594,0.007785611,0.0079871295,0.008128165,0.008469776,0.00872981,0.009130817,0.00953616,0.010089428,0.010723164,0.011378374,0.011909083,0.012720233,0.013470689,0.014222774,0.015002935,0.015814308,0.01656916,0.017460862,0.018118626,0.018947186,0.019726599,0.020535722,0.021381876,0.022013418,0.022543827,0.023028234,0.02333207,0.023466708,0.023666255,0.023917234,0.024061877,0.024237556,0.024482446,0.02482572,0.025030335,0.025133494,0.025238818,0.025162742,0.025136583,0.024765741,0.024170984,0.023309028,0.022642374,0.021655917,0.02057939,0.019713935,0.01884863,0.018002892,0.017398857,0.016791178,0.016062874,0.015376974,0.014731751,0.01383178,0.012984849,0.011967149,0.010793496,0.009713736,0.008615776,0.0077366284,0.0070233024,0.006433629,0.0058787297,0.0054146564,0.0052497406,0.0051089707,0.005048939,0.00501854,0.0050361706,0.0051431176
2FingerPinch,0,22,1,0.7490516,0.737557,0.7279016,0.7196136,0.7182447,0.7115795,0.7055566,0.7049269,0.7036158,0.7042325,0.70612854,0.7087332,0.7089274,0.7121531,0.7128299,0.715061,0.7174391,0.71256,0.7144084,0.7055978,0.70244884,0.6880757,0.68590593,0.6751956,0.66284895,0.6534054,0.638111,0.6228292,0.6097658,0.59621936,0.58612055,0.5715098,0.5600334,0.5497436,0.5405616,0.52633363,0.5219698,0.5119625,0.5043958,0.49628672,0.48614392,0.47776914,0.46821034,0.45735586,0.44534174,0.4292239,0.41514078,0.39973754,0.37821266,0.3597309,0.33380887,0.31337345,0.2887933,0.2639925,0.2384205,0.21369933,0.1881919,0.16373117,0.13923307,0.114424415,0.09459237,0.073790215,0.057893056,0.046640337,0.04835339,0.06275927,0.078656286,0.09947988,0.11981521,0.14223294,0.16360654,0.18763708,0.21034381,0.2357197,0.25855327,0.28428236,0.30697158,0.3325576,0.35638192,0.38017312,0.40745804,0.4285853,0.45378128,0.47540715,0.49609193,0.51528996,0.53353786,0.55205685,0.5661436,0.5823872,0.59364736,0.60518837,0.61273247,0.6232668,0.6301949,0.6343441,0.64070714,0.64469975,0.64993715,0.6574215,0.0031810217,0.0032050991,0.0032535675,0.0033128194,0.0033703197,0.0034607605,0.003424336,0.0035818666,0.0036424126,0.003747115,0.0038828051,0.003986125,0.0041638967,0.0043489155,0.004544248,0.0047452045,0.004911369,0.0052055577,0.0053871903,0.005632122,0.0057784794,0.005989497,0.006224188,0.0064893793,0.006676083,0.0068543125,0.0070834886,0.0071938764,0.007328908,0.007496673,0.0077024233,0.007822409,0.00810198,0.008470416,0.008660014,0.009110241,0.009587984,0.010095718,0.010666293,0.011215897,0.011899641,0.012640782,0.013430065,0.0142183425,0.014964429,0.015726633,0.016528202,0.01733116,0.018115867,0.01892418,0.019719757,0.020495381,0.021306729,0.022034965,0.022464743,0.022935912,0.023209002,0.023427056,0.023583336,0.023823574,0.023981264,0.024091195,0.024372514,0.024713699,0.024963057,0.025110949,0.025208358,0.025213374,0.025118586,0.024806198,0.024276905,0.023482593,0.0226871,0.021800602,0.02075283,0.019898692,0.018990219,0.018232698,0.017580368,0.016991016,0.01633502,0.015667535,0.014915242,0.013923675,0.013085688,0.0120871635,0.01086883,0.009773614,0.008591596,0.007847427,0.0070675598,0.006487834,0.005909587,0.0053843404,0.0052643386,0.0050837114,0.0049706134,0.0049587353,0.005057609,0.0050513744
2FingerPinch,0,23,1,0.7477859,0.7367471,0.72792345,0.7192678,0.7167897,0.71208227,0.70405585,0.70575917,0.7019816,0.70294714,0.7079979,0.7072505,0.7085053,0.7119193,0.7101673,0.7162526,0.7168815,0.71343076,0.7139805,0.70678526,0.7057366,0.6876678,0.68698716,0.67576563,0.66289854,0.64763695,0.6385008,0.62231266,0.61031806,0.59801155,0.58570117,0.57327837,0.55904007,0.55065525,0.5363126,0.52933395,0.5225368,0.51168513,0.50311637,0.49445978,0.48750433,0.47743174,0.46821135,0.4578083,0.44478497,0.42890507,0.41441876,0.39722532,0.37817916,0.35696995,0.33424935,0.31462315,0.28705657,0.26465607,0.23903604,0.21403258,0.18859299,0.16471294,0.13966145,0.1144563,0.095344245,0.074907064,0.059055872,0.04823788,0.04799395,0.062129404,0.07790473,0.09847326,0.12025346,0.14118929,0.16353825,0.18804829,0.21052378,0.23507847,0.25951666,0.28397405,0.30728325,0.33177486,0.3554753,0.38165024,0.4074648,0.4290696,0.45581725,0.47712004,0.49611083,0.5160306,0.53596264,0.55007863,0.56787145,0.5835906,0.5956329,0.60614187,0.61384743,0.62438923,0.6301844,0.63626796,0.64234996,0.64335614,0.6515921,0.65852034,0.0032804797,0.0032308323,0.0033304635,0.003393637,0.0033998918,0.0034586587,0.0034660618,0.0036099744,0.0037377912,0.0037575327,0.0038875747,0.0040224735,0.0041758176,0.004338722,0.0045455755,0.004739407,0.0049735024,0.0051456694,0.005364421,0.005610006,0.005799658,0.005992103,0.006230582,0.0064315805,0.006654701,0.00690112,0.0070148767,0.007137726,0.0073009604,0.0075024306,0.007644074,0.007820079,0.0080127185,0.008399649,0.008551051,0.009106196,0.009493242,0.009951796,0.010573623,0.01126073,0.01186189,0.012588976,0.013457914,0.014193037,0.014955475,0.015723744,0.016586343,0.017321514,0.018071344,0.018876536,0.019749228,0.020538434,0.021319315,0.0221073,0.022599505,0.023109142,0.023367435,0.023617702,0.023686938,0.023970088,0.024009869,0.024299705,0.024601718,0.024931194,0.025068529,0.025191432,0.025392603,0.025252376,0.025235781,0.024869733,0.024332399,0.023548525,0.022734175,0.021880712,0.020873658,0.01997898,0.019092979,0.018272093,0.017595328,0.01705138,0.01633195,0.015618249,0.014876151,0.014080174,0.013078002,0.012204314,0.01092131,0.009791859,0.0086554475,0.007819055,0.0069994116,0.0063901683,0.0057871174,0.0053435722,0.0052373908,0.005084822,0.005008866,0.0049513746,0.0050615524,0.0051021352
2FingerPinch,0,24,1,0.7477551,0.73569536,0.72794574,0.72027296,0.71832997,0.7121573,0.70594776,0.7064516,0.70358163,0.7014517,0.70724154,0.7068446,0.70783716,0.711811,0.7132285,0.7144234,0.7184058,0.71238446,0.7137437,0.7058663,0.7054005,0.6989741,0.6860255,0.675104,0.66427165,0.6477851,0.6394097,0.62335944,0.6105348,0.5967699,0.5841181,0.5711597,0.5600298,0.5485219,0.54050654,0.5307095,0.522817,0.51054245,0.50411147,0.49500144,0.48573756,0.47654355,0.46685132,0.45701045,0.44477615,0.42787975,0.4145438,0.39890933,0.37860587,0.3585074,0.33384123,0.3136065,0.28982463,0.26417577,0.23944296,0.21379264,0.18833628,0.16470753,0.14014013,0.11373854,0.09721878,0.073858805,0.05816295,0.048340064,0.049348302,0.061551448,0.07918885,0.09878604,0.11980909,0.14117396,0.16286792,0.18755719,0.21119316,0.2353426,0.25890362,0.2831551,0.30752894,0.3327969,0.35798225,0.38143486,0.40747386,0.43354034,0.45548898,0.4778681,0.49748895,0.5152345,0.53455544,0.55343616,0.56863606,0.58335775,0.59340686,0.6086659,0.6113808,0.6235588,0.62861717,0.6357084,0.6401097,0.64361924,0.6493364,0.6572399,0.003261093,0.0032503335,0.0033644317,0.0033628375,0.0034332464,0.0035364048,0.0035222806,0.00367238,0.0038013698,0.0038354348,0.0039822734,0.0041688643,0.004318057,0.004409902,0.0045792707,0.00481142,0.0050544506,0.0052407435,0.005555874,0.0058044177,0.0059442963,0.006179509,0.0063809296,0.006624677,0.0068174675,0.00702186,0.007253207,0.0073025343,0.0075355317,0.0076363008,0.0077795,0.007928087,0.008169228,0.008464757,0.008682577,0.009187345,0.009542442,0.009986565,0.010598258,0.0112079205,0.011839292,0.012541551,0.013325033,0.014123558,0.014855195,0.01566727,0.016473457,0.017267188,0.01809791,0.018950395,0.019793134,0.020643143,0.021446498,0.022112021,0.02264521,0.023194183,0.023442196,0.023690559,0.023693083,0.024002561,0.02420606,0.024377847,0.024621375,0.024951857,0.02509435,0.025360925,0.025498262,0.025465902,0.02544285,0.025122391,0.024408674,0.023648681,0.022987006,0.022001717,0.02093473,0.019992203,0.019125924,0.01835396,0.017763805,0.017130254,0.01643367,0.015742972,0.015044889,0.014140983,0.013202908,0.012150763,0.010998629,0.009881112,0.008776829,0.007811781,0.0070528784,0.006457618,0.005876519,0.0053943875,0.005157936,0.005051447,0.004989688,0.0049207453,0.0049815844,0.0050007496
2FingerPinch,0,25,1,0.7476802,0.73589545,0.72712135,0.7198196,0.7167493,0.71156305,0.7094773,0.7043402,0.7040021,0.7017182,0.70834064,0.7089551,0.7061836,0.71092266,0.71178895,0.7153241,0.7167067,0.7115164,0.7143677,0.7047199,0.7054577,0.69602007,0.6848443,0.6743151,0.6620146,0.6501383,0.6368662,0.6240317,0.6106691,0.59702396,0.58393097,0.57138103,0.56237036,0.5458977,0.5394699,0.52975434,0.52254,0.5096828,0.50416934,0.4955172,0.48775065,0.47647518,0.46603274,0.4575809,0.44364837,0.42892566,0.41389397,0.3985728,0.37888128,0.3568405,0.33536246,0.3141563,0.28903967,0.26461574,0.23839368,0.21512486,0.18900551,0.16527466,0.14007227,0.117918715,0.09433487,0.075864576,0.05834994,0.048178427,0.050111193,0.06080211,0.07854923,0.09965159,0.11962334,0.1422718,0.16372913,0.18751572,0.2105218,0.23602174,0.2588586,0.28247923,0.30906615,0.33330485,0.35650122,0.38106588,0.4054022,0.43000996,0.45414805,0.47621328,0.49684757,0.5155032,0.53285855,0.55462307,0.5670699,0.5834047,0.59465104,0.6048964,0.6133636,0.6236424,0.62896585,0.6363978,0.6396113,0.64395064,0.65089256,0.6574745,0.0033077204,0.003379641,0.0034112602,0.0035058134,0.003614405,0.0036252812,0.0036266888,0.0038297663,0.003925683,0.0039619096,0.0040849796,0.004195046,0.0043401415,0.004584377,0.0047471477,0.0049327747,0.0051410696,0.0052532624,0.0055535715,0.005819832,0.0060097454,0.006189561,0.0063672424,0.006653058,0.0069295205,0.00707538,0.0072764247,0.007398206,0.007615365,0.0076765474,0.00784308,0.007956898,0.008279797,0.008443964,0.008771263,0.009270796,0.009702742,0.010169802,0.010694948,0.011380196,0.011973214,0.012679088,0.013481168,0.0142572895,0.015069447,0.015829267,0.01670324,0.017401181,0.01829889,0.019131029,0.019879192,0.020726796,0.021465199,0.022226647,0.022723105,0.023206929,0.023590464,0.023796743,0.023835018,0.024178112,0.024302248,0.02437777,0.02473358,0.025014482,0.025200777,0.025426785,0.025591314,0.02554243,0.02554131,0.025122233,0.024476549,0.02373005,0.022870842,0.022034768,0.021028126,0.020145006,0.019258063,0.01847383,0.01778029,0.01721657,0.016567761,0.015870564,0.0150680225,0.014199718,0.013220622,0.012227495,0.011044987,0.01003231,0.008862655,0.007906236,0.0071807005,0.006463497,0.0059689726,0.0055252877,0.005270183,0.0050825807,0.005023893,0.0049886834,0.0050098104,0.0050916425
2FingerPinch,0,26,1,0.74760854,0.7366467,0.7295937,0.72021574,0.7176879,0.7123995,0.70573574,0.7049705,0.70242804,0.7012288,0.7070807,0.7080514,0.7059281,0.7101317,0.7100335,0.7137127,0.7173452,0.7130236,0.71275514,0.7035415,0.7035503,0.68711054,0.68623334,0.6749748,0.6620247,0.6499487,0.6366719,0.6202567,0.6097626,0.59587955,0.58473545,0.5725046,0.5612555,0.5485063,0.5364932,0.52965754,0.5222986,0.5117971,0.50412095,0.49502957,0.48682866,0.4779044,0.4664207,0.45753747,0.44394454,0.42891023,0.41349792,0.39746457,0.37890482,0.3546474,0.33505765,0.3125281,0.28906718,0.26359972,0.23824652,0.21348962,0.18914142,0.16495281,0.13984632,0.116672955,0.09441871,0.07430316,0.05986213,0.0482714,0.04875335,0.06140761,0.08006144,0.09932519,0.121109754,0.14282928,0.16431113,0.18931821,0.21171013,0.2362382,0.25888813,0.28348598,0.30738828,0.33126077,0.3564282,0.38046283,0.4041774,0.43073204,0.45266095,0.47512767,0.49630857,0.51480764,0.53306514,0.552979,0.5680845,0.5832965,0.59436035,0.60691345,0.6122728,0.62203664,0.6272429,0.6357781,0.6406442,0.644856,0.65043557,0.6587737,0.003283463,0.0033702075,0.0034478928,0.0034432504,0.0036036768,0.0035891363,0.0036202748,0.0037537506,0.0038849767,0.003941685,0.004135712,0.004199891,0.0043070833,0.0044890745,0.0046589915,0.004883609,0.0051066023,0.005318158,0.005473895,0.0057110274,0.0059043947,0.006142368,0.0063875993,0.0065847104,0.00677705,0.007039469,0.007209969,0.007272528,0.0075550927,0.007594626,0.007831423,0.007939168,0.008169066,0.008425663,0.008795797,0.009228282,0.009594729,0.010050478,0.010584642,0.011282927,0.011891952,0.012614392,0.013291762,0.014109492,0.014882185,0.01576532,0.016514428,0.017359547,0.018162867,0.01898401,0.019731455,0.02060584,0.02130744,0.022012396,0.02257483,0.023073303,0.023321675,0.0235443,0.023661522,0.0239362,0.024064025,0.024251709,0.024461165,0.024872603,0.024993137,0.025210472,0.025303962,0.025281128,0.025175922,0.024777435,0.02423838,0.02343908,0.022624288,0.021741098,0.020656554,0.019746987,0.018893065,0.018138427,0.017479423,0.016902497,0.016174238,0.015592345,0.014834543,0.013938495,0.013003595,0.012025866,0.010836567,0.0097192675,0.008640791,0.007808451,0.0070508467,0.006382726,0.005881419,0.0054274458,0.005202734,0.0050465614,0.0050192005,0.0050208224,0.0050431555,0.0050739925
2FingerPinch,0,27,1,0.74832654,0.73789144,0.72856206,0.7197135,0.7181839,0.71247494,0.70501304,0.70354056,0.70392823,0.7004877,0.7043756,0.70876414,0.7085286,0.71042883,0.7133809,0.7165714,0.71678877,0.7133911,0.7130489,0.7046059,0.70406866,0.6892376,0.6823913,0.6754267,0.66151476,0.64713466,0.64000833,0.62303674,0.6108399,0.5963238,0.58422595,0.57510346,0.55931824,0.550134,0.5411435,0.5272917,0.5238069,0.5109304,0.5039322,0.49574438,0.48782557,0.47725338,0.46548188,0.45648378,0.44357187,0.42863798,0.4147511,0.3972503,0.377005,0.35824558,0.3350912,0.31212762,0.28928864,0.26382205,0.23892392,0.21358255,0.18890442,0.16444792,0.14052461,0.114732504,0.096971124,0.07380915,0.05888647,0.0470753,0.050155073,0.06280539,0.081133805,0.09914137,0.12035501,0.1428727,0.16375716,0.18782322,0.21169189,0.23505451,0.25851566,0.28260452,0.3077021,0.3300671,0.35698006,0.37929404,0.4050929,0.4294218,0.45476258,0.47622338,0.49689698,0.51478714,0.5350867,0.5525068,0.5671177,0.58262384,0.59441566,0.60630697,0.6133709,0.6239755,0.6305574,0.63702345,0.63827306,0.64696807,0.65069664,0.65771854,0.0033245692,0.0034070676,0.0034126504,0.003430614,0.0035565952,0.0036244642,0.0036637876,0.0037675179,0.003910512,0.0039037645,0.0039602406,0.0041701063,0.0042814966,0.0044892607,0.004647694,0.0048293895,0.0050081126,0.0051773367,0.005488031,0.0057167658,0.0059406073,0.006038893,0.0062823663,0.0065059518,0.0067278845,0.006958848,0.007143596,0.007214842,0.0073628663,0.0075338776,0.007679746,0.007823775,0.008047694,0.008377465,0.008639534,0.0091796415,0.009497514,0.010067805,0.0105387755,0.011221734,0.011980535,0.0125835985,0.013301716,0.014081794,0.014916245,0.01580044,0.01657582,0.017314088,0.018134076,0.018954806,0.019716138,0.02058956,0.021333294,0.022094151,0.022480639,0.022977298,0.023314388,0.02348947,0.023578478,0.023790617,0.023899429,0.024159001,0.024327142,0.024641383,0.024792233,0.024921892,0.0251278,0.025017835,0.024990017,0.02459708,0.02399401,0.023260243,0.022515567,0.021540178,0.020494787,0.019558178,0.018801112,0.018035948,0.017366169,0.016750537,0.016130202,0.0154323885,0.014752607,0.0138131995,0.012872839,0.01191183,0.010736057,0.009632371,0.00852332,0.0077332333,0.006924899,0.0064270636,0.005848824,0.0053263563,0.0051276307,0.0050312057,0.0049521825,0.0050334274,0.00503108,0.00506981
2FingerPinch,0,28,1,0.74883795,0.7370614,0.7286374,0.7204575,0.7162802,0.71159923,0.70929146,0.7044856,0.7029442,0.7037498,0.7069885,0.7081532,0.70738745,0.71046877,0.71156794,0.7147474,0.71777225,0.71187055,0.7132299,0.7044353,0.70279676,0.6895317,0.68477905,0.6755757,0.66091245,0.64780504,0.6377739,0.6230259,0.61004823,0.5967234,0.58567494,0.5709434,0.5599052,0.5486202,0.53814924,0.5302253,0.5221746,0.51298714,0.50323635,0.49626333,0.48647538,0.47834396,0.46682337,0.45622766,0.4439955,0.42882246,0.41424522,0.39751333,0.37846604,0.35726735,0.33290395,0.31426802,0.2873071,0.2645909,0.23915537,0.21432032,0.18847135,0.1645927,0.14027512,0.11471472,0.09510749,0.07488331,0.060125362,0.048161175,0.050054274,0.062456023,0.08006568,0.09892022,0.12000087,0.14379077,0.1643885,0.18799683,0.21196333,0.23603562,0.2595274,0.28337297,0.30807856,0.3319888,0.3568942,0.38032898,0.40798983,0.42968953,0.45565066,0.47448537,0.4976261,0.51575714,0.53690684,0.5524171,0.56840914,0.5832483,0.5953039,0.6051751,0.6141469,0.6244633,0.6315279,0.6357858,0.641993,0.64314604,0.6503051,0.65903544,0.0033529866,0.0034152183,0.0033832125,0.0034324646,0.0035009766,0.0035461928,0.0036365318,0.0037138404,0.0037606484,0.003897145,0.003978164,0.0041293716,0.0042013596,0.004335643,0.004481445,0.004682129,0.0049721953,0.005075016,0.0054031266,0.005546582,0.0057803453,0.0059205242,0.006169695,0.006439168,0.006674159,0.006825514,0.0070639923,0.0071223923,0.007347502,0.007454956,0.0076503907,0.007753881,0.008055405,0.008374747,0.008719193,0.009174691,0.009555745,0.010083176,0.010591368,0.011333134,0.01188153,0.012683799,0.013407978,0.014145706,0.014898958,0.015763793,0.01653971,0.017327528,0.018200701,0.018974913,0.01979826,0.020613298,0.021325208,0.02218521,0.022661325,0.02307438,0.023364417,0.023561766,0.023696844,0.023906795,0.024016265,0.024298938,0.024494339,0.024830697,0.024983719,0.02506333,0.025325634,0.025293233,0.025224369,0.024881022,0.024232227,0.023504302,0.022772757,0.02181567,0.020758785,0.019890971,0.019026324,0.018252028,0.017624123,0.017010368,0.016305037,0.015716532,0.014971033,0.014063941,0.013119986,0.01208728,0.010986352,0.009838414,0.008718005,0.007838275,0.007094247,0.0064292178,0.005958162,0.0054417183,0.0052397125,0.005144028,0.0050750393,0.005064812,0.0051495,0.0051521533
2FingerPinch,0,29,1,0.7489288,0.7364726,0.73039496,0.7198986,0.7174994,0.7115404,0.70501846,0.7051077,0.7014778,0.70109975,0.70706934,0.70724446,0.7073034,0.71072626,0.7117008,0.71370596,0.7178353,0.7116514,0.71362406,0.7049086,0.70291716,0.69796604,0.68478215,0.6753599,0.66244024,0.64826244,0.6386193,0.6221821,0.6098511,0.59567344,0.5839427,0.5709664,0.55972284,0.54788005,0.5412254,0.52708113,0.5246187,0.5121412,0.5033491,0.49449378,0.4876325,0.47766253,0.4667559,0.45627487,0.44517544,0.42855668,0.41451618,0.39876822,0.3772366,0.35750687,0.33532462,0.31263432,0.28888258,0.2636862,0.23848912,0.21438289,0.18897596,0.16484353,0.14018299,0.11626141,0.09470337,0.073318854,0.059633005,0.048323024,0.048340637,0.061854478,0.08080038,0.100435905,0.11880941,0.14067522,0.16541368,0.1878802,0.21142296,0.23508331,0.25889322,0.28281605,0.30737364,0.33312932,0.35428458,0.38237262,0.40495348,0.4283461,0.45773023,0.47736007,0.49817404,0.5164267,0.53460276,0.5531091,0.5682628,0.5835263,0.5937168,0.6067711,0.61350805,0.62337255,0.63061297,0.6360896,0.6421749,0.64637107,0.6490601,0.65784997,0.0032419374,0.0033559394,0.0033133414,0.0033286514,0.003442807,0.003506993,0.0035575875,0.0036509861,0.0037144865,0.0037974147,0.0038722283,0.004057653,0.0041493415,0.0042966856,0.004499958,0.004620706,0.004840692,0.0050282725,0.0053174742,0.00547097,0.0056949696,0.0059152236,0.0061499556,0.006365044,0.0066256425,0.0069054766,0.007032088,0.0071001714,0.0073620374,0.0074077477,0.007618102,0.007849344,0.0080408,0.008385019,0.00860795,0.009160962,0.0095659895,0.0101035535,0.010551182,0.011232066,0.011992143,0.0126751885,0.013409246,0.014178773,0.015036313,0.015716016,0.016619505,0.017411433,0.018147249,0.019048195,0.019750781,0.020593036,0.021426516,0.022090195,0.022610104,0.023120575,0.023372268,0.02361791,0.023699746,0.02394504,0.023990825,0.024226809,0.024384715,0.02481747,0.024929786,0.025142105,0.025230048,0.02524968,0.02515684,0.024792004,0.024143567,0.023307113,0.022596683,0.021712162,0.02066115,0.019704783,0.018951155,0.01813309,0.017528864,0.016928175,0.016247667,0.015605382,0.014797463,0.013931668,0.013069171,0.011983507,0.010903542,0.009810847,0.008648402,0.0078036166,0.0070905886,0.006451543,0.0058347164,0.0054173577,0.0052427957,0.005131184,0.005044787,0.005023779,0.00503158,0.005153308
2FingerPinch,0,30,1,0.7478879,0.7366647,0.7295491,0.7197261,0.7170005,0.7122465,0.7056689,0.70578074,0.7043162,0.7007922,0.7056021,0.7091671,0.70751476,0.7112162,0.71164936,0.7151803,0.71691084,0.7122378,0.71410185,0.7070163,0.7027781,0.6877844,0.6847405,0.6744242,0.66258913,0.65118474,0.63663816,0.6232603,0.609956,0.595827,0.58354867,0.5732843,0.561318,0.5471386,0.53864354,0.5290536,0.52037734,0.5125216,0.50381994,0.4952545,0.48665667,0.47783908,0.4660123,0.45775956,0.44426513,0.42911628,0.41398877,0.39725038,0.37759748,0.35811776,0.33481672,0.3128224,0.28876057,0.26423424,0.23923856,0.21454468,0.1886814,0.16488698,0.14069639,0.1165453,0.09415499,0.07405108,0.059118923,0.049248993,0.049216382,0.06224304,0.07883342,0.09846273,0.11954235,0.14149812,0.16497886,0.18632568,0.21010871,0.23486067,0.25924218,0.28250295,0.3074476,0.33125806,0.35676518,0.3809722,0.40663376,0.4290283,0.45600307,0.47535732,0.49735317,0.514964,0.53442764,0.55327016,0.568949,0.584175,0.5950077,0.60651374,0.61292833,0.6230315,0.6301968,0.631482,0.64084244,0.64695996,0.6486123,0.65733564,0.003273972,0.0033479668,0.0033719377,0.0033398957,0.0034883802,0.0034888566,0.0035817204,0.00364124,0.0038212482,0.003836707,0.0039076204,0.0041458486,0.004185965,0.004458722,0.004523868,0.0047965106,0.004998754,0.0051605497,0.0054290416,0.0056723733,0.005822264,0.005933508,0.0062029255,0.006524592,0.0067112693,0.0069738408,0.0071120276,0.007285858,0.0074289446,0.0075737154,0.0077471547,0.007906308,0.008095177,0.008503085,0.008750786,0.009202172,0.009631138,0.010196793,0.010681122,0.011395948,0.012052492,0.012827346,0.013527697,0.014383679,0.015068987,0.015898032,0.016702328,0.017566245,0.018334167,0.019215835,0.01995772,0.020759687,0.021560404,0.022261877,0.022754705,0.02331455,0.023573535,0.023728775,0.023790719,0.02411927,0.024231391,0.024320405,0.024532648,0.024946922,0.025053106,0.025244197,0.025325201,0.025355475,0.025217675,0.024886066,0.024239032,0.023462957,0.02272135,0.021829892,0.020775031,0.019886427,0.01901751,0.018173348,0.01758175,0.017028624,0.016282463,0.015570297,0.01498191,0.013973105,0.013071813,0.012038835,0.01089766,0.009825666,0.00871175,0.007856923,0.0071302615,0.0064429133,0.0059647956,0.0055024987,0.0052533597,0.0051554474,0.005128704,0.0050862227,0.005045423,0.005124579
2FingerPinch,0,31,1,0.7477607,0.7365416,0.7292057,0.7186824,0.71710485,0.7117823,0.70509773,0.7050579,0.7030764,0.70280904,0.70713025,0.7080231,0.70867234,0.71101004,0.7128697,0.71486896,0.7165971,0.71226376,0.71261543,0.7058193,0.70466006,0.6874781,0.686437,0.6753869,0.66358703,0.64692396,0.6396901,0.62420017,0.61061513,0.5960691,0.58401597,0.572482,0.55923986,0.549859,0.5379039,0.5304711,0.5239707,0.5101006,0.5046855,0.4953862,0.48734564,0.47713792,0.4671263,0.45808148,0.44455934,0.42814028,0.41495812,0.39732,0.37683362,0.3570669,0.3347444,0.31344745,0.28833684,0.26499364,0.23887773,0.2141974,0.18916741,0.16485031,0.13959096,0.11513321,0.096023165,0.07578778,0.059136786,0.046696007,0.04925281,0.062087808,0.079473965,0.0981424,0.119883336,0.14251506,0.1642375,0.18781862,0.21110721,0.23603433,0.25909317,0.28355816,0.3081915,0.33195695,0.35612264,0.3803654,0.4056786,0.42953688,0.45412704,0.47526768,0.49602923,0.51637286,0.53325963,0.5520057,0.5682739,0.5830383,0.5942867,0.6064108,0.6114786,0.62378204,0.63011634,0.6335025,0.63933694,0.64489466,0.65115386,0.65680146,0.0032687315,0.0033720762,0.0033340042,0.0034455422,0.0035259936,0.003598999,0.003623281,0.0037157503,0.003797089,0.0038704167,0.0039561945,0.0041173156,0.0043181796,0.0044103647,0.004576511,0.0047535407,0.0049859947,0.0051186355,0.0053414246,0.0056391307,0.0058702775,0.006041715,0.0063092057,0.006497983,0.0067130993,0.0069432836,0.007152739,0.0072292904,0.0074052606,0.007521636,0.0077192173,0.00793372,0.008103539,0.008405761,0.008671692,0.009217741,0.009658266,0.010032011,0.010604366,0.011334612,0.011886662,0.012628485,0.01337567,0.014171254,0.014970613,0.01576493,0.016573543,0.017396199,0.018261215,0.019047638,0.019846361,0.02066718,0.021547863,0.022199132,0.022709824,0.023209995,0.023529846,0.023705414,0.023749605,0.02400202,0.024151098,0.024402248,0.024647564,0.02496736,0.025036706,0.025234241,0.025370661,0.025315603,0.025143683,0.024807874,0.024160782,0.023465129,0.022662846,0.021797324,0.020677427,0.01977365,0.018881649,0.018164767,0.01746278,0.016878327,0.016155858,0.0155598745,0.014849027,0.013887552,0.01306212,0.012013981,0.010846093,0.009803631,0.008621161,0.0078093056,0.0070424676,0.0064492114,0.0058705057,0.005446846,0.005186326,0.005082477,0.004998558,0.0050369147,0.0049606073,0.0051101525
2FingerPinch,0,32,1,0.7486655,0.7377471,0.72898185,0.71924895,0.71574193,0.7115014,0.70919365,0.70459366,0.7026846,0.7008239,0.70634747,0.7096729,0.7081136,0.71041256,0.7121826,0.71399564,0.71747583,0.7130604,0.7124755,0.70485234,0.7037752,0.68998766,0.68632483,0.6748038,0.6644689,0.6468533,0.637552,0.623096,0.6102469,0.59564847,0.5825594,0.5735385,0.5597491,0.5477589,0.53852963,0.52839786,0.5241939,0.5111507,0.504477,0.49630073,0.48665592,0.4785509,0.46673322,0.4580638,0.4447625,0.429478,0.41314414,0.3984403,0.3793415,0.3578377,0.33392593,0.31239447,0.28892747,0.26465243,0.2382935,0.21389519,0.1884175,0.16444547,0.14125548,0.115318276,0.09634085,0.07385678,0.05957065,0.04976581,0.049663294,0.061550926,0.07973396,0.099177666,0.12025307,0.1419785,0.16350654,0.18848164,0.21131188,0.23575497,0.25790444,0.28322983,0.3067029,0.331527,0.35744378,0.38003695,0.40633038,0.43055975,0.45424852,0.47577298,0.4966677,0.5152636,0.53441876,0.5536757,0.56772804,0.5833737,0.5949309,0.6070112,0.61333144,0.6225604,0.63027656,0.63571703,0.64015096,0.6445001,0.6518621,0.6585947,0.00325787,0.003335259,0.003375742,0.003421008,0.00349729,0.0035407217,0.003558808,0.0035984614,0.0037837718,0.0038083028,0.0039665927,0.0041101906,0.00423163,0.00434774,0.004559554,0.0047162613,0.004979678,0.00514963,0.0053542634,0.0055671385,0.005797083,0.005956995,0.0062307757,0.006411606,0.0067293644,0.006841107,0.0071087615,0.007141716,0.0074036703,0.007469731,0.0076749716,0.007862493,0.008089264,0.00845138,0.008718523,0.009197278,0.009617774,0.010098849,0.0107139405,0.0113455765,0.011996874,0.0127806105,0.013496419,0.014299675,0.015025741,0.015867839,0.016685149,0.01746296,0.018271755,0.019085245,0.019903997,0.020667244,0.021447213,0.022144284,0.022597311,0.023054242,0.023358528,0.023631874,0.023689482,0.023925455,0.023953883,0.02424306,0.02432736,0.024687974,0.024953201,0.02510602,0.025191618,0.025066137,0.024969475,0.024667213,0.024050586,0.023255771,0.022553274,0.021635301,0.02063196,0.019734096,0.01887392,0.01806203,0.017499907,0.01682307,0.01622736,0.0155524425,0.014826706,0.013971259,0.013052494,0.012075584,0.010909697,0.009788058,0.008662946,0.007863443,0.0070622945,0.00646778,0.0058664083,0.0054319617,0.0051457505,0.005068563,0.0049743075,0.005019402,0.0049621495,0.005117339
2FingerPinch,0,33,1,0.7480502,0.7342117,0.7284626,0.72012395,0.7182877,0.7113513,0.70594656,0.70502925,0.70412016,0.7001518,0.70494443,0.7074595,0.70889235,0.71087766,0.71123356,0.71476465,0.71477306,0.7120928,0.71130544,0.70489734,0.7033978,0.69765663,0.68478966,0.67572874,0.6613954,0.6485397,0.6373485,0.6229353,0.6095471,0.59651464,0.5864407,0.5722314,0.55986667,0.5509621,0.54047817,0.5260953,0.5231888,0.50965875,0.5018073,0.49420354,0.48647046,0.47831884,0.4656689,0.45578572,0.44373864,0.42786345,0.412104,0.39766946,0.37691307,0.35784304,0.33533657,0.31307107,0.28704983,0.26474106,0.23905991,0.21432376,0.18950644,0.16564073,0.14089777,0.11687968,0.09503678,0.07559513,0.060256578,0.048753276,0.051401004,0.062803134,0.08038194,0.099255815,0.11997099,0.14213486,0.16415092,0.18788253,0.2110637,0.23566498,0.25952455,0.28231844,0.30776975,0.33183998,0.3560256,0.38083538,0.4069201,0.42979622,0.45512977,0.47624788,0.49740657,0.51653045,0.5354364,0.55042315,0.5675488,0.58311903,0.5940962,0.605829,0.613269,0.6237588,0.6284156,0.63634723,0.6397554,0.64477175,0.64970195,0.65815973,0.0033041,0.0032592223,0.0033195731,0.0034668136,0.0034860778,0.0034574696,0.003555661,0.0036392857,0.0037923972,0.0037867653,0.003927321,0.004015138,0.004153264,0.0043647233,0.0044883243,0.004722919,0.004890221,0.0050872355,0.0053225276,0.0056235367,0.0058583757,0.00603169,0.006349308,0.006424235,0.006719935,0.0068721035,0.007157398,0.007193816,0.007398032,0.007561475,0.0077371546,0.007866489,0.008156042,0.008469562,0.00877319,0.009160339,0.009576067,0.010121276,0.0106890425,0.011296799,0.012010507,0.012899725,0.013579019,0.014322271,0.015138319,0.015918018,0.01670845,0.017460572,0.018349182,0.01922832,0.01996345,0.02069843,0.021488063,0.022237046,0.022702128,0.023271779,0.023513017,0.023677204,0.023812063,0.024002524,0.02409348,0.024342775,0.024422362,0.024791282,0.024911383,0.025142653,0.025258323,0.02521336,0.024961011,0.02461579,0.024066554,0.023278013,0.022525955,0.021636859,0.020580312,0.019733354,0.01882655,0.018106034,0.01749347,0.016803164,0.016122589,0.0155237615,0.014790834,0.013840234,0.012991153,0.011999018,0.010834934,0.009683556,0.0086069,0.0076853125,0.0070243585,0.006394753,0.0058251894,0.0054273587,0.005172392,0.005048661,0.004974398,0.004997325,0.004947191,0.0050314404
2FingerPinch,0,34,1,0.7480631,0.7367115,0.72877514,0.7199366,0.7165012,0.7123137,0.70492536,0.70622396,0.70267314,0.7016255,0.7067697,0.70762503,0.7078687,0.710335,0.7109678,0.7138284,0.7166696,0.71209913,0.7124644,0.7039546,0.7053428,0.68721855,0.685589,0.67368597,0.66044694,0.64751136,0.6383778,0.6199084,0.6093145,0.59784317,0.5838335,0.5706586,0.5602233,0.54925704,0.53729445,0.5284784,0.5219016,0.5106278,0.50249916,0.4948376,0.48691612,0.47760296,0.46613127,0.45678633,0.44466168,0.43074578,0.41214824,0.39763707,0.3771908,0.3577392,0.3349545,0.31209415,0.28936845,0.26289216,0.23904006,0.21402296,0.1894827,0.16489145,0.14088775,0.11663732,0.09598288,0.07605455,0.05787107,0.050075814,0.049560737,0.06279312,0.0779214,0.09783775,0.119989835,0.1424161,0.16398773,0.18750916,0.21124904,0.23606429,0.25841114,0.28360885,0.30774403,0.3312058,0.35761166,0.38052008,0.40422058,0.4302422,0.4551936,0.4767427,0.4960804,0.51532125,0.5352722,0.553049,0.56853557,0.5832014,0.59466624,0.6052788,0.61283135,0.6224166,0.6284066,0.6340596,0.639007,0.64381343,0.65012157,0.6570974,0.0031962213,0.0031285794,0.0032361194,0.0033287387,0.0033701505,0.003365508,0.0034216433,0.0035702037,0.0036653082,0.0037665172,0.0038620501,0.0039519533,0.004075014,0.004255809,0.00443519,0.00466643,0.004844665,0.0050633023,0.005352855,0.005605357,0.0058229743,0.0058975043,0.0061606336,0.0064234454,0.0066711083,0.0068797213,0.007094271,0.0071877916,0.0073836753,0.007606415,0.0077236877,0.007876602,0.008207396,0.008514069,0.00878334,0.009259527,0.009627565,0.010097557,0.010692402,0.011347856,0.011992049,0.012823232,0.013541775,0.014390449,0.015216555,0.0160033,0.01676482,0.017556848,0.018382411,0.019188523,0.0199385,0.020814933,0.021584345,0.02220836,0.02284277,0.023332601,0.023618512,0.023725094,0.023749525,0.023983205,0.024094809,0.024291841,0.024516257,0.024757214,0.024944471,0.02503932,0.02512564,0.025080021,0.024863187,0.024542775,0.023948148,0.023216069,0.022430161,0.021475812,0.020389054,0.019580737,0.018734943,0.017990483,0.017324258,0.016711354,0.01606041,0.015402331,0.01464007,0.013771224,0.012894512,0.0119332345,0.010792004,0.009730756,0.008568579,0.0077484455,0.0070773554,0.0063844975,0.005832934,0.005433406,0.0051855654,0.005058991,0.004989418,0.005023855,0.005050139,0.005074856
2FingerPinch,0,35,1,0.748577,0.7369058,0.728669,0.719046,0.7178081,0.7108238,0.70628756,0.70495975,0.7014306,0.7016074,0.70563406,0.7101478,0.70830977,0.7139607,0.711582,0.71445024,0.7160174,0.71155363,0.7133695,0.704812,0.7040141,0.6880209,0.68452156,0.67262256,0.6614292,0.6499079,0.63625574,0.6222861,0.60971093,0.59550273,0.58275473,0.57055587,0.5587876,0.5484659,0.53674924,0.5272901,0.5237623,0.51037383,0.5015719,0.49454555,0.48577815,0.47664663,0.4654645,0.45581758,0.44344148,0.4273111,0.41342938,0.39559963,0.37642667,0.357391,0.33495575,0.31213433,0.28840816,0.2636427,0.23883787,0.21368258,0.18903472,0.16570446,0.1410795,0.116764635,0.09672848,0.07579048,0.05986168,0.05076572,0.051041305,0.06269437,0.08010981,0.098329306,0.12033918,0.14134051,0.16396299,0.18638949,0.21025687,0.2343523,0.25905305,0.28259563,0.30740196,0.33155128,0.35576576,0.38146862,0.406893,0.42725873,0.45411515,0.47437194,0.49778908,0.5154572,0.53372616,0.55325276,0.56763804,0.5834835,0.593842,0.6057805,0.6140355,0.6227159,0.6273766,0.6351229,0.6399552,0.6444029,0.65020907,0.6586038,0.0030098478,0.0030211122,0.0031772987,0.003153738,0.00331755,0.0033043367,0.0033679064,0.003487438,0.003601288,0.003753287,0.003810743,0.0040250914,0.004148567,0.0043807724,0.0044412613,0.0047377707,0.0049224547,0.005103836,0.005317187,0.0055572963,0.0058186883,0.0058262204,0.0061388365,0.006325108,0.0065910597,0.0068714153,0.007036148,0.007132249,0.007381072,0.0074164984,0.0076899757,0.007778518,0.008093197,0.0084214555,0.008621186,0.0091476515,0.009530932,0.00995484,0.010559029,0.01118517,0.0119288005,0.0127028795,0.0134064425,0.014259303,0.015033143,0.015868802,0.0166514,0.017494228,0.018263303,0.019125298,0.01993535,0.02070211,0.021467753,0.022183696,0.022651535,0.02314306,0.02346497,0.023594448,0.023669789,0.02396816,0.024090594,0.024206577,0.024396412,0.024664927,0.024826469,0.024894357,0.025031257,0.024952589,0.024828443,0.024469499,0.02380186,0.023088412,0.022343263,0.02145422,0.020388626,0.019515434,0.018662393,0.017935872,0.017329482,0.016658306,0.016040234,0.015346397,0.01465784,0.013690889,0.012974433,0.011914749,0.01071371,0.009685031,0.0085180765,0.0076687043,0.006927676,0.006283319,0.0057314797,0.0053045736,0.005089352,0.0049625826,0.004911726,0.004936407,0.005064524,0.005003957
2FingerPinch,0,36,1,0.7488713,0.73702556,0.72829884,0.719265,0.7175967,0.710638,0.7055064,0.7045596,0.70590687,0.70292807,0.70440245,0.70740867,0.70824903,0.70987475,0.7111501,0.71304566,0.7173984,0.71222013,0.7117688,0.7034592,0.7015245,0.68774456,0.68865865,0.6731245,0.66366297,0.6463128,0.6363824,0.6227071,0.6091625,0.5962209,0.5834377,0.57044023,0.55890036,0.5473024,0.5353261,0.52553564,0.52306414,0.51005876,0.5028577,0.49390444,0.48589966,0.47571087,0.46466562,0.45545724,0.44239292,0.42614686,0.41408238,0.39506257,0.37545398,0.3562414,0.33470538,0.3123293,0.28728095,0.26409197,0.23926501,0.21400659,0.1890611,0.16557616,0.14059964,0.118144736,0.09649866,0.074702926,0.061307605,0.049330484,0.050527975,0.06387254,0.08015306,0.09813047,0.1195208,0.14144054,0.16475932,0.18746825,0.2110131,0.2346921,0.2598045,0.2822794,0.30689058,0.3310554,0.35580555,0.38070703,0.40805507,0.42816818,0.45591787,0.47640672,0.49696103,0.5188291,0.53454494,0.5515281,0.5672639,0.58301544,0.59450763,0.60739774,0.6142208,0.62438434,0.628243,0.6350871,0.64201194,0.6453226,0.6509345,0.6580287,0.003181186,0.0033205543,0.0033531475,0.0033845447,0.0034050974,0.0035350581,0.003522445,0.0035982386,0.0037930787,0.0038297747,0.0039098146,0.0041106865,0.0041809822,0.0043527135,0.00450156,0.0046802056,0.004972008,0.005114141,0.005370105,0.005590003,0.005771844,0.006013167,0.0062413802,0.006378981,0.0066395816,0.006834882,0.0070292093,0.007153246,0.0073183295,0.0074146483,0.0075959237,0.007747686,0.008021453,0.0083285915,0.008624045,0.009056389,0.00957546,0.0100371,0.010591786,0.011287816,0.011927008,0.012721275,0.0134146465,0.014271271,0.014949751,0.015800906,0.0167418,0.017538983,0.018389262,0.019234749,0.019984992,0.020846134,0.021549655,0.022183472,0.02268882,0.023127314,0.023457846,0.023611026,0.023778442,0.024041403,0.024237055,0.024266835,0.02455833,0.024855861,0.024938013,0.025099669,0.02522832,0.025123684,0.024942447,0.024590442,0.023985678,0.023210946,0.022473453,0.02153117,0.020464513,0.019555168,0.018739322,0.01800576,0.01736327,0.016797414,0.016137995,0.015454648,0.014695154,0.013809667,0.012943462,0.012036663,0.010888267,0.009750496,0.008592339,0.0077302367,0.007055982,0.0063976417,0.0059039313,0.0053680777,0.005174629,0.005047015,0.004959876,0.0050052498,0.0050351764,0.0050835423
2FingerPinch,0,37,1,0.7489218,0.7368872,0.72821534,0.71934116,0.7167462,0.7111205,0.7055004,0.7047794,0.70286405,0.7029206,0.70526594,0.7078322,0.7077977,0.7109316,0.7107193,0.7149768,0.7153728,0.71120334,0.71127045,0.70271885,0.70359963,0.6977929,0.6850667,0.6737802,0.6615479,0.6480672,0.6368992,0.621227,0.6102467,0.59525704,0.58345217,0.57054436,0.5584471,0.5474425,0.53812844,0.52900195,0.5200906,0.51062095,0.5020469,0.4943588,0.48456824,0.47479013,0.46577156,0.45597515,0.44319475,0.4287391,0.41232324,0.39589325,0.37775743,0.35583752,0.33689713,0.31161126,0.287669,0.26307082,0.23830819,0.2136786,0.18782349,0.16441777,0.14142624,0.115552485,0.09752857,0.07316811,0.061093543,0.050726663,0.050751727,0.064241365,0.08109438,0.09931068,0.120161764,0.14346452,0.16397329,0.18796082,0.21140184,0.23594107,0.25921544,0.28237125,0.30782178,0.330975,0.357267,0.38099274,0.4068919,0.42720214,0.45639437,0.4773501,0.49687254,0.5144356,0.5363998,0.5517695,0.56819516,0.5832799,0.59424514,0.6072698,0.6139374,0.62314016,0.6283609,0.6366182,0.64071184,0.6432969,0.6503211,0.6569876,0.0030941365,0.003143129,0.003220455,0.0032228846,0.0034043628,0.0034524687,0.003405519,0.003558511,0.0036822127,0.003675864,0.0037365805,0.0039495514,0.004114198,0.0042512566,0.0044674836,0.004676536,0.004914322,0.0050850874,0.005380508,0.005534209,0.0058439896,0.0059401835,0.0061881053,0.0063708033,0.0066485954,0.006863472,0.0069578514,0.0071259458,0.007314133,0.0074874973,0.0076435274,0.007840292,0.0080423,0.008384045,0.008627057,0.009130767,0.009490408,0.010112739,0.010669847,0.011386233,0.01193532,0.012719772,0.013600749,0.014406418,0.015109011,0.015955834,0.016750652,0.017610122,0.018439557,0.019234566,0.020062122,0.020908823,0.021652285,0.022373814,0.022869898,0.023408469,0.023658518,0.02384552,0.024029633,0.024242517,0.02437932,0.024587018,0.024715424,0.025089147,0.025270557,0.025341922,0.025488427,0.025364276,0.025234997,0.024838848,0.024310399,0.023446035,0.022610655,0.021664888,0.0207312,0.019744786,0.018871857,0.018099638,0.017486988,0.016816128,0.016264666,0.015488934,0.014869166,0.013970788,0.013037504,0.012066623,0.010968285,0.009778286,0.008632417,0.007856154,0.0070638065,0.0064215,0.0058681397,0.0054142736,0.005161914,0.0050058025,0.004930389,0.0049440335,0.0050140177,0.0050290553
2FingerPinch,0,38,1,0.74658024,0.7357973,0.7294848,0.7193262,0.7168317,0.7104893,0.704534,0.70423275,0.70266336,0.7020107,0.70674276,0.70503616,0.70750076,0.70977765,0.7110906,0.7130595,0.71666163,0.71290326,0.712236,0.70390314,0.70099944,0.68585205,0.685942,0.67597365,0.6616177,0.64667857,0.6373113,0.62140965,0.60783535,0.5948147,0.58141935,0.57223177,0.55863005,0.54648846,0.5355319,0.5294775,0.52170014,0.5102054,0.5001711,0.4938462,0.48518124,0.4757918,0.46594357,0.45446151,0.44100317,0.42837614,0.41231203,0.394596,0.37575042,0.35726157,0.33312333,0.3124821,0.288475,0.26294157,0.2385298,0.21390972,0.18881209,0.1639649,0.14070787,0.11548261,0.097305395,0.075584725,0.061121117,0.051065523,0.05234281,0.06520078,0.08075266,0.09924721,0.12000752,0.14293724,0.16637427,0.18808419,0.21092439,0.23626462,0.25817412,0.28280002,0.30766937,0.3315653,0.35683963,0.38066065,0.40544724,0.42794156,0.4554794,0.47423625,0.4957711,0.5145284,0.5340175,0.5532637,0.5668897,0.5835052,0.5935706,0.605898,0.6113542,0.62287176,0.6278165,0.63619703,0.63849217,0.6453306,0.6484086,0.65750825,0.0031635303,0.003158766,0.0032327818,0.0031814193,0.003365677,0.0033498295,0.0033818802,0.0035004804,0.0035870096,0.0037033586,0.0038588296,0.003932621,0.004135852,0.004271619,0.004397971,0.0046369126,0.004909621,0.005101382,0.005282607,0.005509804,0.0057246764,0.005869687,0.006154978,0.0063933185,0.00660252,0.0068140933,0.0069857375,0.007076418,0.007253924,0.007399338,0.007578603,0.007722654,0.008048237,0.008379864,0.00867132,0.009131833,0.009527362,0.010031437,0.010659061,0.011323045,0.0120068025,0.012723698,0.013494109,0.014236162,0.015040886,0.015989432,0.016708247,0.017609293,0.018480092,0.019330645,0.020143738,0.021028005,0.021865655,0.022530545,0.022986963,0.023514004,0.02377791,0.023944879,0.02410697,0.024290038,0.024458848,0.024622459,0.024814444,0.025128104,0.025282385,0.025413569,0.02551223,0.025431331,0.025320552,0.02489253,0.024261426,0.023473594,0.02265948,0.021740949,0.020671958,0.019740619,0.018892666,0.018157996,0.017547313,0.016960025,0.016290745,0.015672226,0.014943899,0.013957785,0.013132536,0.0121754855,0.010943495,0.009903239,0.008660331,0.007803329,0.0070440494,0.006398858,0.005807477,0.005316295,0.0050925473,0.0049620136,0.004890562,0.004927904,0.0049642385,0.0050314753
2FingerPinch,0,39,1,0.7491545,0.73604053,0.729264,0.71935797,0.71594214,0.7124579,0.7051876,0.70463043,0.70389664,0.7021427,0.7068268,0.70627713,0.70857507,0.71023333,0.7107398,0.7138189,0.71663433,0.7115265,0.7138013,0.70546526,0.7032747,0.6953121,0.6856011,0.67425793,0.66064125,0.64566123,0.63578916,0.6217562,0.6092433,0.5950436,0.5830894,0.5716408,0.55984545,0.5466641,0.5359553,0.5287653,0.52234274,0.5102638,0.50096995,0.49290273,0.48478732,0.4760646,0.46516165,0.4553303,0.44105774,0.4277019,0.41190147,0.3963241,0.37616208,0.35608009,0.33312282,0.31367487,0.2878342,0.26430887,0.2387459,0.21450448,0.18909429,0.16475475,0.14024337,0.117829084,0.09598604,0.074888,0.06061556,0.0510271,0.050697327,0.06320729,0.08123126,0.09935021,0.12046317,0.14303142,0.16502634,0.18843146,0.21038432,0.23411988,0.25959224,0.28339764,0.307276,0.33271906,0.3576389,0.38085485,0.40683436,0.4293031,0.4558283,0.4759654,0.49792686,0.51585555,0.5330508,0.55123425,0.5670776,0.58180445,0.5934964,0.60760206,0.6137965,0.6228129,0.6295742,0.63236135,0.6411274,0.6426931,0.6500726,0.6568995,0.0031953247,0.003197659,0.003193733,0.0032922914,0.0033802937,0.0033883175,0.0034522105,0.0035987305,0.0036788567,0.0037714702,0.0038015728,0.0039879135,0.004204591,0.0043227132,0.0044763046,0.004665219,0.0049560973,0.005139414,0.0053659854,0.005613003,0.0057791546,0.0059746797,0.0062181703,0.0064066276,0.0066341627,0.0068680216,0.0070051663,0.0071494677,0.0073074056,0.0074298084,0.007619699,0.007788618,0.008041992,0.008372568,0.008622266,0.009132602,0.009611019,0.010066126,0.010651793,0.011353346,0.012036053,0.012811587,0.0135351885,0.014342312,0.015139305,0.016008295,0.016893614,0.01767245,0.018514298,0.019405277,0.02017102,0.021016687,0.0218056,0.022487842,0.023032129,0.023503134,0.023712274,0.023915555,0.023936125,0.024251033,0.024349885,0.024498545,0.024706282,0.025128892,0.025175998,0.025252461,0.025395174,0.025262969,0.025074473,0.024802417,0.024128841,0.023316383,0.022591459,0.021612028,0.020566348,0.019710261,0.01877325,0.018044543,0.017427973,0.016770296,0.016185377,0.015499144,0.01482961,0.013871012,0.012992076,0.0120008,0.01092065,0.009817538,0.0086141415,0.007782384,0.007055252,0.0064502987,0.0058424473,0.0054258597,0.0051727574,0.0050677867,0.004921835,0.0049023465,0.0050391266,0.005072051
2FingerPinch,0,40,1,0.7490398,0.73711103,0.72795266,0.7186988,0.7170562,0.71086895,0.70437306,0.705261,0.7023069,0.7007862,0.7049546,0.7086008,0.70751786,0.7092622,0.7117939,0.71510303,0.71702784,0.7122325,0.71295196,0.7046845,0.70175713,0.6966869,0.6847566,0.6719353,0.6597441,0.645835,0.63628966,0.62254095,0.6099467,0.5948792,0.58217424,0.56987935,0.55958635,0.54715574,0.5383479,0.52666116,0.5224059,0.5084193,0.5025142,0.49428055,0.48524845,0.4761513,0.46514085,0.45568353,0.44285297,0.42684126,0.41311723,0.39459673,0.37845603,0.3545986,0.3358177,0.31273818,0.28733847,0.26373994,0.23846331,0.21420972,0.18900767,0.16547875,0.1406861,0.11572838,0.09595658,0.07651998,0.05917314,0.05139644,0.051923085,0.062934,0.08026812,0.09972892,0.11973081,0.14204292,0.16432351,0.18821649,0.21136443,0.23543188,0.25909904,0.28342625,0.307566,0.3324599,0.35609367,0.38258418,0.4058313,0.43083745,0.45562947,0.4753769,0.49705958,0.5165863,0.53131175,0.55211383,0.56673336,0.5825875,0.59330785,0.6070088,0.6134287,0.62187207,0.6272024,0.63469785,0.6390053,0.6446727,0.6486806,0.65641165,0.0032423404,0.0032670468,0.0033158255,0.0033845883,0.0034025467,0.00342476,0.00349471,0.0035684556,0.003724622,0.003775592,0.003925637,0.0039983992,0.0041996893,0.0043761646,0.004483972,0.0047790953,0.005037131,0.0051838597,0.0054553687,0.0056114593,0.0058241775,0.0060351705,0.0063055772,0.006554724,0.0067127557,0.0069529293,0.0070914924,0.0072008283,0.007477229,0.0075394083,0.007705123,0.007921824,0.008074178,0.008474725,0.008730929,0.009096734,0.009569354,0.010069417,0.010704582,0.011329914,0.012133173,0.012869577,0.01364001,0.014445735,0.015213496,0.016040858,0.016944256,0.017687455,0.018608319,0.01946946,0.020277122,0.021134112,0.021894319,0.02262441,0.023048608,0.0236167,0.023908235,0.024147503,0.024227321,0.024491888,0.02447944,0.024682805,0.024852362,0.025245694,0.025279308,0.02545918,0.025544709,0.025337154,0.025186498,0.02480276,0.024155717,0.023347113,0.022636903,0.021659994,0.020674946,0.01976208,0.018859494,0.018114358,0.017510625,0.016894486,0.01628378,0.015597897,0.01487542,0.013981068,0.013100305,0.012163383,0.0109209595,0.009907027,0.00873418,0.00792014,0.0071178814,0.0064809853,0.00588239,0.005446512,0.0051978054,0.005050245,0.005016884,0.0050296085,0.0050783604,0.005134289
2FingerPinch,0,41,1,0.74792945,0.73550665,0.72868276,0.7197104,0.71808034,0.71058923,0.70694983,0.7045501,0.70353043,0.7020621,0.7054754,0.7099666,0.704425,0.70905143,0.709274,0.7145997,0.7159015,0.70974,0.71201426,0.7021739,0.7035884,0.6965903,0.68385714,0.67412055,0.66147596,0.6471425,0.6376503,0.62190425,0.6092158,0.5959436,0.58518964,0.56885564,0.558345,0.54623777,0.53721523,0.52585936,0.5219475,0.5097164,0.50203234,0.49415404,0.48413903,0.47641194,0.46491182,0.45373046,0.44180658,0.42627275,0.41197628,0.39492375,0.37618437,0.35343498,0.33265883,0.3124302,0.28665733,0.2638954,0.23805943,0.21424031,0.18890974,0.16551353,0.14121792,0.11634692,0.09742589,0.078804016,0.061742544,0.0542106,0.052703347,0.063334614,0.08083333,0.09925976,0.1200786,0.14175564,0.16458127,0.18769605,0.21025299,0.23385513,0.25749016,0.28127655,0.30682018,0.33128884,0.35524538,0.37982285,0.4025067,0.42813098,0.4535112,0.47562948,0.49392822,0.51641566,0.5336591,0.5520952,0.5662722,0.5821333,0.5937065,0.6054023,0.6133461,0.6215805,0.6276593,0.63448125,0.63909894,0.64365786,0.65051275,0.6585092,0.003336768,0.0033523536,0.0034321381,0.0034799848,0.0034781238,0.0035941568,0.003622139,0.003730687,0.0038287863,0.0039242986,0.0040542777,0.0042039957,0.0043109586,0.0044923285,0.0046144854,0.004814722,0.005101982,0.0051962268,0.0054568485,0.005680343,0.005920907,0.0060307067,0.0063118623,0.0064789937,0.0067587,0.0069664964,0.007067037,0.007247756,0.0074339802,0.007583637,0.007742956,0.00778709,0.008117205,0.0083607,0.008589713,0.009078442,0.009557296,0.010017006,0.010559405,0.011247987,0.011924927,0.012770958,0.0133956475,0.014183345,0.0150132,0.015808798,0.01664493,0.017403588,0.018275771,0.019126061,0.019918209,0.020752195,0.021542577,0.022259114,0.022755207,0.023357475,0.02365303,0.023834411,0.02400052,0.024235481,0.02439953,0.024507169,0.024703506,0.025048215,0.025085112,0.025310459,0.025376756,0.025314957,0.025117483,0.02473262,0.024039736,0.023391396,0.022556985,0.021603271,0.02062908,0.01968489,0.018893871,0.018012445,0.017376127,0.0168028,0.016067436,0.015463952,0.014783729,0.013903445,0.0129959835,0.012063297,0.0108690895,0.009878164,0.008688337,0.0077850567,0.007106285,0.0064877775,0.0058647413,0.0054181283,0.005198703,0.0051365066,0.0050767935,0.005032297,0.0050577903,0.0051615387
2FingerPinch,0,42,1,0.7477665,0.7370995,0.72917295,0.71987665,0.7176465,0.711789,0.7040111,0.70412,0.7028778,0.7009835,0.70477366,0.70586413,0.70697546,0.71097136,0.71011585,0.71236765,0.716477,0.7106864,0.71299076,0.70460427,0.7018663,0.69778126,0.6844396,0.6753599,0.6608626,0.64708424,0.6361042,0.6227214,0.60931516,0.5965696,0.5834096,0.5706617,0.55876994,0.54599464,0.5395474,0.52554095,0.52470654,0.5097032,0.5023559,0.49270436,0.48527718,0.47624618,0.46604958,0.45558572,0.44218254,0.42633262,0.41142026,0.39468902,0.3775008,0.35357547,0.33378017,0.31068963,0.28871974,0.2631981,0.23941678,0.21373935,0.18955882,0.16511379,0.14269964,0.11654822,0.097647384,0.076773345,0.0629598,0.051701915,0.051119618,0.06281057,0.08185398,0.09912091,0.12071582,0.14390418,0.16383205,0.18686384,0.21032429,0.23440067,0.2583504,0.28215647,0.30673066,0.33162716,0.3558454,0.3813245,0.40314186,0.42771855,0.45163617,0.4777638,0.4964233,0.51479995,0.5317726,0.5519256,0.5672515,0.58292514,0.5922978,0.6055884,0.61321294,0.6217413,0.62731314,0.63569224,0.64075875,0.6461556,0.64826804,0.65845156,0.0032215372,0.0033131558,0.0033920042,0.0033933087,0.0034840067,0.0035037817,0.0035595265,0.0036568912,0.0038332667,0.0038498337,0.0039197598,0.0040545156,0.0042694192,0.004440961,0.004545738,0.004761273,0.00501312,0.0052413833,0.0054375962,0.005648403,0.0058178743,0.0061092083,0.0062207393,0.0064227595,0.006701663,0.006930655,0.0070833466,0.0072186776,0.0073825275,0.0074416404,0.0076233433,0.0078082955,0.007972737,0.008239204,0.008543238,0.009044652,0.0094495015,0.009877864,0.010412434,0.011052677,0.011779425,0.012561048,0.01336388,0.014053366,0.0149011165,0.015674,0.016519677,0.017391693,0.018207755,0.018970767,0.019800253,0.020657476,0.021489995,0.02221263,0.022699395,0.023252597,0.02350455,0.023710182,0.023846999,0.024096463,0.024212405,0.024455158,0.024615651,0.024961723,0.025158301,0.02524958,0.025304645,0.025275024,0.025107913,0.024703512,0.024064643,0.023343485,0.022592623,0.021623855,0.020580417,0.019651392,0.01877108,0.018036932,0.01740672,0.01678245,0.016103562,0.015415034,0.01471891,0.013820923,0.013009662,0.012022298,0.010761736,0.009687785,0.008581781,0.007811315,0.0070512234,0.006397715,0.005842411,0.0053654816,0.0051305164,0.0049869134,0.004936756,0.004981594,0.005037848,0.0050552203
2FingerPinch,0,43,1,0.74854124,0.7366501,0.72938746,0.7193749,0.7160505,0.7104417,0.7065786,0.70222265,0.7034638,0.7015935,0.7067511,0.70797783,0.7074979,0.71033686,0.7117256,0.71346456,0.71467143,0.7109863,0.70948374,0.7037199,0.7017511,0.6963429,0.6838516,0.6725183,0.662983,0.6492461,0.63453585,0.6220085,0.60811037,0.59589565,0.5821568,0.5715266,0.55924475,0.5457547,0.5375374,0.5266126,0.5206088,0.5081467,0.5010762,0.49349838,0.48476484,0.4750478,0.4641917,0.45508087,0.44113177,0.42632023,0.41179705,0.39372686,0.376832,0.35606563,0.3331007,0.31249225,0.28663644,0.26345176,0.23865663,0.21376903,0.18927228,0.16497691,0.14106116,0.1160949,0.09735496,0.07633565,0.061857454,0.051660962,0.054531097,0.063857995,0.080856405,0.09980055,0.1206378,0.14190564,0.16309541,0.18745993,0.21014413,0.23354228,0.2580863,0.2824803,0.3050007,0.3314334,0.3551127,0.38027617,0.40450248,0.4291607,0.45486215,0.47652635,0.49559858,0.51702,0.53283376,0.5518387,0.5678367,0.5828812,0.593548,0.60450965,0.61211514,0.62356275,0.6286935,0.63243437,0.6407841,0.6485269,0.6499987,0.6576617,0.0032073047,0.0032739155,0.0033661479,0.0033663244,0.0034873863,0.0034519525,0.0035922222,0.0036471551,0.0037550319,0.003820785,0.003908727,0.004126378,0.004177895,0.0044058342,0.004524489,0.004727516,0.004937689,0.0051161735,0.0053273863,0.0055948254,0.005752879,0.0059287483,0.0061041694,0.006371353,0.006657111,0.006745234,0.0069346325,0.0069722207,0.007227052,0.00744178,0.0075798123,0.0077456934,0.007979253,0.008347974,0.008623197,0.009076778,0.00947136,0.009997598,0.010544026,0.011268538,0.011920646,0.012589271,0.01343196,0.014157116,0.014898153,0.015754286,0.016547719,0.017396169,0.018201167,0.019086715,0.01985226,0.020712024,0.021519486,0.02227606,0.022746624,0.023273282,0.023646168,0.023739614,0.023911204,0.024216022,0.024344439,0.024478823,0.024645872,0.025029896,0.025108526,0.025385546,0.02551609,0.025355961,0.025273474,0.024840897,0.02428445,0.023447867,0.02269426,0.021768121,0.020670915,0.019779779,0.018882534,0.01815164,0.017474398,0.016802486,0.016261818,0.015570269,0.014854234,0.013981697,0.013001975,0.012016273,0.010811972,0.00967949,0.008605887,0.0076799006,0.0069844616,0.0063133254,0.005768129,0.0053182943,0.0051309364,0.004884001,0.0048501156,0.0048622577,0.00490231,0.00500191
2FingerPinch,0,44,1,0.74726576,0.7360227,0.73024696,0.7190062,0.7165113,0.71136653,0.7045179,0.70392734,0.7021421,0.7030241,0.7056889,0.70529056,0.70748407,0.7085752,0.71198237,0.7140075,0.7159838,0.7122175,0.710015,0.70429194,0.7036304,0.6873218,0.68423384,0.67381746,0.6613579,0.6455016,0.6365843,0.6206671,0.60894215,0.5957029,0.584375,0.5700371,0.5588603,0.54655725,0.53776234,0.5255972,0.5228948,0.5101363,0.49989218,0.49248725,0.48547107,0.474638,0.46418795,0.45616865,0.4413578,0.428344,0.41200274,0.39499533,0.37353402,0.355878,0.33244416,0.31298816,0.28737852,0.26455483,0.239487,0.21501231,0.18910834,0.16560812,0.14122643,0.119812965,0.09664799,0.0778393,0.06251573,0.052116863,0.0509051,0.06275947,0.08076906,0.099694654,0.11974833,0.14200374,0.16477177,0.18776257,0.2114513,0.23557076,0.25846344,0.2820791,0.30662978,0.33145234,0.35586497,0.37904012,0.40604383,0.42473572,0.45472905,0.47557068,0.49543017,0.5131501,0.5326244,0.55216587,0.5675119,0.5816752,0.59403473,0.6056507,0.61486334,0.62173647,0.62779474,0.63331944,0.63788307,0.6452824,0.65031755,0.6557944,0.0031778326,0.0032109506,0.0032991783,0.0033079833,0.0033934766,0.0034466558,0.0034600552,0.0035930565,0.0036905839,0.0038059086,0.003946127,0.004022776,0.0041876417,0.0044118906,0.0044769784,0.004651162,0.0048705777,0.0051106503,0.005380694,0.0055726767,0.005813042,0.005953654,0.0061386866,0.006372524,0.0066484567,0.00680088,0.0069788024,0.007090904,0.007296471,0.0074205045,0.007667543,0.00781783,0.008085565,0.0083579365,0.008682293,0.009068761,0.009564038,0.010043696,0.010538508,0.0112571325,0.0119836265,0.012644894,0.013407355,0.014285413,0.015004775,0.015854789,0.016689941,0.017462047,0.018278124,0.019157607,0.019933313,0.02077144,0.021443862,0.022245776,0.02267559,0.023278981,0.023580957,0.023761025,0.023959938,0.024204064,0.024253031,0.024603533,0.024730096,0.025088675,0.02522608,0.02541933,0.025543239,0.025421923,0.02533075,0.024931371,0.024348378,0.023642812,0.022720914,0.021869725,0.020811113,0.019992411,0.019025734,0.018299296,0.017622365,0.01709385,0.016297225,0.0156332,0.014979969,0.01412646,0.013107079,0.012125931,0.010989587,0.0099062715,0.008725925,0.007883853,0.0071213213,0.006434006,0.005862901,0.005409006,0.0051193316,0.0050402083,0.0049345875,0.004922174,0.0049655167,0.005030168
2FingerPinch,0,45,1,0.7484279,0.73716336,0.7289417,0.71919715,0.7160081,0.7107462,0.70492965,0.70577544,0.69950753,0.6999588,0.7076227,0.7078536,0.7066059,0.7105899,0.71080977,0.71418077,0.7153667,0.7119515,0.7101264,0.70299286,0.70196295,0.69221646,0.6851538,0.6738243,0.6606729,0.6472919,0.6369655,0.6213404,0.60844404,0.5949549,0.58390987,0.5702001,0.5570383,0.54557455,0.5394246,0.5248763,0.5213277,0.5086862,0.50128937,0.4942139,0.48356578,0.4746779,0.46580416,0.45385945,0.44273654,0.42725506,0.4131624,0.39564118,0.37531653,0.35587105,0.33367816,0.31223893,0.28869656,0.26521972,0.23886526,0.21474245,0.19002777,0.16616973,0.14172822,0.11687242,0.097634815,0.07781104,0.06234454,0.05162679,0.051362883,0.06473734,0.08143867,0.09967216,0.12094226,0.14229065,0.16583134,0.18622643,0.2114325,0.23580685,0.25924188,0.28346854,0.30681586,0.33156,0.3564377,0.3807001,0.40370443,0.42825472,0.45577905,0.4758815,0.49564993,0.514404,0.53306544,0.55087644,0.56692016,0.5813042,0.5920894,0.60617137,0.6118207,0.6220828,0.62636,0.63511354,0.63844264,0.64337885,0.65098983,0.6581833,0.0031666644,0.0032991795,0.003346307,0.0034107538,0.0035334483,0.003537401,0.0035666623,0.0036960056,0.003787077,0.0038403517,0.0039550397,0.0041168495,0.0042727664,0.0044517214,0.0045451634,0.0047660437,0.0050286166,0.005212966,0.0053199986,0.0055711917,0.0057772934,0.005944587,0.006208787,0.0063994685,0.0066974745,0.006912848,0.006957144,0.007099086,0.0073345946,0.007498097,0.00765317,0.007782376,0.008058894,0.00844018,0.0086939465,0.009211984,0.009605108,0.010105449,0.010704799,0.011391756,0.011988124,0.012710478,0.013579703,0.014200957,0.0150870355,0.015897624,0.016707366,0.01759761,0.018428696,0.01925791,0.019945815,0.02088766,0.021662943,0.022362191,0.022849033,0.023371594,0.023694044,0.023842117,0.024017377,0.024172736,0.024398228,0.024554355,0.024740862,0.025063697,0.025191631,0.025331218,0.025432568,0.025400199,0.02529863,0.024808345,0.024222651,0.023472764,0.02259562,0.021766204,0.020626923,0.019797565,0.018956674,0.018124629,0.01752115,0.01689808,0.016230484,0.015636034,0.014927651,0.0140198385,0.013144262,0.012169139,0.010932495,0.009823535,0.008741321,0.00784855,0.0070257797,0.0064158738,0.0057841763,0.0053314916,0.005067002,0.005003457,0.0048765317,0.0049217064,0.004955767,0.0050008623
2FingerPinch,0,46,1,0.74818146,0.73679274,0.72798425,0.7188356,0.7176358,0.7111349,0.7063657,0.70564175,0.70278734,0.70073986,0.70600826,0.70975244,0.7056213,0.71056014,0.7095559,0.71467865,0.7156284,0.7109747,0.7105108,0.7023902,0.7035615,0.685461,0.68424463,0.67439437,0.6592476,0.6472277,0.6365395,0.6212473,0.60801804,0.59525764,0.5843033,0.56877923,0.5586468,0.54893607,0.5377267,0.5226675,0.52255154,0.5089649,0.50231665,0.4926644,0.48412445,0.4750506,0.46440455,0.45564464,0.44268003,0.42719817,0.41301692,0.39591277,0.37795267,0.3557258,0.33337742,0.31332722,0.28833663,0.26431608,0.23913136,0.21465941,0.1899799,0.16525277,0.14195298,0.118033275,0.09669091,0.07741165,0.06178228,0.050443035,0.05258108,0.0636952,0.08127026,0.09938317,0.122337334,0.14245087,0.16540086,0.1878961,0.2111185,0.2354999,0.2601641,0.2833203,0.30745304,0.33322224,0.35603067,0.38038743,0.40622142,0.428106,0.45478168,0.47479978,0.49598485,0.5130955,0.53339785,0.54999876,0.5666165,0.5818752,0.5936128,0.6043604,0.6131732,0.62376475,0.6272323,0.6344545,0.6403579,0.6422724,0.6491467,0.6580837,0.0032393197,0.0033212136,0.0033367518,0.0033990026,0.003428017,0.0034313244,0.0035176617,0.0036470317,0.0037386322,0.0038056844,0.0039305314,0.004026562,0.004225907,0.004325242,0.004523236,0.004746316,0.0048774616,0.0050640344,0.0053124446,0.0055182814,0.005795153,0.005952914,0.006123006,0.006385133,0.0066353413,0.0068163,0.0069863717,0.007116856,0.00727296,0.007394927,0.0076485653,0.007771972,0.008013233,0.008354814,0.008637528,0.009057407,0.009611829,0.0100268675,0.0106148645,0.011224038,0.011942113,0.012719596,0.013444829,0.014322441,0.015041958,0.015878053,0.016708247,0.01753807,0.018355113,0.019160815,0.019900655,0.020773847,0.02153745,0.022315137,0.022850104,0.023341373,0.023638144,0.02383692,0.023974879,0.024172686,0.024275117,0.024578286,0.024783622,0.02508359,0.02526595,0.02536532,0.025474288,0.025436118,0.02525891,0.024842689,0.024215728,0.02347968,0.022679811,0.02179461,0.020776452,0.019859722,0.01900856,0.018253056,0.017630726,0.01699154,0.016352164,0.01565561,0.014985596,0.014041048,0.0131714,0.01215951,0.010996747,0.009859162,0.008767687,0.0077732056,0.0070676943,0.006396391,0.0058440925,0.0053737587,0.005174253,0.0050364467,0.0049461015,0.004899831,0.005009651,0.0050007896
2FingerPinch,0,47,1,0.74786794,0.7358872,0.7282642,0.7199237,0.71821624,0.7114923,0.7056161,0.70530903,0.701544,0.70116794,0.70784235,0.7071175,0.7048588,0.71079046,0.7100878,0.7122719,0.71619827,0.7124015,0.71330756,0.7040457,0.70338035,0.68752486,0.6840281,0.67323834,0.6607398,0.6484741,0.63671196,0.6209235,0.6084899,0.5945536,0.5813538,0.5708853,0.55812925,0.54685885,0.5377145,0.5250011,0.51807714,0.5092308,0.500784,0.49433136,0.48374343,0.47453392,0.4643639,0.45418084,0.4430445,0.42641178,0.41227928,0.39522725,0.3763598,0.3553456,0.33328778,0.3124245,0.28875017,0.26309872,0.23971084,0.21523456,0.18956882,0.16594169,0.14259803,0.117233224,0.097508,0.079171315,0.06258615,0.05177143,0.052680474,0.06358609,0.08088775,0.0989448,0.12066921,0.14164777,0.16393906,0.18633297,0.20965245,0.23497316,0.25834528,0.28204164,0.30712122,0.33065134,0.35562587,0.38027066,0.404649,0.4299683,0.4544812,0.47621772,0.49706513,0.5130413,0.5344799,0.5512413,0.56528765,0.58192635,0.5936913,0.6048254,0.6127061,0.6216942,0.6278715,0.63592887,0.6364936,0.64386207,0.6492948,0.6571793,0.0033236546,0.003329683,0.0033959488,0.0034627188,0.003530897,0.003515905,0.003609241,0.0037174968,0.0038023586,0.0038373985,0.0039927214,0.004064951,0.0042172195,0.0043823444,0.0044621797,0.0046768826,0.0049813185,0.0051440303,0.0053959326,0.0056193722,0.0058094617,0.005956816,0.0061990446,0.006387184,0.006694167,0.006922713,0.0070798094,0.007102836,0.0073360293,0.0074766274,0.0076546925,0.007842676,0.008095569,0.008423829,0.008641571,0.009178545,0.009481877,0.010040975,0.010516039,0.011293632,0.011878138,0.012631145,0.013399908,0.014188344,0.014965175,0.015831774,0.01668615,0.017495614,0.018319957,0.019216862,0.019903587,0.020803096,0.021598192,0.022302816,0.022705574,0.023235567,0.023571257,0.023730738,0.023892935,0.024102984,0.024213817,0.024454463,0.024712732,0.025003044,0.025158053,0.025272014,0.025459565,0.025325138,0.025185436,0.024828097,0.02420442,0.023456011,0.022596922,0.021750525,0.020702599,0.019796979,0.018958643,0.018225307,0.017589444,0.017011292,0.016341098,0.01570928,0.014998151,0.014135569,0.013299849,0.012187037,0.011077783,0.009948435,0.008752321,0.0078686895,0.007144871,0.006480142,0.0058341073,0.0053780805,0.0051842444,0.0050001354,0.004932201,0.00499056,0.0049916,0.00510895
2FingerPinch,0,48,1,0.74743557,0.73703164,0.72783357,0.71904844,0.7170301,0.71105856,0.7056271,0.70345616,0.70207167,0.70036906,0.7052589,0.70869535,0.70653015,0.7098839,0.7106373,0.7160832,0.7149282,0.7103651,0.7119426,0.7028373,0.7015107,0.6880497,0.6837764,0.6731221,0.65917635,0.6461335,0.63841504,0.6197277,0.60905397,0.59377843,0.58286506,0.5697773,0.55786234,0.5446466,0.53885573,0.52573854,0.5213948,0.5100603,0.5001496,0.49430892,0.4838984,0.47497547,0.46369395,0.45363873,0.44275782,0.42699867,0.4129552,0.39387614,0.37800378,0.3564609,0.33397412,0.31241322,0.28751376,0.2650263,0.23956616,0.21525703,0.18994755,0.16626443,0.14184508,0.11840403,0.0970078,0.07757353,0.06019261,0.052505206,0.05179151,0.06295917,0.07946924,0.10005865,0.12075646,0.14274979,0.1635332,0.18863507,0.21053554,0.23537132,0.25838628,0.28284064,0.30677372,0.33271995,0.35589364,0.38215315,0.40469065,0.43097964,0.45504326,0.47717932,0.49689633,0.514725,0.53410566,0.552746,0.5672555,0.581984,0.5935805,0.60410184,0.61162806,0.6235163,0.6278952,0.6327029,0.63895214,0.6450179,0.6501379,0.6561821,0.0031720297,0.0032533982,0.0033352992,0.0034059305,0.0034579674,0.0034914594,0.0036082435,0.0036684214,0.003754654,0.0038012308,0.0039149085,0.0040959534,0.004251565,0.0044381926,0.004506384,0.004788552,0.0049202247,0.00511995,0.0053452253,0.0054863403,0.0057681003,0.005887012,0.0061462293,0.006336832,0.0066616805,0.0068420866,0.007010507,0.007085699,0.007371955,0.0074534854,0.0076911845,0.007850457,0.008053651,0.0083591025,0.008670468,0.009146163,0.009528613,0.010017349,0.010588101,0.011402361,0.011973168,0.012701138,0.0134870205,0.0142584555,0.015113627,0.015889497,0.01672455,0.017637739,0.018434288,0.019265823,0.020015454,0.02085292,0.021639254,0.022365745,0.022846313,0.023367357,0.0235921,0.02382538,0.023855714,0.024155162,0.024237523,0.024508672,0.024700105,0.02501033,0.025133545,0.025252333,0.025406735,0.02520515,0.025209023,0.024829272,0.024266513,0.023440007,0.022647519,0.021807952,0.020743022,0.019846283,0.01899997,0.018326582,0.017642101,0.017018737,0.01640206,0.015840953,0.0150318,0.014166309,0.01317547,0.012189537,0.010985918,0.009940126,0.008732337,0.00787949,0.007107509,0.0064455755,0.005864316,0.0053814757,0.0051412527,0.005055128,0.0049820393,0.004963949,0.0050207223,0.005069389
2FingerPinch,0,49,1,0.74763,0.7362612,0.7273653,0.71901864,0.71674675,0.7116483,0.703595,0.70380294,0.701959,0.7019379,0.70918995,0.7077244,0.7064485,0.708847,0.71104985,0.7131312,0.71616006,0.71147794,0.71126485,0.7031603,0.7028183,0.69514155,0.68367136,0.67372745,0.66194844,0.64588994,0.6371573,0.6206506,0.6076595,0.5938542,0.582252,0.56895494,0.55772626,0.5449548,0.5374875,0.52475077,0.5212569,0.50842655,0.50178933,0.49181393,0.48525771,0.47496575,0.4644943,0.45507842,0.44228038,0.42651528,0.4122578,0.3946438,0.37551317,0.3567001,0.3337962,0.3121005,0.28860354,0.26415417,0.23955216,0.21491669,0.19031787,0.16623874,0.14234273,0.11724251,0.098074995,0.07858456,0.063464165,0.051555634,0.05232379,0.063553035,0.080310345,0.09890609,0.12029695,0.14283739,0.16437794,0.1876342,0.20986041,0.23428194,0.25855097,0.28286245,0.30656517,0.33126274,0.3558421,0.3807694,0.4053041,0.4305707,0.45451844,0.47702998,0.49706042,0.51562077,0.5353591,0.55000913,0.5674818,0.58205193,0.59395534,0.6055648,0.6113107,0.6227176,0.62764233,0.6346431,0.63672656,0.64577997,0.64844376,0.65697294,0.0031782647,0.003295195,0.003334749,0.003420474,0.0034179625,0.0034797902,0.0035110624,0.003607143,0.0038009766,0.0037863525,0.003939917,0.004052868,0.004208155,0.004323421,0.0045331544,0.0046273204,0.0049415575,0.0050953077,0.005287285,0.005555082,0.0058425018,0.005897057,0.0061260858,0.006409756,0.00662346,0.006825827,0.0070598936,0.007136151,0.0072958977,0.0074203876,0.0076384568,0.0077927615,0.008109662,0.008328963,0.008654766,0.00908714,0.009604357,0.0100423,0.010639822,0.01124962,0.011971288,0.012709526,0.013448316,0.014241579,0.01506722,0.015858507,0.016733896,0.01750502,0.018364415,0.019227637,0.020040799,0.020755734,0.02160353,0.022311652,0.0227366,0.023234094,0.023608051,0.023790475,0.02391492,0.024135882,0.024297684,0.02451905,0.0247222,0.025027897,0.02516452,0.025291953,0.02542417,0.02531245,0.025176097,0.024795908,0.024206912,0.023391973,0.022666583,0.021781484,0.020772045,0.019864382,0.018927002,0.018248461,0.017614074,0.017034227,0.016480677,0.015730979,0.015052679,0.0142917335,0.013329971,0.01223261,0.011161371,0.0100268135,0.008803725,0.007892476,0.007115925,0.006482601,0.0058781155,0.0054168594,0.0051254556,0.0050122216,0.004942574,0.004917937,0.004998874,0.0050204964
2FingerPinch,0,50,1,0.7478116,0.73571664,0.72882754,0.7199649,0.7176658,0.7118653,0.7048924,0.70385164,0.701514,0.7014967,0.70383924,0.70824534,0.7044539,0.7098089,0.7093156,0.7137702,0.7156112,0.7114359,0.71237373,0.7031836,0.69953185,0.6879854,0.68362755,0.6736364,0.66085744,0.64544886,0.6359402,0.62125593,0.6087519,0.5946009,0.5837966,0.568576,0.5574956,0.54474443,0.53647274,0.52755415,0.5198335,0.50900394,0.5000432,0.4942834,0.4851635,0.47436425,0.46453074,0.45472848,0.44208512,0.42739785,0.4111996,0.39566955,0.37571126,0.35775846,0.33239663,0.31244344,0.28875375,0.26478308,0.23948786,0.21545269,0.19048442,0.16595475,0.143424,0.118322976,0.09693274,0.078376554,0.061804194,0.051314943,0.052432675,0.06283124,0.08052046,0.09836313,0.12003819,0.14232373,0.16373235,0.18781872,0.21073557,0.23485327,0.25835007,0.28339285,0.3072979,0.3302916,0.35696444,0.38143545,0.40570733,0.42955497,0.45481095,0.47504127,0.49616966,0.51677966,0.5338805,0.55241275,0.5669717,0.5822533,0.59402895,0.604229,0.6115009,0.6220579,0.6271015,0.63528776,0.6394767,0.6417249,0.6490731,0.65615326,0.003198824,0.003250156,0.0033693975,0.0034543884,0.003459844,0.0035373592,0.0035513635,0.0036412994,0.0038629826,0.0037842316,0.0039895186,0.004071892,0.004187586,0.0043280423,0.004511753,0.0046791737,0.004968391,0.0051215673,0.005243508,0.0055080364,0.0056496975,0.0058939112,0.006129292,0.0063141724,0.0066111353,0.006802317,0.0069297,0.007054746,0.007255278,0.0073731397,0.0075247805,0.0077053863,0.008032513,0.008252729,0.008612956,0.009057858,0.009574194,0.010035297,0.010560322,0.011323285,0.011963182,0.012740485,0.013501538,0.014310735,0.0150794815,0.015856396,0.016702026,0.017498253,0.018322043,0.01919211,0.019945594,0.020837756,0.021616757,0.02234346,0.022856964,0.023476819,0.02375067,0.02387891,0.024017796,0.024297504,0.024457345,0.024579564,0.02474596,0.025058985,0.025200365,0.025443738,0.025506726,0.025481861,0.02530804,0.024973046,0.024348065,0.023634134,0.022798566,0.021923473,0.020856641,0.019951174,0.0191056,0.018329836,0.017706096,0.01713004,0.016493944,0.015801791,0.015130278,0.014256004,0.01337604,0.01241147,0.011217511,0.010158932,0.009001951,0.008094858,0.007293516,0.006612172,0.0060110535,0.005465012,0.0052194754,0.0051340326,0.005010554,0.0049849064,0.0050534387,0.0050771157
2FingerPinch,0,51,1,0.7474747,0.7360087,0.7286662,0.7200887,0.71662533,0.7111162,0.70521796,0.70488185,0.70236915,0.70036846,0.7048771,0.71078485,0.70488185,0.71032524,0.71059805,0.71396506,0.7151286,0.7099087,0.71180487,0.7054937,0.7021532,0.69569004,0.6845174,0.67391497,0.66217303,0.6454137,0.6380923,0.62085134,0.607046,0.59528226,0.58145875,0.56811017,0.55923104,0.5457951,0.5355095,0.52647185,0.52062064,0.5082092,0.50234497,0.49260154,0.48493433,0.47476628,0.46298435,0.4534365,0.44072074,0.42612767,0.41231847,0.3938719,0.3756955,0.35633916,0.33372122,0.31168103,0.2888418,0.2645786,0.24007688,0.21524785,0.19051613,0.16665724,0.14255734,0.11867204,0.097245,0.079091206,0.061719898,0.053195827,0.05306518,0.06319378,0.08015031,0.09838042,0.118969046,0.1411037,0.16386403,0.18683682,0.20999637,0.23413172,0.25777167,0.28280288,0.30607164,0.33130726,0.35566556,0.3802075,0.40397397,0.428435,0.4554297,0.47500974,0.49487692,0.51829296,0.532849,0.5513471,0.5679769,0.5824152,0.59352106,0.6049169,0.6123798,0.6226056,0.6275858,0.6333494,0.6400385,0.6451883,0.6498182,0.65604866,0.0033277743,0.0033906172,0.0034665957,0.003447357,0.003546703,0.0035355007,0.003581888,0.0037320114,0.0037712506,0.0038693792,0.0039726435,0.0040871375,0.00426031,0.0043677744,0.0045200693,0.004735898,0.0049522324,0.0051049246,0.005307358,0.005621078,0.005783761,0.0059011905,0.0061260234,0.0063605006,0.0066286675,0.0068520647,0.0070103337,0.0070588593,0.007268905,0.007417137,0.0076347855,0.007759699,0.008066868,0.008313877,0.008617432,0.0091025615,0.00955893,0.009982696,0.010651487,0.011326689,0.011970435,0.012729962,0.013407037,0.014301491,0.014946666,0.01586486,0.01664391,0.017505532,0.018356785,0.019182868,0.020000665,0.020833245,0.02161289,0.022394475,0.022831498,0.023380328,0.023677308,0.023883408,0.02404487,0.024340142,0.024353344,0.024602508,0.024748364,0.02502925,0.025220409,0.025459593,0.025616711,0.025473926,0.025341768,0.024980739,0.024364658,0.02359992,0.022836663,0.021899153,0.020919485,0.019981122,0.019134324,0.018317625,0.0177106,0.017123,0.016491542,0.01580626,0.015096684,0.014230552,0.013308651,0.012341936,0.011115185,0.010006118,0.008864799,0.007962379,0.00714705,0.006473294,0.0059094904,0.0054149567,0.005178933,0.005050807,0.004932078,0.004943703,0.005014967,0.005058809
2FingerPinch,0,52,1,0.74769366,0.73700583,0.729108,0.7195125,0.71645963,0.7115963,0.70516545,0.70371854,0.7021229,0.7002715,0.7052641,0.7077559,0.7067038,0.70910144,0.71063364,0.7142373,0.7164801,0.7106115,0.71025294,0.7032635,0.7035882,0.69480217,0.68392885,0.671915,0.6618483,0.6443614,0.6363245,0.61927974,0.6083683,0.59379363,0.5815609,0.56989294,0.55809134,0.5476731,0.5354737,0.52609,0.5197119,0.5095325,0.5012983,0.4907105,0.48364258,0.47430325,0.46433917,0.45445633,0.44128582,0.42805287,0.4103751,0.3951886,0.37515545,0.35662428,0.33466193,0.31176388,0.2886509,0.2641771,0.24034776,0.21530765,0.19034594,0.16684332,0.14314087,0.11744091,0.09866159,0.07721338,0.064078346,0.052009862,0.051541444,0.06334643,0.08109469,0.09908848,0.120041266,0.14136508,0.16574943,0.18705367,0.21087061,0.23432796,0.25899917,0.28235054,0.30766806,0.3322274,0.35548106,0.381314,0.40536648,0.4294104,0.45542833,0.47690946,0.4971971,0.51687604,0.5322539,0.5524529,0.5674831,0.5821857,0.5930805,0.6058426,0.6113126,0.6236282,0.6278375,0.63183814,0.6420012,0.6446528,0.64908236,0.65669626,0.0031649177,0.0032180029,0.0032990347,0.0032960908,0.0033863273,0.003455787,0.0034710655,0.0036430617,0.0037519848,0.0037963965,0.0039455006,0.004093283,0.0042164694,0.0044015064,0.004512477,0.0047129067,0.004934628,0.005073754,0.0053105652,0.0054922635,0.0057262876,0.0059833233,0.0061697145,0.006353844,0.006576571,0.006744305,0.0069212173,0.007102655,0.007311007,0.0073864586,0.0076439152,0.0077725616,0.008048797,0.008336751,0.00857495,0.0091014635,0.00947288,0.010019566,0.0106210355,0.011253633,0.011958119,0.012701216,0.013543998,0.014364843,0.0151542965,0.015954167,0.016815882,0.01767764,0.01846684,0.019322533,0.020074742,0.02087425,0.021676747,0.022280112,0.022849984,0.02329266,0.023513231,0.02366526,0.023783512,0.024168067,0.024257908,0.02439037,0.024595803,0.024965161,0.025120396,0.025327748,0.02549669,0.025334168,0.025232613,0.02485224,0.024217825,0.023431987,0.022692835,0.021766901,0.020649748,0.019850234,0.019043902,0.018229453,0.017673515,0.017066056,0.016343221,0.01568639,0.015010076,0.014157462,0.013239039,0.012212918,0.011041448,0.009869584,0.008794893,0.007816809,0.0070728087,0.0064586964,0.005814039,0.005369794,0.005098418,0.0049999673,0.004854449,0.004951496,0.004944312,0.0050040823
2FingerPinch,0,53,1,0.74782395,0.7348212,0.7289763,0.7187296,0.71696246,0.7109162,0.70666575,0.7042442,0.70229536,0.7021307,0.7040486,0.70592326,0.706561,0.7090061,0.70929104,0.71218175,0.71550393,0.71284163,0.71345896,0.70330745,0.7025136,0.6959069,0.6849579,0.67124695,0.66091365,0.64936805,0.63552696,0.62124026,0.60860175,0.59501356,0.5833584,0.57222545,0.5597239,0.5449976,0.53777033,0.5280564,0.5192076,0.50767225,0.5008633,0.49339756,0.48442134,0.47577357,0.46476766,0.45562023,0.44191685,0.4264709,0.41354468,0.3949326,0.37651756,0.3570136,0.3342782,0.31180558,0.28783935,0.2647658,0.23969407,0.21464495,0.18968722,0.16612159,0.14261402,0.11714743,0.09869232,0.078208156,0.062395748,0.051334683,0.051752843,0.06353231,0.08049275,0.09880749,0.120662116,0.14079085,0.16441987,0.18597624,0.21146382,0.23510988,0.258098,0.2829125,0.30745122,0.33188665,0.35581785,0.38042894,0.40602648,0.42937133,0.4548736,0.47471175,0.49374694,0.51592326,0.5337442,0.55119765,0.5672433,0.58161557,0.5924552,0.6061323,0.6115674,0.6228972,0.6299204,0.6362187,0.63932866,0.6449162,0.6483282,0.65659213,0.0032233305,0.0032752305,0.0032430943,0.0033702478,0.00345174,0.00345153,0.0035535037,0.003651614,0.003683194,0.003798273,0.0038471806,0.004059725,0.004141943,0.004301107,0.0044210423,0.0046598963,0.0048895488,0.0051088063,0.0053526442,0.0055580437,0.0057196505,0.0059570195,0.006170387,0.006376655,0.006597038,0.0067379596,0.006977254,0.0070218723,0.007290784,0.007429014,0.0075515523,0.0077878837,0.008043432,0.008313299,0.00864817,0.009094506,0.009457598,0.009942123,0.01046854,0.011125431,0.0118399635,0.01264979,0.013378689,0.014233347,0.014901711,0.015742125,0.0165959,0.017367993,0.018255064,0.019055715,0.019776575,0.02059108,0.021407308,0.022185566,0.022628892,0.023163505,0.023480913,0.023654455,0.023812985,0.024037909,0.02422746,0.024385534,0.024604067,0.025004433,0.02519108,0.025285792,0.02538252,0.025329785,0.025227569,0.024842978,0.024244659,0.023374708,0.02265091,0.021713221,0.020686436,0.019765807,0.018929696,0.018131936,0.017595984,0.016969973,0.016277606,0.015641594,0.014907342,0.014132374,0.013181701,0.0121646775,0.011023693,0.009920092,0.008790133,0.007823034,0.0070950505,0.0063677747,0.0058661527,0.005345357,0.0051228143,0.004963335,0.004904803,0.0048937392,0.0049203783,0.005020469
2FingerPinch,0,54,1,0.74758834,0.736645,0.7281391,0.7193441,0.71659315,0.7122285,0.70796454,0.7036126,0.70151263,0.7023555,0.706711,0.7052724,0.70599174,0.7090977,0.710869,0.7129116,0.71661985,0.71003056,0.7119511,0.7018778,0.7021868,0.68921626,0.6842992,0.67468107,0.6617907,0.64744306,0.6365372,0.62098664,0.6084757,0.59476304,0.5833859,0.5678012,0.55885166,0.5460379,0.53581995,0.52567554,0.5239441,0.5105691,0.5007375,0.49226275,0.48418373,0.47529787,0.4640579,0.4566365,0.44134033,0.42746153,0.41013893,0.3945901,0.37590432,0.35551503,0.33214056,0.31258187,0.28761724,0.26389608,0.23891115,0.21424086,0.1894586,0.16635615,0.14191784,0.11756038,0.098756425,0.07830866,0.062013578,0.05187654,0.0524263,0.06252334,0.08021555,0.09897659,0.11934823,0.14214657,0.1639068,0.18806507,0.211226,0.23532638,0.25943446,0.28218725,0.30618587,0.33219525,0.35690004,0.38090318,0.40622815,0.42977923,0.4542666,0.47519574,0.49567056,0.5146943,0.53301555,0.550243,0.5666617,0.5815578,0.5938577,0.60643375,0.61259055,0.6231419,0.6279236,0.63484025,0.64086074,0.643758,0.65054286,0.6564873,0.0031719434,0.0033130741,0.0033176546,0.0033428916,0.0034308997,0.003422503,0.0035747201,0.0036233526,0.0037355481,0.0037398625,0.0039056616,0.003966109,0.004117432,0.0042547,0.0043966603,0.0046563228,0.0048222383,0.004986137,0.0052381167,0.005446536,0.0057081603,0.0057980674,0.00607446,0.0062516,0.0065506655,0.006745183,0.0068832464,0.0069701513,0.007170818,0.007402768,0.007636881,0.0076542012,0.007975159,0.008293324,0.0086303335,0.009128858,0.009584538,0.010069054,0.010606312,0.011217728,0.011948725,0.012703123,0.013471958,0.014277631,0.015058188,0.015883993,0.01663844,0.017489994,0.018346079,0.019154126,0.01993038,0.020750629,0.02152743,0.022238074,0.022668177,0.023260152,0.02348816,0.023670202,0.023960296,0.024172748,0.024264438,0.024447942,0.024733644,0.025095941,0.025227036,0.025397213,0.02546695,0.025412057,0.025235377,0.02485217,0.024185073,0.02345776,0.022700097,0.021788273,0.020633815,0.01982985,0.018962381,0.018237306,0.017574105,0.017058484,0.016361875,0.015721705,0.0149554415,0.014058316,0.013172708,0.012207361,0.011033286,0.009883277,0.008861369,0.007914988,0.00710533,0.0064892997,0.0058364747,0.005403542,0.0051388214,0.0050440505,0.0049766744,0.0049410183,0.0050371876,0.0050736316
2FingerPinch,0,55,1,0.74690306,0.737165,0.72850424,0.7193214,0.7162474,0.7115331,0.70585704,0.7042119,0.7025197,0.70180273,0.7062111,0.7074432,0.7069109,0.7094224,0.70980316,0.71367764,0.7148237,0.7110725,0.7107713,0.70359004,0.7029303,0.6880242,0.68420035,0.6736607,0.6610102,0.6457562,0.63805413,0.62263775,0.60847116,0.5946888,0.5814964,0.5686733,0.5566415,0.54722756,0.53843933,0.5286618,0.519204,0.50848484,0.5000717,0.49201635,0.48407727,0.4734959,0.4633782,0.45512092,0.44122964,0.42709327,0.41078925,0.3933545,0.37543732,0.35677248,0.33378974,0.3113209,0.2875611,0.2639906,0.2382943,0.21465865,0.18884641,0.16659519,0.1427907,0.11856239,0.095532954,0.07836209,0.06397499,0.052025106,0.05244404,0.063736,0.08037964,0.09919227,0.119025,0.14206213,0.16362518,0.18556869,0.2102824,0.23401175,0.25804788,0.28296548,0.3060993,0.33070752,0.35674778,0.38036293,0.40592247,0.43008584,0.45653218,0.47486126,0.49631858,0.51447433,0.5320712,0.55331576,0.5664343,0.58213633,0.59501904,0.6062351,0.6135965,0.62074757,0.62791723,0.6338884,0.63886064,0.6424558,0.6507241,0.6559357,0.0031614325,0.0032071292,0.0032216546,0.0032339748,0.0033137833,0.0033778318,0.003482102,0.003555669,0.003642213,0.0037865157,0.0039070244,0.004003813,0.004129004,0.0042073373,0.004363366,0.0046173437,0.004872668,0.0050450535,0.005265208,0.0055182786,0.0056779664,0.005836469,0.00611423,0.006287291,0.006621571,0.0067254226,0.0069828993,0.0071316953,0.007302688,0.0073476145,0.0076241074,0.0077714873,0.008015601,0.008386387,0.0086563695,0.009155314,0.00958681,0.010049694,0.010648305,0.011307174,0.011926629,0.012663554,0.01345706,0.01429793,0.014981768,0.015847893,0.016656345,0.017455636,0.018284569,0.01914256,0.01987952,0.02064272,0.021429231,0.022122439,0.022640264,0.02312705,0.023380585,0.023603272,0.023777716,0.023960063,0.024135705,0.024369782,0.024485236,0.024858434,0.025067177,0.025255159,0.025340665,0.025235057,0.025147455,0.024731968,0.024124073,0.023351545,0.022550242,0.021660568,0.020619027,0.019739812,0.01883732,0.01809327,0.017498232,0.016883591,0.016259389,0.015652446,0.014899818,0.014043049,0.013167502,0.012133888,0.011036937,0.009969717,0.008741103,0.007894091,0.007100989,0.0064696283,0.0058663045,0.0053883153,0.0051146303,0.0049977996,0.0049109804,0.004959617,0.0050123087,0.0050778934
2FingerPinch,0,56,1,0.7472287,0.73572683,0.7288038,0.7193194,0.7166117,0.71173507,0.7061334,0.70389414,0.7024348,0.7015029,0.70424026,0.7099354,0.70482814,0.7084681,0.7091791,0.71377915,0.71558267,0.71082926,0.7118881,0.70265394,0.70357937,0.69614226,0.6862303,0.6733594,0.6603931,0.64684343,0.636107,0.6212,0.6081107,0.5952881,0.58463264,0.57176656,0.5573312,0.5474335,0.5372822,0.5248749,0.52208203,0.5091496,0.49950126,0.49235734,0.48512197,0.47334152,0.46460998,0.45439607,0.4422256,0.4261192,0.411628,0.39354503,0.37707686,0.35628945,0.33194223,0.31234398,0.28777215,0.2638211,0.23931102,0.21403274,0.19033274,0.16521823,0.14190452,0.11900802,0.09673187,0.0783866,0.061159026,0.053200405,0.05288421,0.06430979,0.08019138,0.099204555,0.120940946,0.14231533,0.16514847,0.18720461,0.21152005,0.23549144,0.25883198,0.28255084,0.30778646,0.33157527,0.3552208,0.38175157,0.4057407,0.42881933,0.4543334,0.47635347,0.49736562,0.5139031,0.5334009,0.5504146,0.5660246,0.5824906,0.5942305,0.60471547,0.6121622,0.62228924,0.62791806,0.6352984,0.64095896,0.64319026,0.6496585,0.6562195,0.0030600266,0.0030812176,0.003238627,0.0032470368,0.0032991013,0.0033171042,0.0034293884,0.003548868,0.0035917182,0.0036810974,0.003849372,0.0039971205,0.00416053,0.0042252447,0.004367433,0.00459413,0.0048250537,0.0050507337,0.0052842093,0.0054372065,0.0057409992,0.0058580395,0.0060972595,0.0062257126,0.0065598777,0.006707384,0.0069498764,0.007003595,0.0072805476,0.007391767,0.007553684,0.0077039194,0.0079620965,0.008372502,0.008615166,0.009060787,0.009476645,0.010017135,0.010545835,0.011263178,0.012008372,0.012579019,0.013415574,0.014278808,0.014995577,0.015789883,0.016581193,0.017420942,0.018285103,0.019083727,0.019857861,0.020734482,0.021443797,0.02224417,0.02269514,0.023235751,0.02349564,0.02378678,0.023879291,0.024116058,0.024324592,0.024527725,0.024755685,0.025136491,0.02519759,0.025362516,0.025482187,0.025362007,0.025213564,0.024807647,0.024183042,0.023322066,0.022534205,0.021667026,0.02064755,0.019678093,0.018869802,0.018125163,0.017541425,0.016991684,0.01635316,0.015656414,0.01488751,0.014074769,0.01314806,0.012263546,0.010948341,0.009874325,0.008771104,0.007841434,0.007141015,0.0064143506,0.0058380878,0.0053626834,0.0051348438,0.0049879597,0.0049395966,0.004867204,0.0049695186,0.0050288686
2FingerPinch,0,57,1,0.74896115,0.73617,0.7284943,0.71912915,0.71603924,0.71166456,0.70355207,0.7053266,0.70264256,0.70139164,0.70736676,0.70603853,0.7069899,0.7104825,0.71144617,0.7143524,0.7155753,0.71111387,0.711188,0.7027267,0.7016494,0.68788636,0.6840803,0.67458814,0.6607484,0.646044,0.6368008,0.621511,0.61019,0.59641826,0.5829827,0.5722264,0.55833286,0.5473448,0.5363781,0.5283058,0.5217295,0.5089574,0.5006553,0.49139762,0.48420253,0.47587752,0.46408966,0.4542656,0.44252536,0.42770508,0.4131527,0.3948952,0.37617278,0.35547924,0.3365323,0.3124168,0.28841683,0.2638823,0.23942319,0.21433698,0.18946108,0.16587308,0.14101975,0.115876734,0.09871795,0.07514956,0.063625604,0.05229378,0.052020263,0.06534081,0.07938594,0.10039789,0.12105687,0.14185438,0.16380021,0.18759626,0.2099984,0.23571415,0.25984442,0.28307503,0.30813807,0.33061075,0.3554422,0.38066286,0.4055082,0.4267687,0.45387298,0.47649837,0.49623233,0.5142991,0.53122884,0.55143905,0.56704146,0.5823304,0.59248644,0.60522246,0.61246717,0.62286896,0.62575,0.6351218,0.63965106,0.6448665,0.64962906,0.65630776,0.00305962,0.0031829197,0.0031726488,0.003197344,0.0033385006,0.0033750471,0.003413475,0.0035276546,0.0036780816,0.0037435417,0.003873862,0.003977282,0.004097888,0.0042513604,0.0045037116,0.004667519,0.0048154355,0.005055752,0.0052060587,0.005423062,0.005661203,0.0057714437,0.006073784,0.006300425,0.00659277,0.0067153233,0.006900082,0.0069928593,0.0072254604,0.0074224067,0.0076559973,0.007835164,0.008018587,0.008302764,0.008575282,0.009199832,0.009582641,0.010050447,0.010585485,0.011222125,0.011927584,0.012737013,0.01355885,0.014294592,0.015089714,0.015951535,0.016789254,0.017644804,0.01851823,0.01934982,0.020154227,0.021006815,0.021676125,0.0223666,0.02290449,0.023440022,0.023632515,0.023814892,0.023970433,0.024161944,0.024349062,0.024526494,0.02466293,0.02501676,0.025151286,0.025262268,0.025451869,0.025315827,0.025228595,0.024917156,0.024283772,0.0235008,0.022671513,0.021705976,0.020740949,0.019840607,0.01897591,0.018200446,0.017536528,0.016930599,0.016309116,0.015748922,0.014930375,0.014098933,0.013197014,0.012206882,0.011044363,0.009924576,0.008771382,0.007916638,0.007152072,0.006504423,0.005955156,0.0054086945,0.0052443827,0.005051114,0.0049667284,0.00502228,0.0050394367,0.005100123
2FingerPinch,0,58,1,0.74761796,0.7367063,0.72892326,0.7189625,0.71780115,0.71081257,0.7078252,0.7036081,0.70267564,0.70060605,0.70575804,0.70663863,0.70745647,0.70885354,0.70913786,0.7144469,0.71517956,0.7098784,0.70909214,0.702249,0.7029411,0.696125,0.68378425,0.67119986,0.6616237,0.6462729,0.6369446,0.6223647,0.6084341,0.5956991,0.5830196,0.5707656,0.55607605,0.54534024,0.53755814,0.52773803,0.5197871,0.50937,0.5009632,0.4941233,0.48347852,0.4749829,0.46530008,0.45334625,0.4424844,0.42649987,0.41187337,0.39451408,0.37555093,0.35646272,0.33408013,0.31230742,0.2888885,0.26388508,0.23940279,0.21532765,0.189571,0.16582331,0.14227797,0.11617613,0.09775538,0.07799268,0.06266918,0.051026925,0.052946806,0.0641882,0.080124244,0.100807,0.1209527,0.1427027,0.16333072,0.18837649,0.21086456,0.23570222,0.26009706,0.28398922,0.30656692,0.3313876,0.3569109,0.3815713,0.40606657,0.42941996,0.45478255,0.47522476,0.495279,0.51617205,0.5324263,0.55221134,0.56626874,0.5826296,0.5934647,0.604005,0.6126013,0.6224069,0.62942606,0.63323456,0.6396199,0.6419396,0.6495583,0.6576372,0.0030128928,0.0031052826,0.0031731455,0.0032441495,0.0033483622,0.0033287485,0.0034139447,0.003490194,0.003608144,0.0036526201,0.0037709111,0.00398205,0.00406507,0.004190476,0.0044069993,0.0046224226,0.004813689,0.005040923,0.0052155494,0.005486607,0.005705805,0.0059036994,0.006071667,0.006257944,0.006563449,0.006782058,0.006966373,0.007056772,0.007267128,0.007433046,0.0075413543,0.0077578756,0.00803471,0.008377745,0.008639578,0.009112624,0.009581644,0.010036258,0.01064924,0.011332251,0.0119892275,0.012816706,0.013604331,0.014359523,0.015129697,0.016051764,0.016827272,0.017598797,0.018481702,0.019317487,0.020117706,0.02093193,0.021753453,0.022486985,0.022944534,0.023539666,0.023800034,0.023926303,0.024143415,0.02432206,0.02447379,0.024629978,0.024876539,0.02512825,0.025211886,0.025442477,0.025528548,0.025403887,0.02524521,0.024829147,0.024273602,0.023428764,0.022628536,0.021735147,0.020675378,0.019789869,0.018998586,0.018273301,0.01764458,0.017000644,0.016402198,0.01575138,0.015166973,0.014247521,0.013289899,0.012372452,0.011215083,0.010127965,0.008935484,0.008099584,0.0073493137,0.006632137,0.0060627903,0.005580054,0.0053758863,0.0051735453,0.0051292917,0.0050479304,0.0050884574,0.0051564444
2FingerPinch,0,59,1,0.7478454,0.7365218,0.7296506,0.71944004,0.7183784,0.71054953,0.70633656,0.7047735,0.7016105,0.70201993,0.707119,0.70597583,0.7073581,0.71045077,0.7125119,0.71364164,0.7162717,0.7120551,0.70878315,0.70259064,0.7015915,0.6853911,0.68541235,0.6744431,0.6615227,0.6480267,0.63538754,0.6223315,0.60789895,0.59377265,0.582873,0.5708766,0.5600888,0.5460575,0.536819,0.5281824,0.51991403,0.5098378,0.50047535,0.49344996,0.4854849,0.47490847,0.46290925,0.45510584,0.4407885,0.42674062,0.412308,0.39481437,0.37616515,0.35658476,0.33204758,0.31146115,0.28786954,0.26383767,0.23932314,0.21472329,0.18962675,0.16630462,0.14235759,0.1155498,0.09779326,0.07683445,0.063817196,0.05149285,0.05096342,0.063919134,0.08149936,0.10024174,0.12084591,0.14303523,0.16561733,0.18824393,0.21157691,0.23637661,0.25990212,0.2827062,0.30780157,0.331384,0.3572273,0.38152558,0.40570727,0.42856133,0.45387962,0.47588772,0.49226618,0.5155679,0.5333972,0.55030465,0.56759095,0.5824769,0.59372854,0.60672307,0.6125543,0.62232053,0.6273512,0.63533,0.6394808,0.6439268,0.6486798,0.65758264,0.0031112998,0.0031282941,0.003224969,0.0032732366,0.0034113028,0.0033773384,0.003473354,0.003534235,0.0036212825,0.0037474898,0.0038958525,0.0040144254,0.004051387,0.004318385,0.0044808565,0.00468894,0.0048867175,0.005074222,0.005259115,0.00545689,0.0056979735,0.005862399,0.0060190093,0.0062427535,0.0065641296,0.0066961716,0.0068507465,0.006995947,0.007157669,0.0073516867,0.0075492496,0.0077411504,0.008029125,0.008318093,0.008604029,0.009115385,0.009430603,0.010033487,0.0106378365,0.011369321,0.012026032,0.012725655,0.013414028,0.014195883,0.015043986,0.015902957,0.016701309,0.017512273,0.018375376,0.019282367,0.020042906,0.020934636,0.02175155,0.022464229,0.022898082,0.023457749,0.023763303,0.023929678,0.024090962,0.02434879,0.024474304,0.024623055,0.024857901,0.025077125,0.025282003,0.025397632,0.025540136,0.025419483,0.025274178,0.024969563,0.024302231,0.02350509,0.02275562,0.021809088,0.02069869,0.019808806,0.019001571,0.018277569,0.017656961,0.017110178,0.016373785,0.015810784,0.015108509,0.01419208,0.013266657,0.012299167,0.011168284,0.0100400215,0.008920716,0.008019813,0.0072155255,0.006547033,0.006003169,0.0054621967,0.0052704695,0.0051212194,0.005084474,0.0050354423,0.005115152,0.0051417267
LateralPinch,0,0,2,0.7546133,0.7440727,0.73624665,0.72825015,0.7267782,0.72169894,0.7155141,0.7152996,0.71451986,0.71469486,0.7196842,0.7213186,0.7223926,0.7267701,0.7281445,0.7317268,0.7353703,0.7321246,0.73393524,0.72581756,0.7286295,0.71146226,0.7120586,0.7004191,0.68792206,0.6753521,0.6664694,0.6516116,0.63796216,0.62491703,0.61383295,0.6007168,0.59145504,0.5792957,0.5710551,0.55977374,0.5557077,0.5458906,0.5355075,0.5291581,0.51983464,0.5111445,0.5003548,0.48903236,0.47513506,0.45858413,0.4422462,0.42380846,0.40358523,0.3763801,0.35468885,0.32772583,0.29991052,0.27229628,0.24308378,0.2156846,0.18626748,0.15829758,0.12999077,0.10197222,0.074056014,0.04843419,0.023450859,0.006098918,0.029774366,0.054157127,0.07828568,0.10174777,0.12313741,0.14886205,0.17034331,0.19238405,0.21604422,0.23692581,0.2596445,0.28227273,0.30378616,0.32688197,0.35083732,0.37509105,0.39899912,0.42566106,0.4496596,0.47455874,0.49819493,0.51563764,0.5416951,0.55572975,0.5717707,0.58834076,0.60107344,0.6124077,0.62032586,0.631388,0.6360653,0.6427674,0.6474616,0.6486856,0.65787,0.664611,0.002639748,0.002775517,0.0027953573,0.0028502487,0.0029375176,0.0029058834,0.0029879757,0.0031127287,0.003195732,0.003176891,0.0033514693,0.0035010905,0.0036756287,0.0037989223,0.004017383,0.0041596396,0.004463926,0.004685547,0.0048376177,0.0050817346,0.0053743883,0.0055947523,0.0057687224,0.0060121436,0.0062819426,0.0066153486,0.0066863527,0.0068290234,0.0070746914,0.0070933024,0.0073839175,0.007476034,0.0077910996,0.008096184,0.008319978,0.0087704295,0.009134406,0.009702678,0.010166939,0.010902649,0.011621214,0.012275324,0.012920428,0.013665636,0.014276674,0.015092694,0.015876288,0.016727895,0.017628575,0.018360816,0.019113354,0.019927137,0.020815633,0.021545604,0.022013664,0.022502633,0.022888431,0.023192886,0.023359215,0.023549616,0.023722915,0.024058199,0.024218239,0.024484703,0.024743404,0.025019424,0.025245747,0.025216727,0.025107443,0.025025973,0.024480918,0.023672434,0.022973979,0.022099663,0.021051003,0.020075973,0.019207958,0.018391501,0.017743584,0.017115988,0.01633277,0.015555801,0.014779339,0.013887707,0.01294477,0.011891481,0.010788464,0.009634939,0.008472274,0.0075616306,0.006835471,0.006108164,0.005434348,0.0050025275,0.0047096796,0.0045912853,0.004547826,0.004595882,0.0046208976,0.0047723865
LateralPinch,0,1,2,0.7546883,0.74429697,0.735704,0.7273225,0.7247653,0.72027206,0.7157175,0.71728617,0.71333647,0.7126985,0.7192315,0.72372687,0.7210316,0.7274013,0.7267167,0.72926724,0.73501503,0.7319245,0.73046756,0.72453225,0.72711015,0.71283203,0.7107689,0.7008316,0.6912083,0.6738888,0.6648536,0.649393,0.6378121,0.6251095,0.6158213,0.60173523,0.59013706,0.5800831,0.5700543,0.55945617,0.55803144,0.54624075,0.5355832,0.52879506,0.5215803,0.50952613,0.5004061,0.48882416,0.4763409,0.4590331,0.4404858,0.42335644,0.4005878,0.3809219,0.3521882,0.32747918,0.3012921,0.27281693,0.24345875,0.21577837,0.18718752,0.15847892,0.13047303,0.098923735,0.07749334,0.048985463,0.025224091,0.0059971022,0.027373724,0.052997567,0.07501497,0.09964138,0.12207923,0.14747684,0.16599895,0.19184154,0.21384186,0.23657909,0.259374,0.28136033,0.3043821,0.3272379,0.35111055,0.37611783,0.4010539,0.42676926,0.45121697,0.4741662,0.4975235,0.5166323,0.53674406,0.55581844,0.57368654,0.58880645,0.6011951,0.6132344,0.620568,0.6305584,0.63614804,0.6431646,0.6490221,0.6506523,0.6578472,0.6639709,0.0027615114,0.0028670938,0.0029015841,0.0028564932,0.0029239005,0.0029629976,0.00303385,0.003170964,0.0032676104,0.00327822,0.0033864863,0.003488211,0.00372262,0.003878811,0.0039774175,0.0041598254,0.0044482574,0.0046616807,0.0048440755,0.0051182844,0.00555044,0.0056570745,0.006003063,0.0062435847,0.006534141,0.0067867814,0.0069398247,0.007063098,0.0073050275,0.0074250777,0.007618266,0.0077867145,0.008011483,0.008275038,0.008490726,0.009039292,0.009420619,0.009821948,0.010410568,0.01107665,0.011649327,0.012313036,0.013055235,0.013693661,0.0144237215,0.015219395,0.015900683,0.016766623,0.01756448,0.018428272,0.019108163,0.02008357,0.02095204,0.021564491,0.022160012,0.022592247,0.022842478,0.023076665,0.023231724,0.02332935,0.023530185,0.023745056,0.023870347,0.024220183,0.02443427,0.024609124,0.02491898,0.024905806,0.02490765,0.024634896,0.024134897,0.023640769,0.022815282,0.02201301,0.02107594,0.020263884,0.019346435,0.018593239,0.017896466,0.017200775,0.016453052,0.015754482,0.0149153825,0.01403829,0.013122803,0.01209464,0.010851905,0.009790404,0.008624047,0.0077211005,0.0070461845,0.006320932,0.0057336628,0.0052258903,0.0050635384,0.004931375,0.004884496,0.004891758,0.0049820133,0.0050160056
LateralPinch,0,2,2,0.75392175,0.74191445,0.735407,0.7265295,0.7253558,0.7191784,0.715705,0.7172778,0.71358085,0.7142786,0.7179481,0.7218314,0.7231161,0.727215,0.7290552,0.7307948,0.7356112,0.73001343,0.7321612,0.72590023,0.72529495,0.71010053,0.70954365,0.69924283,0.6875166,0.673612,0.66375446,0.6501119,0.63691455,0.6232371,0.61164296,0.6008605,0.58961594,0.5795607,0.56738394,0.56058574,0.5545059,0.5431291,0.5359019,0.527925,0.51786834,0.50969803,0.49940547,0.48719364,0.474615,0.45879298,0.43905672,0.42226785,0.39946893,0.3787852,0.352637,0.32772473,0.30047932,0.27229336,0.2437954,0.21600474,0.18686429,0.15961099,0.13363053,0.103028595,0.079933815,0.050724685,0.028132498,0.0059829103,0.026198316,0.050643083,0.075545855,0.099251926,0.12282941,0.14491135,0.16852579,0.1925144,0.21450034,0.23776937,0.2607775,0.2837618,0.30547383,0.33033922,0.35254294,0.3762015,0.40136614,0.42793548,0.45103213,0.4754134,0.49645418,0.5174017,0.5368349,0.55654585,0.5721133,0.5878148,0.5996573,0.61210144,0.61776567,0.6293942,0.63474375,0.64027244,0.64590454,0.64832777,0.6538912,0.6614578,0.0028290728,0.0028226685,0.0028813095,0.0028464708,0.0029985656,0.0029733088,0.0029805633,0.0030696979,0.0031918054,0.0032512734,0.003339645,0.0034842794,0.003684914,0.0038851881,0.004042453,0.004190291,0.004435179,0.004546695,0.004841078,0.005152946,0.00542307,0.0056446926,0.005983449,0.00622776,0.0064827455,0.006693361,0.006947976,0.007074419,0.0071883528,0.0073630246,0.007601445,0.007732893,0.0079562375,0.008255792,0.008595707,0.009079227,0.009459567,0.0098865265,0.010430863,0.011094805,0.011622088,0.012289498,0.0130679235,0.013735334,0.014530377,0.015263771,0.01596077,0.016827332,0.01758602,0.018462347,0.019154178,0.020031057,0.020748934,0.021536577,0.022033403,0.022541167,0.022918208,0.023231572,0.023544827,0.023727996,0.02397868,0.024171794,0.024377592,0.024807896,0.025040228,0.025246242,0.025388848,0.025411429,0.025440933,0.02517389,0.024756676,0.024149794,0.023322327,0.022574427,0.021628516,0.020724019,0.01976564,0.018929577,0.018235208,0.017544001,0.016847767,0.016062802,0.015196898,0.014334131,0.013287617,0.01224231,0.010991688,0.009875875,0.0086972825,0.0077960836,0.007011305,0.006358756,0.005704753,0.0052360543,0.0049898634,0.0049145333,0.0048209215,0.00496565,0.004966953,0.0050063957
LateralPinch,0,3,2,0.75392675,0.7421706,0.7360489,0.72628933,0.72547656,0.720007,0.7137026,0.7137013,0.7141525,0.71317196,0.7176095,0.72029763,0.72220165,0.7260607,0.72663575,0.7313056,0.73407084,0.7309192,0.7339662,0.72482055,0.7260777,0.71996504,0.7077182,0.69905794,0.6878711,0.6761677,0.6620592,0.64919,0.63671786,0.6228223,0.61217386,0.6010412,0.5890008,0.57615745,0.5666078,0.55949426,0.5550318,0.5402318,0.53631455,0.5269663,0.5174879,0.5078644,0.4979893,0.48790348,0.47475398,0.45711264,0.44157204,0.42222843,0.40027428,0.37771457,0.3513357,0.3288997,0.2998319,0.27297363,0.24501891,0.21739164,0.18814696,0.16116108,0.13177846,0.103671186,0.07740971,0.05131669,0.02518618,0.008501212,0.027394697,0.05230434,0.07601882,0.099216715,0.12232731,0.14594291,0.17015316,0.19113006,0.2144878,0.23790245,0.26086187,0.28306994,0.30488494,0.32715303,0.35194358,0.37580067,0.4009539,0.42520195,0.45011783,0.4738285,0.49529395,0.51602334,0.53604335,0.5559438,0.572064,0.5869524,0.59860426,0.6099099,0.61723244,0.6290937,0.6347437,0.6392696,0.6466274,0.6525448,0.6557151,0.66219103,0.0028455395,0.0028411427,0.0029398608,0.0029583108,0.0029534982,0.0029419116,0.002971876,0.0030564675,0.0032511973,0.0032801563,0.003261983,0.0034980788,0.0036037571,0.0037836162,0.0039041974,0.0041386923,0.0043778587,0.004585355,0.004952882,0.005131047,0.0054433043,0.00566041,0.0058096102,0.0060860133,0.0064219013,0.0066234604,0.0068258545,0.0069228923,0.0071194004,0.0072133,0.0074925222,0.007638951,0.007837313,0.008158954,0.008448333,0.008937356,0.009288744,0.009774427,0.01030138,0.010915336,0.011546662,0.012285336,0.013046479,0.013717155,0.014499787,0.015298672,0.016092546,0.016864035,0.017588412,0.018451098,0.019143438,0.019967245,0.020723749,0.02147604,0.022077862,0.022420049,0.022756897,0.023006717,0.023162806,0.023369389,0.023556149,0.023906523,0.024117198,0.024519153,0.024786934,0.024905011,0.025090104,0.025120404,0.025082933,0.02477341,0.024364404,0.023777228,0.023035808,0.022220453,0.021238595,0.02028954,0.019418709,0.018601106,0.017954398,0.017317731,0.016457846,0.015710227,0.014882476,0.013997003,0.012947487,0.0119632445,0.01075842,0.009686867,0.008492782,0.007677978,0.0069363923,0.0062484154,0.005659148,0.0051738783,0.004925935,0.0047680745,0.004739678,0.0048372513,0.0049173892,0.004954228
LateralPinch,0,4,2,0.7534231,0.7422268,0.7351781,0.72588295,0.724625,0.7199839,0.71365154,0.71411484,0.71397597,0.71166897,0.7197068,0.7174583,0.7208853,0.7235106,0.7262843,0.73069555,0.73376036,0.72975296,0.7304682,0.7266637,0.72481114,0.7208869,0.7071854,0.6995183,0.68823224,0.67192066,0.66342574,0.64729697,0.63621193,0.6248754,0.61248565,0.60209924,0.5890665,0.5795041,0.56757104,0.5611086,0.554672,0.54413813,0.5323821,0.5254371,0.5192231,0.5090966,0.49771562,0.48767462,0.47229752,0.4580114,0.44079596,0.42157042,0.39971182,0.37873647,0.35093126,0.3285655,0.29929298,0.27216965,0.24351618,0.21613477,0.18648964,0.15977421,0.13060334,0.10088118,0.07765045,0.051170982,0.025455628,0.007779811,0.027696822,0.053582802,0.076719515,0.09994075,0.122167744,0.14587623,0.1687444,0.19183092,0.21379343,0.23623991,0.25944746,0.28179565,0.30459934,0.32603988,0.35244557,0.3763905,0.39978078,0.42528322,0.4523539,0.473762,0.49624228,0.5169365,0.5347782,0.55328536,0.5705126,0.58719766,0.59797007,0.6104826,0.61841834,0.63049793,0.6341417,0.641168,0.6465074,0.64977276,0.6542678,0.66329795,0.0026930256,0.002794078,0.0027789525,0.0027400297,0.0027777813,0.0028595594,0.002933656,0.002988586,0.0030674702,0.0031276986,0.0032706799,0.003309756,0.0035358348,0.003674887,0.0039159968,0.004066796,0.0043032183,0.0045925253,0.0048059155,0.0051289173,0.005351831,0.0056311265,0.0058764042,0.0061404197,0.006409361,0.0066858106,0.0068395347,0.007023077,0.0072277496,0.007351225,0.0075609856,0.0077788336,0.007955729,0.008276364,0.008542933,0.0090283835,0.009404619,0.009861169,0.010409406,0.011034806,0.011689524,0.012323257,0.01305739,0.013798316,0.014537122,0.0153659135,0.016083557,0.016948586,0.017857417,0.018626235,0.019376509,0.020259764,0.020948794,0.021610618,0.022185128,0.022701362,0.022869349,0.02312015,0.023423733,0.023646811,0.02382142,0.023910103,0.024215523,0.024642158,0.0248311,0.024992825,0.025265086,0.025205275,0.025096912,0.024787918,0.024369013,0.023784844,0.022966104,0.022103522,0.021268215,0.020371715,0.019471664,0.018613173,0.017975789,0.017268699,0.016527383,0.015744247,0.0149735585,0.013998074,0.013012597,0.011980062,0.010798975,0.009686659,0.008592637,0.0076773884,0.0069436645,0.006396872,0.005733796,0.005292762,0.0050485157,0.004883158,0.004918613,0.0049453555,0.004982684,0.0050420836
LateralPinch,0,5,2,0.7535415,0.744619,0.7355928,0.72674274,0.7252149,0.7200071,0.7142497,0.7152021,0.7119517,0.715504,0.7144324,0.7197589,0.7203534,0.724226,0.7254175,0.7294285,0.73386645,0.72988445,0.73069495,0.7250546,0.7251215,0.7113916,0.7078259,0.6978209,0.684422,0.6728272,0.6654811,0.6473528,0.6357023,0.6241426,0.61190736,0.5993716,0.5881727,0.57691205,0.56722814,0.55653554,0.55417883,0.5432667,0.5317295,0.52699375,0.5166757,0.5083398,0.49561936,0.48723525,0.4726746,0.45517856,0.44131032,0.42039797,0.39900997,0.3773189,0.3507359,0.32606393,0.2985873,0.27088642,0.24153547,0.21422453,0.1848615,0.15768759,0.12943801,0.10048525,0.07611887,0.05005924,0.02454892,0.0113029815,0.030127339,0.05460396,0.078183085,0.101289235,0.12374549,0.14630182,0.16865458,0.19036311,0.21528158,0.23692587,0.25960302,0.2802783,0.3037308,0.32546777,0.35046247,0.3747766,0.39967775,0.42184636,0.4485457,0.46902016,0.49423304,0.5147658,0.5347912,0.55369806,0.5705136,0.5862102,0.59832,0.6132038,0.6178098,0.62953055,0.6362865,0.6411265,0.6454618,0.65179175,0.6552802,0.66284394,0.002637648,0.0027461147,0.0027633712,0.0028602288,0.0028250532,0.0029301,0.0030011109,0.0031188077,0.003087101,0.0031860508,0.003233488,0.003371115,0.0035199425,0.0036812748,0.003837466,0.0040897336,0.0043289983,0.0046148445,0.0047893324,0.005071906,0.0053536454,0.0055632456,0.0057665384,0.0060167904,0.00628663,0.006482084,0.0067609814,0.0068778237,0.0070681176,0.007154223,0.007411313,0.007553444,0.0077624447,0.0080714375,0.008352204,0.008876001,0.009167822,0.009606121,0.010107471,0.010910621,0.011508082,0.012102034,0.012857317,0.013770775,0.014475548,0.01517104,0.016055463,0.016757172,0.017522976,0.0183471,0.019087588,0.019955292,0.02072729,0.021362608,0.021903452,0.022402791,0.022703798,0.023039214,0.023198217,0.023386598,0.023607627,0.023756519,0.023926528,0.024264477,0.02448574,0.024564162,0.024789512,0.024688844,0.024701525,0.0243922,0.023912681,0.023253167,0.022422308,0.02161195,0.020650132,0.019694861,0.01889744,0.018039133,0.01746487,0.01679586,0.01601393,0.015268599,0.014489881,0.013575263,0.012639019,0.011639694,0.010421863,0.009428054,0.008249299,0.0074459724,0.006701109,0.0061324798,0.005523095,0.0051317806,0.0048903725,0.0048215566,0.004760509,0.004894817,0.004858158,0.0049533993
LateralPinch,0,6,2,0.75461125,0.74263114,0.7356909,0.72657776,0.724206,0.7206448,0.7132458,0.71323544,0.71352464,0.71163696,0.7167116,0.7215892,0.71938753,0.72341335,0.7266112,0.7308265,0.733467,0.73000336,0.7301043,0.7237126,0.7246349,0.71837485,0.70769227,0.697585,0.68638426,0.67194164,0.6637567,0.6472998,0.63504755,0.6225539,0.60932714,0.59954554,0.5866834,0.57660306,0.566431,0.55539304,0.5537847,0.54275805,0.5334773,0.52532256,0.516526,0.50757736,0.49513933,0.48514873,0.4720506,0.45567736,0.43895787,0.42145994,0.39865577,0.3772054,0.35098678,0.32880414,0.30007565,0.2729407,0.24412435,0.21676134,0.18848243,0.16004372,0.13140196,0.10419391,0.07732222,0.05184436,0.026959404,0.00998627,0.028537842,0.05213382,0.076249644,0.099559255,0.12230686,0.14493224,0.1673747,0.19068207,0.21373494,0.23603095,0.26069218,0.28134406,0.30525723,0.3274523,0.35118312,0.37410593,0.40229514,0.42487666,0.45180112,0.47288394,0.4948888,0.5154455,0.53671914,0.5543924,0.57126456,0.585896,0.5981828,0.6100357,0.6186199,0.6280877,0.6337114,0.63830984,0.64377254,0.6507536,0.65430903,0.66113317,0.002567433,0.0027724206,0.0028242422,0.002841285,0.0028293794,0.002897919,0.0029122573,0.0029675937,0.0031111117,0.0030962508,0.0032463192,0.00339439,0.0035609794,0.003627861,0.0038529362,0.0040606726,0.004334472,0.0045378287,0.0048771375,0.0049793054,0.005347165,0.00556746,0.0057790275,0.0060256706,0.0063374164,0.0064972173,0.006690206,0.006666372,0.0068885186,0.0070167794,0.0072800424,0.0074650845,0.007666897,0.007990466,0.008180089,0.008737504,0.009027894,0.009613028,0.0101562515,0.010794961,0.011487994,0.012092971,0.012816312,0.013616629,0.014474411,0.015275249,0.01607016,0.016909966,0.01773294,0.018583788,0.019337427,0.020219613,0.021010099,0.021781536,0.022352953,0.022952322,0.023156846,0.023503093,0.02355971,0.023858095,0.024028664,0.024422351,0.024541205,0.025027012,0.025162246,0.02540221,0.025646094,0.025603391,0.025506824,0.025183087,0.024756668,0.024086919,0.023297766,0.022481987,0.021532275,0.020537803,0.019630022,0.018867495,0.018304626,0.017649865,0.016799273,0.016053416,0.015208857,0.014259845,0.013259979,0.012167761,0.011007947,0.009804674,0.008570137,0.007684572,0.0068933284,0.0062496657,0.0056497464,0.005211868,0.0049416707,0.0048516407,0.004863704,0.0049274033,0.004994046,0.0050778873
LateralPinch,0,7,2,0.75488394,0.7425429,0.73491246,0.7259869,0.72575724,0.72090334,0.71307266,0.71305245,0.71351993,0.71175027,0.71846783,0.71796525,0.71971357,0.72098565,0.72600627,0.7302218,0.73144,0.7285245,0.73281497,0.7229118,0.7243893,0.7178296,0.705992,0.69683427,0.68476117,0.6701327,0.66289693,0.6468507,0.6346724,0.62321234,0.60971916,0.5982259,0.5880054,0.5744475,0.5657711,0.5567155,0.55052054,0.54129994,0.5303301,0.52356756,0.51573133,0.5071899,0.49433437,0.4858369,0.4712839,0.45661673,0.43706387,0.42125764,0.3987904,0.37749237,0.3516875,0.3262494,0.3000786,0.27225453,0.24374068,0.21616735,0.18700095,0.15999134,0.131175,0.10368423,0.079299696,0.05189684,0.026805649,0.01167828,0.028247887,0.051776472,0.07575626,0.099640794,0.121639065,0.14624614,0.16789225,0.1916136,0.21486083,0.23773925,0.26104134,0.28195944,0.30567238,0.32785988,0.35152882,0.37515178,0.39942706,0.42369914,0.45154902,0.4725171,0.49520215,0.51422936,0.53434205,0.5530174,0.5699013,0.5857756,0.5968435,0.609503,0.616309,0.6268795,0.6327336,0.63853824,0.64328796,0.64930385,0.6532141,0.6604156,0.0027120146,0.0028299445,0.002880842,0.0028942367,0.0028990626,0.0029138909,0.002964691,0.0030604925,0.0032003094,0.0032042502,0.0032928572,0.0034121645,0.003538672,0.0036522765,0.003873118,0.0040521175,0.004278743,0.004583348,0.0050071203,0.0051288567,0.005420247,0.005631398,0.0059496267,0.006182368,0.0064519816,0.0066493643,0.006834363,0.0069483654,0.0071590655,0.007231938,0.007469937,0.0075841285,0.007807962,0.008122012,0.008405396,0.008842668,0.00915748,0.009835925,0.010274626,0.01096689,0.011677677,0.012414368,0.013075439,0.013864487,0.014616589,0.015359092,0.016206188,0.016985517,0.017774796,0.018636763,0.019341577,0.02028153,0.021018583,0.021764323,0.022295061,0.022778573,0.023077419,0.02327488,0.0235243,0.023813609,0.023816679,0.024051161,0.024167662,0.024660382,0.0247984,0.02501458,0.025193477,0.025145842,0.025135573,0.024834622,0.024308328,0.023654116,0.022835825,0.021961113,0.020916732,0.020028057,0.019101683,0.018279113,0.017674278,0.016929308,0.016145468,0.01536625,0.014658383,0.013648062,0.012735131,0.011743703,0.010559353,0.009450742,0.008305766,0.007501094,0.0067453124,0.00605915,0.005489732,0.00493686,0.004780687,0.00474075,0.0046885316,0.004809884,0.0048748776,0.004920877
LateralPinch,0,8,2,0.7534117,0.74180496,0.735254,0.72558683,0.7235732,0.7178158,0.71155375,0.71209776,0.71166325,0.7115196,0.71527505,0.7205276,0.7195959,0.72298086,0.72710204,0.7283122,0.73274124,0.7282956,0.7294908,0.7239217,0.7235438,0.7176686,0.7064889,0.69411397,0.68695295,0.6705043,0.6622473,0.64578456,0.63347065,0.62037164,0.6078546,0.5965837,0.5842323,0.57533085,0.5672161,0.5540271,0.54952323,0.53954285,0.5300399,0.5228836,0.51239306,0.50335866,0.49273276,0.48139337,0.46991378,0.45288837,0.43874404,0.4185398,0.39645836,0.37757668,0.3504898,0.32616782,0.29983923,0.27204984,0.24380942,0.21620359,0.18706979,0.1600883,0.13209738,0.10435873,0.079749286,0.052226704,0.028156348,0.011826159,0.027994879,0.05107276,0.075657435,0.09917386,0.12170419,0.14549388,0.1694356,0.1914213,0.21428113,0.23853232,0.2605207,0.28281868,0.30515948,0.32876208,0.352438,0.3749904,0.39988902,0.42388994,0.4509873,0.47282514,0.49591205,0.51587343,0.53583854,0.55412835,0.5701607,0.58587694,0.59736425,0.60880923,0.6161004,0.62843645,0.63375354,0.6389439,0.6461553,0.6499512,0.6541071,0.6625282,0.002726745,0.0027445669,0.0028581864,0.0029152287,0.0029214923,0.0029556807,0.0029414915,0.003115081,0.003116198,0.003224908,0.0032689204,0.003480601,0.003626001,0.0037891762,0.0040098764,0.0041666375,0.004454487,0.004681874,0.0048748436,0.0050993343,0.0054339427,0.00566776,0.005920612,0.006163972,0.0064959503,0.0067692734,0.0069379876,0.007041491,0.007291513,0.0073888637,0.007631651,0.007805404,0.008006708,0.008237826,0.008661734,0.009099433,0.009480213,0.009936672,0.0104345335,0.011162805,0.011737524,0.012371358,0.013108777,0.013978809,0.014665757,0.015399834,0.016302459,0.017060379,0.017881934,0.018810222,0.019477187,0.020328233,0.021057414,0.021705246,0.02216362,0.022657301,0.022935718,0.023197973,0.023411274,0.02354069,0.023631437,0.023885245,0.024163112,0.024458002,0.02472913,0.024881821,0.02514977,0.025073303,0.025079066,0.024801306,0.02436626,0.023499588,0.022762982,0.021850988,0.020840516,0.020037549,0.019134251,0.01830326,0.017694132,0.016937643,0.016157143,0.015448092,0.014685871,0.013844331,0.012834716,0.011902325,0.010770787,0.009633812,0.008478643,0.007653665,0.0068971394,0.0061989613,0.0056176023,0.0051335115,0.004961342,0.004836982,0.004823942,0.004930475,0.004941937,0.0049565416
LateralPinch,0,9,2,0.7535905,0.74371153,0.7353138,0.727171,0.7249575,0.7189778,0.71596795,0.71208006,0.7131388,0.7123729,0.71843135,0.7181945,0.7209797,0.72214,0.7269906,0.72917604,0.7325078,0.7285321,0.7302564,0.72533345,0.72463137,0.70822126,0.70503455,0.6958115,0.6826795,0.67170274,0.66083455,0.64780027,0.63491696,0.6221681,0.6110937,0.59883404,0.58568,0.5745498,0.564263,0.55521446,0.55146325,0.5388196,0.5322449,0.5239606,0.5147531,0.5058409,0.4959181,0.4847031,0.47165048,0.45396125,0.43933454,0.4178469,0.3994063,0.37600952,0.3504873,0.3270356,0.29871237,0.2715806,0.2432257,0.21511185,0.1881947,0.15877892,0.13083184,0.1035154,0.07742272,0.05146755,0.027826509,0.011098478,0.028958278,0.052969757,0.07603486,0.09996861,0.12245799,0.14600182,0.16913305,0.1916768,0.21483187,0.23670629,0.26073012,0.2809007,0.30458784,0.32745823,0.35093874,0.37541664,0.3993719,0.4234864,0.44907597,0.47151846,0.49521416,0.51459074,0.534489,0.5533515,0.5711497,0.58634907,0.59724164,0.61249655,0.61831033,0.62679523,0.63354445,0.6392454,0.6430461,0.6496292,0.6527052,0.66282636,0.0027173366,0.0027736162,0.0028153874,0.0028897007,0.002976717,0.0029394226,0.0029980899,0.00305967,0.003232391,0.0033118953,0.0033363728,0.0034750395,0.0037047016,0.0038475147,0.004078226,0.0042221337,0.0045555085,0.0047173696,0.004942351,0.005222422,0.0054570735,0.005685662,0.0059475717,0.0062550395,0.006447635,0.0066775866,0.0069144308,0.0069517014,0.0071297185,0.007292162,0.007467698,0.007646781,0.007909949,0.008144035,0.008531634,0.008899007,0.0094032,0.009965766,0.010551711,0.0112019265,0.011805406,0.012551058,0.013292604,0.014004855,0.014760275,0.015545624,0.016324341,0.017079495,0.017923106,0.018696416,0.019401077,0.020195004,0.020988572,0.021566298,0.022151887,0.022601677,0.022967502,0.023104459,0.023128487,0.02328168,0.02336116,0.023587449,0.023712814,0.024107711,0.024382347,0.024624359,0.024875924,0.024858758,0.024874339,0.024690103,0.02427309,0.023639563,0.022931281,0.021983428,0.021035412,0.020169241,0.019228691,0.018447991,0.01779277,0.017036783,0.016180905,0.01540499,0.014725435,0.013755916,0.012871852,0.011808598,0.010668722,0.009535114,0.008393317,0.0074843913,0.00681195,0.006170109,0.005601223,0.0051126364,0.0049805744,0.0049589127,0.0049288264,0.004948957,0.0050223917,0.005118367
LateralPinch,0,10,2,0.7527418,0.7421393,0.7335502,0.72609997,0.7243666,0.7193496,0.7154344,0.7137997,0.7120781,0.71115404,0.7175381,0.7193678,0.71959543,0.72385085,0.7232342,0.7292799,0.730934,0.7286836,0.73070014,0.72411007,0.72302395,0.7080789,0.70578176,0.69729775,0.68629456,0.6702676,0.6625822,0.6483675,0.6344388,0.6221692,0.61113644,0.5996401,0.5843055,0.57280916,0.56644833,0.55803597,0.5493433,0.5396297,0.53016925,0.5247196,0.51565844,0.50706565,0.49535826,0.48443457,0.47089997,0.45366555,0.4386265,0.41831204,0.39857236,0.3760097,0.35098982,0.32458037,0.29874456,0.27133867,0.24256654,0.21588612,0.18657286,0.15865666,0.12987353,0.10222174,0.07802424,0.05224522,0.027373085,0.01307035,0.029083557,0.051873203,0.076060355,0.09972136,0.12286678,0.14573634,0.16787688,0.19235379,0.214546,0.23845424,0.25988066,0.28198764,0.30440024,0.32770175,0.3511628,0.3738822,0.399684,0.42513847,0.45097953,0.47174567,0.4945693,0.51454794,0.5337149,0.5533052,0.57003856,0.5859854,0.59724075,0.61026084,0.6175497,0.62831765,0.63331574,0.6400568,0.6446927,0.6478878,0.6542605,0.6618475,0.0027672625,0.0028088072,0.00283039,0.0029266546,0.0029224022,0.0029571252,0.003026557,0.003050254,0.0031838631,0.0031741739,0.003300665,0.0034694707,0.0035359676,0.0037817424,0.0039239884,0.0041097323,0.0043709655,0.004557868,0.004968955,0.005161626,0.005407027,0.0056118527,0.005860293,0.006137074,0.0063489764,0.0066035367,0.0068027196,0.0068852603,0.007113006,0.007226458,0.0074549583,0.007600273,0.007864874,0.008079503,0.008492548,0.008997427,0.00924824,0.009838761,0.01036522,0.01108381,0.011740616,0.01242004,0.013213872,0.013951943,0.014686691,0.015482638,0.016230367,0.017053565,0.017833201,0.01861755,0.019304292,0.020113349,0.020818634,0.021565601,0.02193462,0.022452008,0.02282806,0.022924103,0.023094907,0.02323544,0.023403896,0.02349237,0.02376512,0.024140198,0.024370093,0.024537362,0.024780426,0.02471403,0.024685612,0.024466082,0.024033312,0.023398893,0.02259974,0.021711271,0.020769928,0.01988763,0.018949175,0.018110497,0.01750728,0.01682841,0.016026713,0.015396968,0.01456566,0.013684507,0.01263486,0.011658941,0.0104834745,0.009386848,0.00828463,0.0074141864,0.0066612116,0.006065237,0.005448033,0.0050024926,0.004873227,0.004792887,0.004794167,0.004955394,0.005048199,0.0051167565
LateralPinch,0,11,2,0.75522035,0.74262375,0.7362051,0.7270256,0.72546625,0.7194839,0.71453017,0.71381074,0.7129028,0.71259344,0.71904856,0.7168809,0.71965593,0.7244861,0.7252916,0.7292243,0.73056626,0.7278506,0.7290058,0.72339046,0.7223118,0.7181597,0.70592326,0.69688576,0.6820707,0.6718854,0.65953827,0.6441597,0.63418275,0.6218159,0.6089454,0.5964796,0.5850701,0.5728919,0.5636798,0.5537209,0.55194646,0.5369563,0.53188485,0.52325124,0.5158702,0.5053204,0.4933948,0.48587403,0.47133958,0.45590246,0.43767235,0.41941077,0.39765885,0.37500504,0.35138413,0.32610688,0.2982745,0.27179426,0.24346799,0.21590601,0.18689644,0.15981568,0.13209301,0.1025004,0.07856432,0.05176788,0.029783426,0.011869098,0.028524023,0.052457098,0.07487409,0.09952425,0.12137328,0.14498498,0.16807328,0.19158891,0.21444027,0.23719777,0.26037928,0.2819939,0.30601856,0.32881102,0.35171148,0.3765859,0.40036398,0.42190143,0.45188382,0.47326276,0.49593374,0.5142099,0.5332882,0.5538484,0.5702664,0.5845796,0.59604764,0.60991627,0.616141,0.6273045,0.6328269,0.6390768,0.644089,0.6483664,0.65509975,0.6601518,0.002691141,0.0028229984,0.0029038365,0.0028858823,0.0028736894,0.0030344306,0.0030550037,0.0031266063,0.0032175023,0.0032533184,0.0033977516,0.0034894666,0.0036599594,0.0038106595,0.003943877,0.004185603,0.00435223,0.0046603386,0.0048330477,0.005131165,0.005367525,0.0055742166,0.0057525435,0.0060346,0.0062169656,0.0064903726,0.006689402,0.00678796,0.007004723,0.0070879906,0.0073389816,0.0075137364,0.0078073866,0.008040447,0.008365307,0.008786719,0.009251726,0.009710821,0.010308041,0.010948682,0.011706529,0.01238249,0.012990632,0.013832514,0.014516352,0.015366917,0.01604298,0.016726792,0.017514195,0.018428328,0.01910772,0.01994966,0.020666294,0.02135867,0.021861,0.022309922,0.022572085,0.022815462,0.022996351,0.023234326,0.023469636,0.023673927,0.02388289,0.02432319,0.02452536,0.024706455,0.024850985,0.024815228,0.024780076,0.024459107,0.023972075,0.023287164,0.02250126,0.021754343,0.020819634,0.0199833,0.01905654,0.01824967,0.017545277,0.016885346,0.016031621,0.015273558,0.014610099,0.013630353,0.012757425,0.011754207,0.010626643,0.009612732,0.008360657,0.00751465,0.006747099,0.0061504203,0.005640499,0.005184377,0.004957093,0.004886498,0.004850668,0.0049563358,0.0049958476,0.0050688395
LateralPinch,0,12,2,0.7549052,0.7430142,0.7359592,0.72678727,0.7251073,0.72029006,0.7136001,0.7144398,0.7121847,0.7122419,0.71697927,0.7184594,0.71940863,0.72280407,0.72532827,0.72857904,0.7312515,0.72774965,0.72766733,0.724366,0.7228636,0.7167785,0.7054993,0.6956544,0.68408245,0.6685153,0.6620703,0.6474711,0.6336885,0.62072396,0.6084601,0.59678227,0.5868906,0.5735369,0.56538475,0.554993,0.54974204,0.5388805,0.53104377,0.52343667,0.5155619,0.5053383,0.49441785,0.4830881,0.47036397,0.45373824,0.4367666,0.42009038,0.39682588,0.3773724,0.3502088,0.3237994,0.29767933,0.2697506,0.24253024,0.21359494,0.18561417,0.15766646,0.12982228,0.101008676,0.07629165,0.049968813,0.028253416,0.015588341,0.030177936,0.053758617,0.07732519,0.100499034,0.12326072,0.14528112,0.16993092,0.18973355,0.21320829,0.23697272,0.25912634,0.28201902,0.30406004,0.32745776,0.35052386,0.37498856,0.39746952,0.42453197,0.4503586,0.47223586,0.49453515,0.5157589,0.533486,0.5532991,0.568686,0.58490956,0.59654695,0.6092439,0.6162114,0.6248166,0.63264275,0.6400167,0.64377207,0.6506671,0.6541124,0.66042215,0.0026382382,0.0026594112,0.002678568,0.0027445117,0.0027604494,0.0028341373,0.0028957743,0.0030104578,0.0031136738,0.0031467061,0.003221511,0.0033915613,0.0034367105,0.0036558313,0.003836001,0.0040453887,0.0042545977,0.004509549,0.0048740422,0.005112639,0.0053827604,0.0056233653,0.005824738,0.00609079,0.006373478,0.0066195955,0.00685278,0.006994609,0.0071723843,0.007285631,0.0075927437,0.0077152224,0.007957063,0.008238321,0.008591543,0.009087023,0.009573543,0.010019634,0.0106102545,0.011239268,0.011856202,0.012533901,0.013344673,0.014017123,0.014838071,0.015539064,0.016247103,0.017058108,0.017884346,0.018746207,0.019501349,0.020306112,0.021153018,0.021767521,0.022249477,0.02267117,0.022815807,0.02311875,0.023113115,0.023285402,0.02355198,0.02359124,0.023644697,0.024078162,0.02428156,0.024299672,0.024517793,0.02443542,0.02437976,0.024076574,0.023634542,0.02290624,0.022116007,0.021374164,0.020353423,0.019495988,0.018606003,0.01782466,0.017277071,0.01655432,0.01575408,0.015123419,0.014316635,0.0135350805,0.012585749,0.011576738,0.010409763,0.009407549,0.008198332,0.0074332817,0.006758877,0.006139873,0.0055771237,0.005170298,0.004983788,0.0049752747,0.004926241,0.0049502854,0.0051090023,0.0051740953
LateralPinch,0,13,2,0.75458354,0.7437653,0.73534817,0.72664076,0.72545695,0.71940595,0.7146722,0.7135629,0.71214604,0.7132677,0.7167351,0.7208471,0.71933895,0.7245726,0.7264591,0.7294306,0.73226917,0.72818094,0.73059297,0.724815,0.7225353,0.7083535,0.7082536,0.694646,0.6849259,0.6720287,0.6614989,0.644728,0.6338979,0.62211573,0.60917425,0.5991923,0.5873294,0.573239,0.5648577,0.5578106,0.5505075,0.5404691,0.5296777,0.5237654,0.5147315,0.50493693,0.4952787,0.48393276,0.47137502,0.45389926,0.43790817,0.41802648,0.3966637,0.37584063,0.34887597,0.3247939,0.2977954,0.271472,0.24249439,0.21439245,0.18538009,0.15787965,0.13059698,0.10110765,0.07730526,0.051232334,0.02705847,0.013082595,0.03026313,0.05312982,0.07653494,0.099801235,0.123806946,0.14524357,0.16918895,0.19136116,0.2134892,0.23784688,0.2597306,0.2820206,0.30576444,0.32881212,0.35188913,0.3767298,0.3988411,0.4245051,0.44898364,0.47239384,0.4923675,0.51615214,0.53381985,0.5529423,0.5708741,0.58623093,0.5969552,0.6098233,0.61572635,0.627731,0.63385093,0.64092165,0.6427457,0.64980775,0.6517491,0.6620089,0.0027277048,0.002847563,0.002813916,0.0028343543,0.0029343618,0.0029453295,0.0030099032,0.0030724904,0.0031333424,0.003316759,0.0032762296,0.0034972525,0.0036037378,0.0038071382,0.0039151106,0.004116812,0.00434962,0.00453857,0.00490814,0.0051347213,0.0054109907,0.0056797746,0.005925879,0.006182621,0.0064594722,0.006716138,0.006988976,0.0070134443,0.007189148,0.00737924,0.0075679123,0.0076554236,0.007992361,0.008248245,0.008615787,0.008994112,0.009427943,0.009923156,0.010409007,0.011109222,0.011713864,0.012461818,0.013212447,0.013971509,0.014813898,0.015548532,0.016332263,0.017038187,0.017954944,0.018737247,0.019476278,0.020473758,0.021110324,0.021656912,0.022135539,0.022613188,0.022816455,0.022958899,0.023143318,0.023321465,0.023457954,0.023592705,0.023783436,0.02409473,0.024230637,0.024427487,0.024463933,0.02456445,0.024445554,0.024109395,0.023585293,0.022907188,0.022180974,0.021315347,0.020458292,0.01961981,0.01877897,0.018013863,0.017420128,0.016724037,0.016043015,0.015381879,0.014568738,0.013642502,0.012736562,0.011773179,0.010619227,0.009563216,0.008393734,0.007578423,0.0069005396,0.006285831,0.005709917,0.0053217234,0.005063409,0.005011366,0.0049377237,0.0050664013,0.0051297224,0.005181101
LateralPinch,0,14,2,0.7545573,0.74338436,0.7354813,0.72692305,0.7261141,0.72074807,0.71695983,0.71372503,0.71455765,0.71295416,0.7173145,0.72068,0.721658,0.7248992,0.7258333,0.72997904,0.7335803,0.7291989,0.7315405,0.7255215,0.7238344,0.7179843,0.705779,0.6940611,0.6857843,0.67134845,0.66330564,0.64634746,0.63359773,0.6231911,0.61082107,0.5963535,0.5866282,0.5746308,0.56532663,0.55619806,0.55101854,0.5398527,0.53190273,0.5249249,0.51793313,0.50728524,0.49518588,0.48550075,0.47237307,0.45509306,0.43934655,0.42003062,0.3985184,0.37701604,0.35006702,0.3277789,0.29915828,0.27092153,0.24343914,0.2158664,0.18740462,0.15882106,0.13115999,0.103747256,0.076999,0.051478997,0.027427353,0.0119723715,0.028250534,0.053185824,0.07705033,0.0991103,0.12299157,0.14513224,0.1689659,0.19186354,0.21323691,0.23817545,0.25968042,0.28208402,0.30490503,0.32806715,0.3518224,0.37558857,0.40018606,0.423659,0.45232567,0.4741328,0.49401692,0.5154016,0.5374634,0.55266756,0.5708116,0.58577806,0.59851533,0.61151075,0.61834455,0.6301324,0.63112944,0.6401649,0.64500767,0.65006,0.65353674,0.66248566,0.0026852223,0.0027728088,0.0028259014,0.002841661,0.0029457875,0.0030266691,0.0029979974,0.0030549185,0.0032589901,0.0032580325,0.0033437277,0.0034723184,0.0036799198,0.0038135743,0.003937834,0.0040853526,0.004429838,0.004608844,0.0049681035,0.005233118,0.0055544153,0.0057451054,0.005929803,0.006224068,0.006551714,0.006767181,0.0069402703,0.0070765526,0.0072605438,0.007406504,0.0076524485,0.007691242,0.00805441,0.008261257,0.008551784,0.009064443,0.009446063,0.00991695,0.0105197225,0.011216517,0.011762784,0.012456877,0.013172902,0.014011145,0.014726517,0.015483468,0.016225738,0.01703512,0.017918028,0.018642893,0.01939236,0.020216,0.020955477,0.02154201,0.02209117,0.0225209,0.022749385,0.023052186,0.023151217,0.023278225,0.023395108,0.023562051,0.023778442,0.024066122,0.02432447,0.024475709,0.024696786,0.024733907,0.024577497,0.024374595,0.023827827,0.023261968,0.022452224,0.021693882,0.02071284,0.019986073,0.019140309,0.018338092,0.017759886,0.01717823,0.016365042,0.015738422,0.014945033,0.014108793,0.013056437,0.01211112,0.010991864,0.009844836,0.00876019,0.0077990736,0.007094327,0.006552598,0.005973154,0.005503958,0.0052800532,0.005169441,0.005104041,0.0052270056,0.005248675,0.0052527115
LateralPinch,0,15,2,0.75432456,0.7425649,0.73529464,0.72734094,0.7259074,0.7203858,0.71683234,0.7137851,0.7129339,0.7153902,0.7145033,0.7209905,0.7216147,0.7238806,0.72763765,0.730815,0.7331724,0.7293069,0.7301782,0.72372055,0.7243158,0.7186198,0.7060601,0.6952577,0.68558925,0.6713644,0.66226274,0.64584357,0.63583076,0.6228376,0.6084526,0.5996798,0.5874597,0.5762753,0.56964463,0.553924,0.551864,0.5379136,0.53261197,0.52476966,0.5151641,0.5067575,0.4943126,0.48458648,0.47310364,0.4536665,0.43812984,0.4192574,0.40000805,0.3738455,0.3527074,0.32701346,0.29929903,0.2716443,0.24407956,0.21613422,0.1872799,0.15886638,0.13114643,0.10244851,0.077387005,0.05144617,0.02641965,0.010654843,0.028776959,0.053168934,0.07679451,0.100865096,0.12290737,0.14573453,0.1688626,0.19178188,0.2148839,0.23718438,0.25973648,0.28280374,0.304618,0.327753,0.35038358,0.37487626,0.39962256,0.42326155,0.45008272,0.4721835,0.49312344,0.5158296,0.53429204,0.5526538,0.57106674,0.5856885,0.59707665,0.61142105,0.61762774,0.62901765,0.6330346,0.639238,0.6453515,0.64723516,0.65424484,0.6613914,0.0027264173,0.0028005969,0.0028131797,0.0028663697,0.0029186434,0.0029713896,0.0030593292,0.0031345475,0.0032367029,0.0033406666,0.0034230235,0.0036007452,0.0037845515,0.003909591,0.0040522213,0.0043127253,0.0045452956,0.004723142,0.004840288,0.0050631985,0.005463566,0.005637784,0.0058852616,0.0061968253,0.0064411783,0.0067780875,0.0069210925,0.00703388,0.0072772913,0.0075100875,0.0076118973,0.0077920044,0.008029634,0.00835577,0.008644332,0.0090532815,0.009524052,0.009951649,0.010551572,0.011087465,0.011775527,0.012407662,0.013134905,0.014002784,0.014771821,0.015500654,0.016337948,0.017184762,0.017992545,0.018845579,0.01956644,0.020366322,0.021161942,0.02181105,0.02225976,0.022755375,0.022994354,0.02328027,0.023428936,0.0235315,0.023662308,0.023776006,0.023942925,0.024358062,0.024510175,0.024749722,0.02491627,0.024968166,0.024882765,0.024610396,0.024078652,0.02342057,0.022667566,0.021769864,0.020900166,0.020030625,0.019136725,0.018334415,0.017769448,0.017127035,0.016421622,0.015657257,0.014996855,0.0140028065,0.013008616,0.012107588,0.010914875,0.00980752,0.008702485,0.007837916,0.007074594,0.0064402674,0.005871241,0.0053925547,0.005223728,0.0051597185,0.005083826,0.0050784317,0.0052112886,0.005254683
LateralPinch,0,16,2,0.7535246,0.74341786,0.7364036,0.7271479,0.7258422,0.7193764,0.7165039,0.7140377,0.7128827,0.71164525,0.71660763,0.72208977,0.71953124,0.72582555,0.72627103,0.73110217,0.73306215,0.73053384,0.7319633,0.72308344,0.72277975,0.7169995,0.70740783,0.69863266,0.68516487,0.6725499,0.6600779,0.64687234,0.633732,0.6216361,0.6096765,0.5971416,0.58726835,0.57570225,0.5664253,0.5541973,0.55126554,0.54088527,0.53181,0.52439445,0.5155757,0.50559163,0.49436873,0.4857332,0.47261387,0.4540622,0.4380047,0.4213299,0.39796218,0.37583214,0.35065025,0.32693937,0.29839376,0.27098805,0.24293528,0.2145858,0.18748721,0.15901844,0.1309198,0.10406265,0.076397955,0.051282197,0.028058516,0.011750196,0.028973922,0.053641517,0.07686769,0.0999856,0.12240361,0.14653006,0.1691896,0.19000699,0.21432404,0.23699076,0.2601057,0.28096423,0.30499676,0.3270949,0.3509175,0.37500662,0.39920714,0.42228502,0.4528473,0.47200215,0.49205828,0.5142481,0.53390795,0.55394596,0.57032865,0.58608687,0.59799427,0.60897404,0.61759335,0.62627333,0.63270736,0.64035904,0.6467954,0.6478371,0.6551653,0.6612749,0.0027069978,0.0027465723,0.0028396524,0.002807583,0.002901552,0.0029210094,0.003005466,0.0031292737,0.0031758177,0.003235637,0.0033192108,0.00351938,0.0036399472,0.0038235139,0.004000623,0.0041491734,0.0043903035,0.004665955,0.0048416425,0.0051311334,0.0054069716,0.0057287244,0.005971213,0.0061724856,0.00651796,0.0066833603,0.006881928,0.0070288065,0.0072889063,0.0074327886,0.0076507838,0.0077491417,0.007983931,0.008319317,0.008671,0.009158263,0.00950996,0.010046815,0.010567719,0.0111967595,0.011874658,0.012562674,0.01323896,0.014132837,0.014935344,0.01553427,0.016364658,0.017156731,0.017906705,0.018764665,0.01956361,0.020345492,0.02111718,0.021826433,0.022320613,0.022799876,0.023113545,0.02325091,0.02343317,0.023633394,0.023678,0.023933692,0.024094036,0.02443898,0.024643846,0.024825243,0.025040982,0.025003767,0.024960548,0.024530694,0.024066368,0.02335907,0.022590935,0.021754822,0.02084602,0.019852681,0.019070348,0.01822905,0.017607797,0.017022926,0.016203288,0.015544811,0.014833496,0.013979868,0.012926237,0.011967056,0.010798203,0.009680121,0.008639773,0.0077480236,0.0070152483,0.006393961,0.0058373515,0.0053981273,0.0051921997,0.0051249876,0.0050920197,0.0051254616,0.00522407,0.005313503
LateralPinch,0,17,2,0.7523758,0.7422492,0.7358995,0.7268513,0.7244649,0.72099453,0.7145071,0.7133057,0.71407396,0.71215284,0.7193774,0.71894467,0.7196694,0.7250912,0.72515416,0.7282859,0.7330032,0.72796243,0.7291517,0.72450554,0.72292906,0.7093065,0.70475,0.69685984,0.6857052,0.6698622,0.6626773,0.6470029,0.63500404,0.6228436,0.60941726,0.59886956,0.5860808,0.5757489,0.5666057,0.55762094,0.55153966,0.5399143,0.5320235,0.5235474,0.5166998,0.50719833,0.49440587,0.48512974,0.47064,0.45609277,0.43817905,0.42076245,0.3998921,0.3737849,0.3519137,0.3249133,0.29813337,0.2706858,0.24240814,0.21509635,0.18633664,0.15876153,0.13172066,0.102056794,0.0786788,0.05157389,0.02863501,0.01343001,0.029032236,0.05313274,0.07630241,0.0998623,0.12350738,0.14414386,0.16854037,0.19168833,0.21286795,0.23629922,0.26002944,0.2814527,0.3039743,0.32643592,0.35137695,0.3752438,0.39768428,0.42392123,0.45060876,0.4717969,0.4929626,0.51405483,0.53199303,0.552905,0.569695,0.58476865,0.59709984,0.6090279,0.61536425,0.628258,0.6311312,0.63951635,0.6446089,0.6477406,0.6542217,0.66099524,0.0026313744,0.002712808,0.0028119257,0.0027746486,0.0028501486,0.0029262542,0.0029405085,0.0030390937,0.0032094524,0.0031394425,0.0033305609,0.0034368339,0.0035508492,0.0037429142,0.0039229887,0.0040653585,0.004326195,0.0044985795,0.0049173734,0.0051840884,0.005401517,0.005614125,0.00590644,0.0061559468,0.0065592327,0.006796123,0.006922776,0.007071761,0.0072690216,0.0074698953,0.00759055,0.007854907,0.007974722,0.008286677,0.00857432,0.009012241,0.009441529,0.009912416,0.010370655,0.011081126,0.011795381,0.012500752,0.0131084295,0.013972493,0.014749664,0.015451804,0.016299644,0.01707295,0.017890118,0.018759567,0.01951161,0.020256115,0.021129226,0.021752065,0.022196205,0.0226982,0.02298813,0.023240604,0.02334925,0.023585036,0.023769027,0.02392171,0.024020286,0.024397796,0.024558906,0.02475196,0.024887228,0.024749748,0.024792368,0.024409197,0.023870545,0.023214208,0.022449432,0.02157516,0.020616226,0.01967781,0.01874753,0.018059637,0.017378073,0.016840085,0.01609536,0.01532817,0.014648139,0.013689881,0.0127255265,0.011729852,0.010543899,0.009500807,0.008431185,0.00756202,0.0068695964,0.0062582083,0.005660209,0.005276639,0.0050706016,0.004944065,0.0049924883,0.005085117,0.005134721,0.0052720206
LateralPinch,0,18,2,0.75437504,0.7430626,0.7355246,0.72728086,0.7242383,0.7196983,0.71766424,0.7140811,0.71383184,0.712233,0.7200868,0.7176144,0.7201938,0.7255848,0.7263102,0.7308737,0.73229814,0.7284231,0.73072255,0.72346115,0.72398865,0.7172422,0.7066964,0.6947881,0.6849342,0.6744363,0.6600534,0.6452754,0.63393503,0.62031317,0.6092693,0.59668505,0.5863281,0.57441944,0.5645277,0.55474675,0.55335724,0.53777623,0.5306706,0.5244434,0.51412416,0.5058243,0.49583858,0.48520496,0.47106826,0.4532061,0.43912446,0.4198084,0.398136,0.3757573,0.35089028,0.32434356,0.29888743,0.2708041,0.24228916,0.21424888,0.18451601,0.15790835,0.1292115,0.099997796,0.07637841,0.04832264,0.026554266,0.013715041,0.0312903,0.055647243,0.07777315,0.10043119,0.123583905,0.14615606,0.16973732,0.19017501,0.2142339,0.23797233,0.26007745,0.28128245,0.30466422,0.3273146,0.35089597,0.37471658,0.39950165,0.42327136,0.44835314,0.47011614,0.49371156,0.51202404,0.535609,0.55156094,0.56885874,0.5846702,0.5963706,0.610272,0.61774296,0.6280154,0.63482744,0.6381553,0.6438781,0.64936274,0.6520505,0.65963405,0.002541333,0.0026013006,0.0026836041,0.0027095769,0.0027790614,0.002819682,0.0028143614,0.0029593105,0.0030217562,0.0030455168,0.0031400446,0.0032791272,0.0034253192,0.0035429988,0.0037964785,0.0039979597,0.004197069,0.004384778,0.0047191735,0.004963684,0.005294914,0.0055661285,0.0057308837,0.0060078143,0.006261396,0.0065630376,0.006774639,0.006929831,0.0071599116,0.0072285533,0.007435661,0.0076784105,0.0079007065,0.008276561,0.008512355,0.00904532,0.009358922,0.009903838,0.010410089,0.011159251,0.011707477,0.012479069,0.013244354,0.01402215,0.014678937,0.015409983,0.01616778,0.017014788,0.01781595,0.018675141,0.019409986,0.020289611,0.021032613,0.021659175,0.022126423,0.022594435,0.022906128,0.023099147,0.0232227,0.023412675,0.023577804,0.023716412,0.023774618,0.024164962,0.02434965,0.024438668,0.024618162,0.024538752,0.024428122,0.024186729,0.023662891,0.022971934,0.022160878,0.02132216,0.020431444,0.019582374,0.018733364,0.017884364,0.017344965,0.016680509,0.015997292,0.0153289875,0.014487931,0.013616633,0.012675162,0.011676444,0.010618687,0.009502964,0.008382393,0.0075389794,0.006821238,0.006208541,0.005684892,0.0052032648,0.0050113383,0.004970973,0.0049194726,0.0050376877,0.0050590024,0.005092006
LateralPinch,0,19,2,0.7541738,0.7432651,0.7347029,0.726277,0.72395587,0.71969324,0.7131356,0.71317136,0.7121077,0.71292144,0.71680933,0.72236,0.72070163,0.72489125,0.7260989,0.7304873,0.73353416,0.72894794,0.729151,0.7260856,0.7232657,0.7095449,0.7062565,0.6962479,0.685094,0.6704473,0.6623339,0.6469853,0.6346503,0.6221283,0.6075793,0.5976026,0.5860247,0.5750588,0.5650707,0.5556244,0.5503908,0.53902143,0.53153074,0.5237269,0.5153305,0.5052458,0.4952786,0.48425823,0.47174826,0.45507595,0.43730232,0.4205909,0.39618182,0.37402913,0.3507863,0.32521906,0.2976295,0.27052352,0.2422823,0.21451417,0.18629757,0.15806101,0.13137962,0.10122608,0.07850593,0.051370546,0.02927247,0.013485606,0.029129937,0.052557632,0.0765712,0.098953694,0.12208533,0.1461895,0.16824502,0.19117536,0.21385987,0.23806202,0.2593133,0.28202584,0.3064027,0.32824266,0.35234874,0.37602115,0.40069988,0.42186126,0.44972423,0.4717227,0.4943142,0.51378334,0.5342706,0.55191153,0.569439,0.584769,0.59677297,0.610744,0.61655825,0.6273749,0.63288426,0.6388151,0.6458891,0.6484444,0.6550955,0.6613041,0.0026757296,0.002801028,0.0027759336,0.0027453343,0.0028691748,0.0029239315,0.0029506811,0.0030195585,0.0031232105,0.0031237148,0.0032244392,0.0034234452,0.0035221477,0.0037203329,0.0038198733,0.003940445,0.004256221,0.004466977,0.004636639,0.0049093333,0.0052579655,0.0053805537,0.0057167746,0.0060660923,0.0063273804,0.006629482,0.006790372,0.0068875235,0.007120927,0.0073225913,0.0074620023,0.0076272734,0.007850411,0.008178007,0.008513554,0.008959212,0.009341468,0.009856925,0.010383831,0.01115637,0.011680117,0.012402097,0.013150303,0.013915667,0.0146759115,0.015426926,0.016256267,0.01692998,0.01770591,0.018503387,0.019263389,0.020119086,0.02079924,0.021555934,0.022025295,0.022494651,0.022801373,0.022969438,0.023096787,0.02331781,0.023425346,0.023751551,0.023882888,0.024223935,0.024464246,0.02455417,0.024764441,0.024780322,0.02472073,0.024364116,0.023890158,0.023180425,0.022475358,0.021644827,0.020698305,0.019810535,0.018987507,0.01821673,0.017583432,0.016955376,0.016229311,0.015559025,0.014791657,0.013903479,0.0129766455,0.011931566,0.010802656,0.009723001,0.008613706,0.007733567,0.006967985,0.006332541,0.005783922,0.0053102276,0.005146259,0.0049613044,0.004975218,0.0050604306,0.0051562474,0.005242016
LateralPinch,0,20,2,0.7548338,0.74353814,0.73496264,0.7266639,0.72524154,0.72055626,0.7143687,0.7153454,0.71311253,0.7143508,0.7193434,0.721485,0.7200902,0.725861,0.7259499,0.7310816,0.73475116,0.73047155,0.73062855,0.7234538,0.72503555,0.7216554,0.7073514,0.69889104,0.68611795,0.671072,0.6616067,0.64622974,0.6353006,0.6227604,0.60969967,0.5968811,0.5857553,0.5743656,0.5662495,0.55877596,0.5505341,0.54276866,0.53322476,0.52529854,0.5173184,0.50849587,0.49535155,0.48443267,0.4723039,0.45612264,0.43811688,0.42107803,0.39745906,0.37440977,0.3508709,0.32388568,0.29749227,0.2700254,0.24070828,0.21254401,0.183945,0.15601403,0.127398,0.09808923,0.07547788,0.04821577,0.023472732,0.012805493,0.031587236,0.056331243,0.080119565,0.10250809,0.1267601,0.14893647,0.17042132,0.1927957,0.21533819,0.23758566,0.26118776,0.2819573,0.30423895,0.32590014,0.34902567,0.3725412,0.39794728,0.42094305,0.4478539,0.47063738,0.4913175,0.51479274,0.53040904,0.55272675,0.5685861,0.5856834,0.5960531,0.60897106,0.61758804,0.62879294,0.6350983,0.6390676,0.64279073,0.6504593,0.65413696,0.66104126,0.0026897718,0.0027900145,0.002789583,0.0027008494,0.0027548873,0.0028446596,0.0029570723,0.0031094486,0.0031397615,0.0031583363,0.0033112175,0.0034607716,0.0035866995,0.0036528977,0.0038182368,0.003988809,0.004324701,0.004515501,0.004766603,0.0050362716,0.0053189783,0.005593355,0.0058277603,0.006064365,0.0063775918,0.0066137398,0.006808544,0.006964051,0.0072119674,0.0072912113,0.0075194286,0.0076840464,0.007976153,0.008226325,0.008454797,0.0089677265,0.00934012,0.009863494,0.010402943,0.011075699,0.011765159,0.0124052055,0.01309677,0.013885585,0.014700545,0.015493151,0.01635231,0.017027995,0.017820403,0.018675119,0.019387614,0.020229986,0.021099407,0.021827118,0.022347094,0.022875585,0.023014983,0.02301539,0.023130301,0.023384538,0.023729887,0.024044322,0.024083013,0.024328835,0.024639042,0.024757564,0.024936339,0.024918996,0.024719423,0.024466766,0.023991162,0.023311472,0.022482602,0.021723608,0.020735377,0.019816183,0.019004278,0.018100344,0.017523974,0.016912587,0.01612526,0.015331269,0.014581332,0.013665405,0.012724856,0.0118504325,0.010636277,0.009559145,0.008396371,0.0076137236,0.0068050185,0.0061983867,0.0056480183,0.0052056597,0.005054742,0.0050001782,0.004969766,0.0050868182,0.0051382105,0.0052191624
LateralPinch,0,21,2,0.7548554,0.7428938,0.7364966,0.72821987,0.72573376,0.7211781,0.7169621,0.7160495,0.7147075,0.7144704,0.7168627,0.72102547,0.72134763,0.7255896,0.72865295,0.7314346,0.73292464,0.7321579,0.731987,0.7256658,0.7241417,0.7183442,0.7086996,0.6950257,0.6821449,0.6749087,0.66337013,0.64740276,0.63651615,0.62258106,0.60944504,0.59968585,0.588787,0.5745725,0.56760937,0.55595994,0.5526298,0.540773,0.53057885,0.52472204,0.51633036,0.508129,0.49497086,0.48589966,0.47149137,0.4558333,0.43946669,0.41994983,0.39876762,0.37882775,0.34944463,0.32520646,0.29875264,0.27211708,0.24285704,0.21521586,0.18664576,0.15826315,0.12980528,0.10159592,0.07453222,0.049849547,0.025125192,0.010461872,0.03002356,0.054655135,0.07905721,0.10138465,0.124298126,0.14704572,0.16980089,0.19153002,0.21495956,0.23698744,0.26153666,0.28227457,0.30419132,0.32682556,0.35074148,0.37475252,0.40004256,0.42388692,0.45169938,0.47103602,0.4938097,0.51426524,0.535659,0.55164164,0.5689755,0.5847339,0.59671366,0.6086289,0.615058,0.62561923,0.6334793,0.63931555,0.64361125,0.6475343,0.6543809,0.6603133,0.0026879972,0.0028212895,0.0028468953,0.0028660486,0.0028864662,0.0029253887,0.0029739947,0.0030987775,0.0031458559,0.0032247799,0.0032661806,0.00341304,0.003544348,0.0037765715,0.0038923004,0.004029497,0.004298982,0.0045884307,0.0047650696,0.005072572,0.00533124,0.005581427,0.0058324547,0.006027299,0.006369764,0.00665071,0.006842263,0.006993118,0.0072018397,0.0073553845,0.007598337,0.007769512,0.008089894,0.00837202,0.0087081045,0.009210497,0.009528775,0.010029731,0.010573239,0.011279702,0.011892237,0.012591393,0.013421874,0.014094893,0.014903567,0.015685938,0.01645313,0.017278658,0.018084535,0.01892608,0.019593054,0.02048294,0.021307094,0.022052264,0.022416512,0.02296061,0.02320828,0.023356376,0.023514407,0.023848852,0.023936767,0.02416648,0.024296435,0.024639793,0.02486233,0.025020458,0.025162132,0.025131047,0.025075834,0.024822611,0.024351485,0.023669044,0.022850808,0.021891361,0.020957042,0.02004015,0.01920338,0.01836876,0.017665932,0.016971413,0.016207557,0.015415752,0.014744105,0.013689513,0.012802258,0.0117716985,0.010651516,0.009558233,0.008460116,0.0076109488,0.0069488026,0.006322956,0.005746813,0.005394699,0.005185934,0.00507946,0.0050978907,0.005156997,0.0052219,0.0053027705
LateralPinch,0,22,2,0.75520355,0.74377644,0.73629767,0.72834086,0.7258125,0.72058296,0.71896034,0.71521103,0.71429205,0.71136737,0.7200182,0.71829927,0.72209924,0.72549874,0.72542304,0.73172903,0.7327804,0.7303932,0.73104364,0.72578824,0.7263408,0.7099748,0.71021354,0.69793224,0.6863949,0.6735523,0.6631185,0.6454175,0.6355078,0.62270945,0.6100459,0.5985821,0.58836526,0.57542354,0.5644699,0.5574947,0.5520013,0.5405773,0.53283626,0.5239181,0.5160309,0.5053495,0.4942585,0.4848612,0.47191536,0.45508096,0.43632728,0.41974866,0.39977658,0.37334,0.35111982,0.3265687,0.29858926,0.27164978,0.24269493,0.21468799,0.18663093,0.1584959,0.130971,0.10249294,0.076098636,0.050432496,0.028129451,0.010999344,0.029849064,0.054912053,0.07705918,0.10019972,0.123547696,0.14786632,0.16859394,0.19237468,0.21477672,0.2384853,0.25980428,0.28209254,0.3049572,0.32810107,0.35062104,0.37578022,0.39958295,0.42278138,0.4508287,0.47235534,0.49452358,0.5151023,0.53401124,0.5522986,0.5690143,0.5849858,0.5968483,0.61055213,0.6161303,0.62738794,0.6318067,0.6383288,0.6455928,0.64710385,0.65285033,0.65925145,0.0027819015,0.0027750535,0.0028421846,0.0027666586,0.0028530855,0.0028914872,0.0030186346,0.0030291025,0.0031075361,0.0031579924,0.0032029834,0.003290484,0.0035673308,0.0036214332,0.003765464,0.004043033,0.004221647,0.0044624857,0.0047126133,0.005006203,0.005341046,0.0055422704,0.005813077,0.0060675847,0.0064188456,0.006623118,0.006858445,0.0069828606,0.0072081,0.007340938,0.007604004,0.0077999705,0.008025174,0.008348207,0.008569821,0.009062596,0.0095082605,0.009994944,0.010519822,0.011090147,0.011811976,0.012511398,0.013259691,0.013920993,0.014772771,0.015398234,0.016137352,0.016964026,0.017728604,0.018607682,0.019394144,0.020246983,0.021046562,0.021673022,0.022151079,0.022636026,0.022939997,0.023197036,0.02332575,0.023649521,0.023759438,0.023990061,0.02410988,0.024585746,0.024735851,0.024887977,0.025185084,0.025124114,0.025077991,0.024786921,0.02428067,0.023674084,0.022817908,0.021965647,0.020957442,0.020075724,0.01912868,0.018317925,0.017708993,0.017010039,0.01619179,0.015459203,0.014628454,0.013728771,0.012748004,0.011828658,0.010642861,0.009544717,0.00841661,0.007591746,0.006816243,0.0063032615,0.005703414,0.0052983896,0.0051225917,0.0050129187,0.0050657666,0.0051498255,0.0052362005,0.0052242605
LateralPinch,0,23,2,0.75481427,0.74497104,0.73587406,0.7273419,0.72612417,0.7207491,0.7181303,0.71361303,0.7131247,0.71179307,0.7204352,0.7193993,0.7207818,0.72405994,0.7259311,0.7308198,0.7335434,0.73081255,0.7320597,0.7260289,0.7253485,0.7166726,0.70708156,0.69742036,0.68504715,0.6736528,0.6610822,0.64758986,0.63604,0.6225916,0.60930884,0.59748167,0.58610624,0.57616925,0.56732905,0.5543802,0.5525526,0.5400936,0.5310279,0.5247859,0.5149375,0.50652117,0.49458784,0.4851996,0.47159243,0.45664144,0.4385504,0.42072275,0.3999561,0.37520128,0.35384864,0.32551897,0.2994961,0.27208182,0.24336141,0.21564557,0.18713462,0.15901463,0.13036892,0.101745225,0.078020215,0.048250116,0.025668928,0.010928207,0.030323299,0.053538427,0.07780159,0.10194066,0.124885686,0.14691088,0.16973396,0.19379222,0.21406548,0.23830295,0.2600236,0.28344345,0.30529356,0.32853776,0.35146362,0.37559947,0.39932936,0.4254526,0.44961688,0.4750378,0.49127263,0.516048,0.5316415,0.5524441,0.56812155,0.5849842,0.5964536,0.6070337,0.61662865,0.62663424,0.629879,0.6387553,0.64427876,0.649849,0.6534213,0.65926963,0.002648216,0.0027664409,0.0027462489,0.002798056,0.0027838987,0.002848869,0.0028813765,0.0030038292,0.003047762,0.003105176,0.003237673,0.0033984438,0.0034861672,0.003583571,0.0037942461,0.003997248,0.0041639097,0.0044950834,0.0048273713,0.0050300704,0.005316678,0.005560817,0.0058903988,0.006176969,0.0064927507,0.0067115896,0.006931917,0.007042613,0.0072797677,0.007420964,0.00767854,0.007782272,0.008007008,0.008337661,0.008670761,0.009149669,0.009605394,0.009977806,0.010552579,0.011218457,0.011833136,0.012534472,0.013233453,0.014149612,0.014906039,0.015631089,0.016433662,0.01716843,0.018008145,0.018879194,0.019619627,0.020406004,0.021174379,0.02188642,0.02231033,0.022821678,0.023158966,0.02330875,0.023466578,0.023716116,0.023792526,0.024014376,0.024173705,0.024587551,0.024761884,0.025017412,0.025189204,0.025101254,0.02503862,0.024819843,0.02429225,0.023581006,0.022742035,0.021930262,0.020977162,0.020067692,0.019090971,0.018299194,0.017658904,0.016968554,0.016205097,0.015398242,0.014569803,0.013733263,0.0126096355,0.011675601,0.010504422,0.009443312,0.00835065,0.0075382423,0.0068259793,0.006185712,0.0056261397,0.005215946,0.0050012525,0.0049401494,0.004962832,0.004935188,0.0050713466,0.005131135
LateralPinch,0,24,2,0.75482213,0.74323463,0.7361427,0.72795314,0.7265598,0.7204553,0.7154598,0.7159858,0.7117302,0.7139546,0.7164616,0.7221295,0.7189534,0.72452986,0.7255452,0.72886777,0.73344725,0.72902507,0.7297015,0.7243148,0.72443324,0.717812,0.7073078,0.69624424,0.68473023,0.66985446,0.6616916,0.6452298,0.63439316,0.62203556,0.6108825,0.59641767,0.58738333,0.5755499,0.56330186,0.5535452,0.5539819,0.53747696,0.53292507,0.52401924,0.5156376,0.50709015,0.49357995,0.48649958,0.47285458,0.45602205,0.43746355,0.4219705,0.39991102,0.37475243,0.35266116,0.32735547,0.29903248,0.27315992,0.24406412,0.21617858,0.18799746,0.15928322,0.13062051,0.101916775,0.0775385,0.051359143,0.026046403,0.010876556,0.02966799,0.053523995,0.07866901,0.100957364,0.123188354,0.14925964,0.17207284,0.19286188,0.21728152,0.23800163,0.2621734,0.28367263,0.30524454,0.32977897,0.35316265,0.3754829,0.4008991,0.42249238,0.44897455,0.47139847,0.49176654,0.5152064,0.5318824,0.5520317,0.56826663,0.5848179,0.59676975,0.60739285,0.61653745,0.6256378,0.6321042,0.63772786,0.64389926,0.64697623,0.65298045,0.6602954,0.002693991,0.0027279435,0.0027669868,0.0027729112,0.0028290998,0.0028759278,0.002906154,0.0030609658,0.003082368,0.0031149795,0.003274269,0.0033978012,0.0035315203,0.0037235199,0.0038542638,0.0039845183,0.0042646914,0.0045291926,0.0047168317,0.005011893,0.0052975155,0.005534815,0.005808442,0.005995191,0.0063402085,0.006561549,0.0068424046,0.0070045968,0.00722295,0.0073490194,0.0075549576,0.007690683,0.008019931,0.008280531,0.008624657,0.009020843,0.009506538,0.009864861,0.010595517,0.011149293,0.0118091935,0.012461954,0.013248333,0.014124123,0.014799274,0.01561932,0.0163721,0.017194064,0.017934024,0.0187427,0.01946589,0.020350227,0.02108724,0.021788208,0.022172399,0.022714006,0.023008019,0.023260197,0.023369528,0.023473633,0.023622211,0.023881437,0.024053598,0.02436669,0.02463556,0.024813803,0.024942014,0.024874052,0.024780849,0.024478456,0.024031075,0.023261895,0.022499941,0.021634312,0.02058105,0.019678986,0.018805197,0.017976413,0.017360639,0.016609792,0.015884187,0.015062764,0.014344886,0.01342157,0.012444047,0.011554552,0.010387989,0.009356009,0.008164474,0.007424099,0.0067061204,0.006183879,0.0056041954,0.00521494,0.005074831,0.0050005303,0.005020504,0.005092897,0.0051485025,0.0051882295
LateralPinch,0,25,2,0.753968,0.74286884,0.7358239,0.7273157,0.7251192,0.72051764,0.7140048,0.7128678,0.7123498,0.7113356,0.71590614,0.71865696,0.7208566,0.72470796,0.7257554,0.72902,0.73245585,0.7287745,0.72943944,0.723459,0.7238663,0.70911497,0.70759493,0.6962304,0.68578285,0.6695806,0.66260993,0.6453455,0.6346875,0.6219959,0.6091183,0.5971762,0.5854943,0.5761557,0.5626637,0.5558032,0.5497736,0.5391333,0.5322733,0.5229525,0.5161999,0.5064482,0.494801,0.48459846,0.47219014,0.45503938,0.438908,0.4216533,0.39911765,0.37587216,0.3522974,0.32736588,0.3009269,0.27291963,0.24366213,0.21609594,0.18767041,0.16011196,0.13093264,0.10205028,0.07823056,0.05026062,0.02866149,0.010434467,0.028926766,0.054124333,0.076992564,0.10209923,0.12403565,0.1485857,0.17081065,0.19492193,0.21622221,0.2394173,0.2626383,0.2854169,0.30770305,0.32912615,0.35310602,0.3784342,0.40017977,0.42317635,0.45209286,0.4699221,0.49475536,0.51414084,0.5326112,0.55206656,0.5680639,0.5838761,0.5944698,0.6059703,0.6142333,0.6245497,0.62965095,0.63602394,0.64436233,0.64658797,0.65173924,0.659697,0.0027069696,0.0028076943,0.0028659345,0.0028342048,0.0029126653,0.0029963693,0.0030403212,0.003226293,0.0032582635,0.0031955917,0.003316193,0.0034482249,0.0036744755,0.0037685607,0.003985795,0.00417919,0.0044244556,0.0046206107,0.0047864937,0.00501153,0.0053479574,0.0055310805,0.0058269026,0.0061091445,0.006417564,0.006655048,0.006848591,0.0069949185,0.0071784756,0.0073769134,0.0075643416,0.0077113863,0.007919106,0.0082840305,0.008596138,0.009045862,0.0094176475,0.009898333,0.010483682,0.011160467,0.011757915,0.012436621,0.013267877,0.013947331,0.0147675285,0.015460799,0.016211685,0.017036688,0.017749384,0.018648285,0.01933707,0.020236881,0.02091316,0.021568354,0.021930031,0.022379052,0.0227598,0.022944218,0.023159469,0.023360122,0.023464847,0.02355771,0.023808187,0.02418221,0.024348792,0.024455704,0.024748575,0.02467128,0.024655884,0.024269028,0.023729958,0.023050956,0.022279354,0.021372173,0.02048811,0.019539712,0.018600604,0.01780891,0.017134594,0.016522186,0.015602987,0.014892269,0.014133535,0.013205861,0.012251631,0.011305333,0.010130661,0.009069668,0.007929237,0.007145996,0.0064664516,0.005903547,0.005423643,0.0050289137,0.0049020285,0.0048504528,0.0049466537,0.0050012977,0.005095002,0.005115778
LateralPinch,0,26,2,0.75530815,0.7434063,0.73605126,0.7260868,0.7253833,0.71984684,0.7148142,0.7140705,0.7108721,0.71356475,0.7181756,0.7181721,0.71906394,0.7237968,0.7260869,0.7289266,0.7321705,0.7296578,0.7299697,0.7229018,0.72255135,0.7167226,0.70649827,0.6941841,0.6824027,0.67100966,0.6620848,0.64509195,0.6328952,0.6198615,0.6076396,0.5992345,0.58620745,0.5752004,0.565793,0.5546525,0.55242395,0.53992486,0.5306662,0.52360225,0.5140446,0.5058413,0.49440917,0.4857055,0.47084922,0.45539334,0.43768793,0.42022672,0.3975786,0.37713647,0.35104465,0.32715866,0.29961902,0.2719511,0.24326372,0.21584785,0.18667467,0.15976952,0.13106413,0.101335645,0.076573245,0.050406877,0.025216999,0.011785781,0.031435102,0.05444778,0.078385495,0.10251846,0.1264486,0.14793846,0.17094786,0.1947614,0.21575859,0.23929477,0.26203078,0.2834224,0.3063669,0.328988,0.35185966,0.37409788,0.3989705,0.42245752,0.4501186,0.469818,0.49301603,0.51284856,0.5311153,0.5520825,0.5678866,0.5840031,0.5954871,0.60648054,0.6147316,0.62639976,0.6332659,0.63794243,0.64335537,0.646753,0.65333205,0.6613321,0.0026564756,0.0027839772,0.0027811828,0.0027896978,0.0028510138,0.0029187652,0.0030201292,0.0031245837,0.0031189884,0.0032386777,0.0032997385,0.003469374,0.0036153619,0.003805941,0.003958344,0.0041819043,0.0043166047,0.0046155895,0.0048719165,0.005065629,0.005373928,0.0056791897,0.0058409977,0.0061489143,0.006363678,0.0066539636,0.006825421,0.0069543035,0.0071441415,0.0072583035,0.0075132037,0.0075873574,0.007935454,0.00820204,0.008433504,0.008886259,0.009288665,0.009843567,0.010328815,0.01092576,0.011539726,0.012319786,0.013029111,0.013801961,0.01453753,0.015264984,0.016053887,0.016825702,0.017540108,0.018399537,0.01910738,0.01992584,0.020644395,0.02129552,0.021717334,0.022143716,0.022443065,0.02265659,0.022780092,0.022927081,0.023053808,0.023285922,0.023438497,0.023822434,0.023871511,0.024141923,0.024337271,0.024253037,0.024246963,0.023969423,0.02337607,0.022808388,0.022000007,0.021157471,0.020273888,0.019358473,0.018466387,0.0176857,0.017076083,0.016356323,0.015585021,0.014954034,0.014185777,0.013369387,0.012423427,0.011512403,0.010314076,0.009333325,0.008160448,0.0073962095,0.0067164996,0.0060594548,0.005561635,0.005164418,0.0049874284,0.004869509,0.004917374,0.0049317065,0.005062675,0.0051420326
LateralPinch,0,27,2,0.75388515,0.74281716,0.73605525,0.72658116,0.7248654,0.7188479,0.7162096,0.71283364,0.7126314,0.7106227,0.71749204,0.71616507,0.7200057,0.723013,0.72374105,0.7280516,0.73226357,0.7282635,0.7288088,0.7194912,0.7224146,0.70501375,0.70669955,0.69322395,0.6847123,0.67134535,0.6624296,0.6434469,0.63333094,0.62075573,0.60866725,0.5955535,0.58619344,0.57542217,0.563776,0.5552695,0.55075425,0.53935444,0.5305022,0.52324784,0.51517254,0.50608134,0.49519086,0.48490754,0.47107998,0.45472044,0.43805823,0.41985348,0.39797255,0.37673464,0.35122398,0.32872257,0.2994254,0.2736206,0.24445646,0.21680184,0.18886976,0.16112518,0.13205236,0.104671866,0.077953376,0.051880375,0.028330695,0.013922853,0.029828649,0.05404443,0.07825501,0.10085213,0.124146536,0.14764662,0.16916096,0.19228646,0.2150697,0.23922218,0.2600625,0.28267887,0.30545336,0.3260243,0.3523248,0.37463266,0.4004711,0.4221532,0.44732952,0.46945542,0.49221152,0.5098882,0.5347984,0.55180603,0.56801105,0.58469623,0.5969864,0.60920674,0.6162165,0.62674195,0.63074744,0.6384989,0.64741725,0.6487116,0.65298855,0.66018146,0.0026113628,0.0027000413,0.002707011,0.0027502577,0.0028462359,0.0028201996,0.0029173559,0.0029988517,0.003110762,0.0031312671,0.0031460891,0.0032918137,0.0035236543,0.0036957108,0.0037883767,0.0039894246,0.0043274206,0.004477085,0.0048143854,0.00503251,0.0052549206,0.005547215,0.005793853,0.0060005835,0.0063112252,0.006537176,0.0067495,0.0068030884,0.0070173643,0.0071361037,0.0074408287,0.0075449026,0.0078096986,0.008026777,0.008395832,0.008810668,0.009210914,0.009718896,0.010203232,0.010822078,0.011458961,0.012181198,0.012922081,0.013596216,0.014365418,0.015061124,0.01586918,0.016728222,0.017400928,0.018289968,0.019038018,0.01982078,0.020597778,0.021296307,0.021765526,0.022198576,0.0225029,0.02270922,0.022853483,0.023167586,0.02328979,0.02351897,0.023650335,0.02406689,0.024133112,0.024383282,0.02450956,0.024558721,0.024486896,0.024221078,0.023650192,0.02299255,0.022193503,0.021430276,0.020362938,0.019507362,0.018660676,0.017797925,0.017216435,0.01646836,0.015818708,0.015073844,0.014324456,0.0133498525,0.012523455,0.011521056,0.010464952,0.009383755,0.008261817,0.0074436115,0.006757916,0.006213145,0.0056200926,0.0051683136,0.005013493,0.004888749,0.004888965,0.004990744,0.004996476,0.0051559876
LateralPinch,0,28,2,0.75321877,0.74339885,0.73560554,0.72688025,0.72371423,0.7185206,0.7140105,0.7131754,0.71049714,0.70984036,0.71753967,0.7160537,0.71764034,0.72179884,0.7244324,0.7283765,0.7310958,0.72794646,0.7279957,0.7220885,0.7203756,0.7140842,0.70463884,0.6944117,0.682728,0.66974163,0.6576673,0.6429394,0.63151294,0.6192327,0.60577923,0.5956308,0.58319896,0.5723276,0.5659484,0.55266505,0.54707706,0.53656244,0.5288285,0.52137995,0.51196325,0.50364786,0.4913727,0.48266348,0.46856534,0.45125002,0.4386294,0.41640976,0.3985599,0.37446332,0.34972048,0.3267296,0.29972675,0.2727098,0.24444395,0.21720767,0.18815266,0.16163757,0.13335767,0.10339744,0.080430314,0.051060874,0.029993312,0.013128184,0.029609453,0.05351318,0.07794306,0.10038073,0.124061234,0.14978747,0.17096888,0.19277015,0.21635899,0.2387342,0.2616526,0.2847056,0.30630824,0.3295309,0.35330912,0.3770336,0.40135708,0.42301685,0.45046932,0.4725289,0.4941322,0.51200783,0.53194195,0.5513954,0.5671113,0.58158237,0.59359974,0.60716087,0.61274606,0.62301475,0.6293206,0.63471305,0.6445763,0.6457568,0.6514825,0.660008,0.0026310768,0.0027629547,0.0027405473,0.002821584,0.0028596749,0.0028063338,0.002932401,0.0029468292,0.0030631882,0.0031053466,0.0031627393,0.003253503,0.0034722371,0.003664553,0.0037681668,0.0040035266,0.0043005347,0.0044713994,0.0047756564,0.0050237994,0.0052813697,0.0054771244,0.0058039115,0.006041029,0.006312587,0.006574918,0.0068260496,0.006929297,0.007164931,0.0072747706,0.0074131726,0.007677239,0.007835303,0.008173882,0.008455943,0.0088786585,0.00926183,0.009719205,0.010224997,0.01094256,0.011528374,0.012194738,0.012922862,0.013737835,0.014494629,0.01521153,0.015987681,0.016745841,0.0174765,0.018243266,0.019132178,0.019934146,0.020659948,0.021252539,0.021756744,0.022267569,0.022517499,0.022824336,0.023027355,0.023160804,0.023393208,0.023629239,0.023742022,0.024101028,0.02428152,0.024457892,0.024748063,0.024638051,0.024637597,0.024369836,0.023818403,0.023100743,0.022375377,0.021464357,0.020469967,0.019649519,0.018748363,0.01786205,0.01730133,0.01661528,0.015882595,0.015131459,0.014484747,0.013570388,0.012515489,0.01156679,0.010367608,0.009419001,0.008252177,0.0073406734,0.006641888,0.0060251467,0.005571741,0.005050175,0.004879757,0.0047403798,0.0047669024,0.004804306,0.004911991,0.0049427766
LateralPinch,0,29,2,0.7544716,0.74271864,0.73513025,0.72560966,0.72466004,0.7183901,0.71332973,0.71195644,0.7111996,0.7115721,0.715582,0.7175355,0.7186173,0.7235772,0.72525066,0.72710145,0.7309076,0.72749037,0.73007756,0.7215522,0.7222072,0.70434386,0.7040055,0.6933695,0.6825897,0.6671031,0.6601761,0.64304113,0.63320494,0.6198995,0.60773456,0.5971825,0.5834873,0.5738422,0.5632675,0.55357593,0.5491339,0.537819,0.5299456,0.5223418,0.51168966,0.5041307,0.49251089,0.4826097,0.46818405,0.452529,0.43524185,0.41532263,0.39444992,0.37208775,0.3488584,0.32336217,0.29725006,0.26907346,0.24087241,0.21251594,0.1853109,0.15743299,0.12913957,0.100446224,0.07734739,0.04923538,0.029991057,0.017109696,0.033393744,0.05757324,0.07866873,0.1019439,0.12550378,0.14735876,0.17071053,0.19239981,0.2156094,0.23784673,0.2597164,0.28143892,0.30511206,0.32708672,0.3501418,0.37447146,0.39899245,0.4212985,0.44771272,0.4687429,0.4904594,0.51186335,0.52909166,0.5507865,0.5667673,0.58252984,0.5941389,0.6078223,0.6160174,0.62560743,0.63063353,0.63834083,0.64239645,0.6505069,0.65322995,0.659576,0.0027947049,0.0027740644,0.0028309675,0.0028482995,0.0028986877,0.0029374626,0.0029750522,0.0030992108,0.003184244,0.0032507477,0.0032631352,0.0034021272,0.0035203442,0.003667705,0.003932364,0.0040184245,0.0042704083,0.00457982,0.004806007,0.0049750037,0.00529466,0.0054791127,0.0057732854,0.005999713,0.006412059,0.0066341525,0.006847401,0.0069949226,0.007254611,0.0073598516,0.007495833,0.007699579,0.007868867,0.008220024,0.008532929,0.008957111,0.009383806,0.009884861,0.010437766,0.011063339,0.011582709,0.012360225,0.013146161,0.013925057,0.014672938,0.015427251,0.016125778,0.016863162,0.017629359,0.018499903,0.019213287,0.020010103,0.020743487,0.021429105,0.021863617,0.022235299,0.022490527,0.022682497,0.022732984,0.02295922,0.02321329,0.023407154,0.023540912,0.023822945,0.024056492,0.024111176,0.024341013,0.024283847,0.024200609,0.023916982,0.023427088,0.022755967,0.021984361,0.021138344,0.020187743,0.019379988,0.018447695,0.017740527,0.017101754,0.01641461,0.015721684,0.014951164,0.01425639,0.013359486,0.012397146,0.011553435,0.010411739,0.009419407,0.008307115,0.0074619027,0.006794124,0.0061866557,0.0056817266,0.005174799,0.0049898354,0.0049060322,0.004934151,0.00505646,0.00508341,0.0051498683
LateralPinch,0,30,2,0.75270873,0.7421436,0.734066,0.72558546,0.72431636,0.7182632,0.71182615,0.7133302,0.7125271,0.7109159,0.7143755,0.71805125,0.7184258,0.7238591,0.7241996,0.7276206,0.7306779,0.72631764,0.72695595,0.72165316,0.7204972,0.7063366,0.70461047,0.69387454,0.68155146,0.66638184,0.6592095,0.6435514,0.6312816,0.6171351,0.6070237,0.5956835,0.58419615,0.5696215,0.56371146,0.55257356,0.54508936,0.53583264,0.52890664,0.5202112,0.5130041,0.50211686,0.48999357,0.48087627,0.4678436,0.45287552,0.4340887,0.41728842,0.39501607,0.37289113,0.34831524,0.32311583,0.29686463,0.27012017,0.24244092,0.21527374,0.1859098,0.1588726,0.13133934,0.10174833,0.080051035,0.05321482,0.029892467,0.019540984,0.032574177,0.054133236,0.07765821,0.099444084,0.12269141,0.1460295,0.16741405,0.19148138,0.21295875,0.23708028,0.25884533,0.28222013,0.30432338,0.3288325,0.350718,0.3757923,0.39946723,0.42164564,0.44905722,0.4720138,0.4939393,0.5136793,0.53270316,0.55231214,0.5677311,0.5831633,0.5951491,0.6067086,0.6128496,0.6242825,0.6310645,0.6340486,0.6416781,0.6461974,0.6501546,0.65959525,0.0026368254,0.002751647,0.0027775404,0.002816673,0.0028945254,0.002907312,0.0029694922,0.0031270047,0.0032254409,0.0031899225,0.0033309385,0.003528716,0.0036351278,0.0037474104,0.003921067,0.004155028,0.0044021783,0.0045786607,0.0048825396,0.005071669,0.0053650397,0.0055480255,0.005817883,0.006100426,0.0063891066,0.0066605615,0.006742537,0.0069356486,0.0071333386,0.0073160282,0.0074686618,0.007696522,0.007967832,0.008173333,0.008419451,0.008768663,0.009065778,0.009605734,0.010201519,0.010856976,0.011413113,0.012125961,0.013018396,0.013681707,0.014499971,0.01538307,0.016137946,0.016906621,0.017669788,0.018503718,0.019142607,0.020072617,0.02087464,0.021482274,0.021969846,0.022417055,0.022730375,0.022924066,0.023075555,0.023393298,0.023538787,0.023707833,0.023898356,0.02414781,0.024428697,0.02458838,0.024756288,0.024744824,0.024728991,0.024359478,0.023929464,0.023197474,0.022426495,0.021617342,0.020637281,0.019757928,0.018903052,0.018132012,0.017542861,0.01691205,0.016170597,0.015482327,0.014682136,0.0137860635,0.012889268,0.01195264,0.010826415,0.009734776,0.008620696,0.007823317,0.007038436,0.0064784894,0.0058531305,0.005326269,0.0051788334,0.005148972,0.005123491,0.005127002,0.005154555,0.005267075
LateralPinch,0,31,2,0.7541009,0.7409105,0.7340435,0.72475576,0.7233343,0.71715504,0.7131137,0.7116464,0.71245885,0.70897865,0.71420544,0.7171318,0.7176314,0.7197558,0.7217935,0.7259339,0.72849536,0.7247049,0.7276608,0.72240716,0.7214105,0.7068436,0.7032656,0.6905176,0.6830044,0.6710486,0.65719694,0.64038277,0.6319679,0.6171048,0.6065157,0.5939659,0.5819069,0.57048565,0.5613973,0.5532147,0.54585993,0.53343934,0.5270561,0.52007824,0.51089376,0.50268894,0.49052775,0.48066488,0.46640557,0.4499795,0.4370041,0.41484594,0.39416486,0.37350765,0.34867916,0.3243034,0.2972619,0.27084547,0.24317257,0.21507864,0.186706,0.15967156,0.13253856,0.10239303,0.08100236,0.052147508,0.031747278,0.018022984,0.032356303,0.053816617,0.07809518,0.10058611,0.12425624,0.14573002,0.17034651,0.19354236,0.2152387,0.2395021,0.2607951,0.2825434,0.3050456,0.3281909,0.35150716,0.37573338,0.39861304,0.42118925,0.44825462,0.47006324,0.49208838,0.5096342,0.5327201,0.5489462,0.56670535,0.5824491,0.5935238,0.6069508,0.61192805,0.6240315,0.6309505,0.6362124,0.6405307,0.64709795,0.65102315,0.65822273,0.0026476446,0.0027017603,0.0026760467,0.0027754186,0.0027660413,0.0028554294,0.002921432,0.003011763,0.0031532194,0.003187697,0.003300811,0.0034116772,0.0036331653,0.0037475177,0.0038657407,0.0041077863,0.004298469,0.004553471,0.0047085215,0.0049241437,0.005321009,0.005484032,0.005804444,0.0060298243,0.0063593853,0.0065484373,0.006740648,0.0068985233,0.007068299,0.0072313347,0.00754498,0.007618558,0.007839921,0.00812762,0.008487618,0.008874679,0.009287257,0.009777102,0.010308853,0.010954202,0.011526924,0.012318646,0.013001799,0.013735463,0.014493415,0.015249658,0.015975568,0.016802749,0.017650466,0.018445304,0.019205388,0.019969266,0.020718282,0.021425035,0.02183983,0.022232963,0.022641549,0.022868894,0.022961931,0.023160199,0.023251778,0.023533858,0.023635449,0.024058416,0.024171738,0.024475375,0.024589712,0.024510885,0.024470158,0.024140313,0.023623604,0.022910764,0.022063553,0.021235982,0.020387271,0.019422546,0.01853484,0.017743982,0.017265718,0.016594952,0.015935399,0.0153707815,0.014646008,0.013681172,0.012792534,0.011778046,0.010683354,0.009664075,0.008531425,0.0076942313,0.0069748503,0.0063579855,0.005764675,0.005366294,0.0051542018,0.0049856147,0.0050011724,0.0050349073,0.005116622,0.0051402156
LateralPinch,0,32,2,0.7512856,0.7404274,0.7327207,0.724015,0.7210465,0.71623635,0.71380675,0.70872456,0.7101494,0.70709693,0.7141105,0.715628,0.7163013,0.71986234,0.72031295,0.726202,0.7280829,0.7246511,0.72653264,0.7181135,0.7199275,0.7029884,0.7027369,0.6926273,0.6792047,0.66872466,0.65532017,0.6415112,0.6287608,0.61537826,0.60346997,0.5928441,0.5818134,0.568943,0.5581538,0.55149347,0.54622334,0.53256136,0.5259795,0.51749605,0.51049864,0.49992493,0.48989487,0.47764537,0.4654783,0.45052287,0.43231547,0.41591555,0.39308104,0.3722862,0.34719494,0.32486054,0.29760763,0.27091524,0.24260841,0.21578807,0.18724325,0.1610412,0.13405925,0.105477184,0.08006256,0.056165468,0.03401486,0.020117428,0.03252353,0.05524643,0.07794898,0.09948056,0.12303209,0.14559245,0.16817519,0.19242805,0.21376254,0.23690751,0.26157165,0.28410587,0.3054334,0.3288834,0.3527521,0.3760593,0.4003867,0.42102507,0.45001295,0.46992254,0.4910908,0.511721,0.53037506,0.54967445,0.56499684,0.5818186,0.59271526,0.60604686,0.61144304,0.62345153,0.6274166,0.63662285,0.6407892,0.6459027,0.65049005,0.65811604,0.0027363158,0.0028083888,0.002832352,0.0028310711,0.002834535,0.0028829526,0.0029685718,0.0030437086,0.00320314,0.003145151,0.003293141,0.0033723183,0.003566407,0.0037413663,0.0038545812,0.0041057914,0.0043034563,0.004540655,0.004915853,0.0051154476,0.005426338,0.0056420313,0.005909529,0.006184772,0.006466842,0.0066981413,0.0068739746,0.0070441146,0.00718015,0.0073608416,0.007543022,0.0076391315,0.007989424,0.008219473,0.008576908,0.009114149,0.009512508,0.00990095,0.010393413,0.011057324,0.011628591,0.012195687,0.013007043,0.0138525665,0.014589867,0.015361876,0.016114838,0.01691204,0.017595243,0.018560356,0.019240435,0.020217575,0.021014433,0.021743895,0.022125095,0.022627683,0.022830386,0.022968594,0.023247577,0.023494055,0.023566475,0.023745026,0.023957895,0.024324382,0.024536997,0.024725663,0.024961414,0.024852246,0.024747245,0.024470791,0.023975307,0.023222793,0.022383751,0.021568008,0.020587051,0.019651996,0.01878935,0.0181249,0.017442811,0.016761126,0.016062137,0.015373908,0.014592574,0.013613225,0.012663527,0.011736762,0.0104857385,0.009430965,0.008338174,0.007461529,0.006785775,0.0062028426,0.0056403326,0.005239791,0.0050520753,0.004936294,0.0049357647,0.0050599524,0.0051085325,0.0051642326
LateralPinch,0,33,2,0.75191873,0.74077314,0.7338917,0.7247032,0.72119427,0.7179006,0.71172357,0.7126393,0.71006405,0.7079175,0.7162564,0.71682245,0.71698403,0.72174644,0.72180015,0.7256786,0.72796243,0.724402,0.7241636,0.7172364,0.7180899,0.7111539,0.7008533,0.69260037,0.6769363,0.6675192,0.6534463,0.641335,0.6285658,0.6157059,0.6027974,0.5909441,0.58116096,0.5688604,0.557057,0.54872936,0.5466603,0.53337747,0.52596414,0.5176989,0.50917745,0.4990791,0.49044102,0.4781658,0.46550855,0.45108253,0.43199933,0.41452408,0.39312375,0.37205786,0.34631193,0.3230083,0.2960279,0.26946616,0.2405309,0.21384306,0.18482059,0.15866664,0.13039273,0.10301995,0.078787945,0.053329643,0.032088123,0.023142265,0.034821857,0.057540644,0.079892315,0.10169467,0.12448046,0.14789468,0.1693429,0.19182022,0.21361935,0.23617806,0.25782788,0.27943712,0.30286515,0.32545307,0.3499188,0.3735063,0.4014762,0.42090404,0.44754532,0.47065592,0.49178576,0.5120855,0.52870154,0.5501236,0.56545246,0.581981,0.59222955,0.60575217,0.6130036,0.6251293,0.628109,0.63620204,0.6395032,0.6466287,0.65035653,0.65899336,0.0028018246,0.002855036,0.0028451805,0.002847469,0.0029401355,0.0030855185,0.0030351842,0.0031724295,0.0032192762,0.003255223,0.0034154628,0.003564116,0.0036729507,0.0038518445,0.0040304554,0.0042023305,0.004424865,0.004620456,0.00486168,0.0051417714,0.005346237,0.0056285686,0.0058774836,0.006114306,0.0064050113,0.0066557247,0.006849602,0.0070193377,0.0072435513,0.007351158,0.0075527537,0.0076869107,0.007979529,0.008326417,0.008539613,0.008974837,0.009459495,0.0098523805,0.010331983,0.010984096,0.011616613,0.012317865,0.013099991,0.013821225,0.014637396,0.015449829,0.016217194,0.016958088,0.01782967,0.018704187,0.019438913,0.020281408,0.02105587,0.021636426,0.022197481,0.02254036,0.022768466,0.022907848,0.023089083,0.023222711,0.023232186,0.023455314,0.023570132,0.023965934,0.024190607,0.024246674,0.024457717,0.024346702,0.02421536,0.023862436,0.023199616,0.022562478,0.021870006,0.020955764,0.019980105,0.01916555,0.018322928,0.017679103,0.017346676,0.016628053,0.015978403,0.01524452,0.01451096,0.013547827,0.012541349,0.011628304,0.010527244,0.009523888,0.008385185,0.007532774,0.0068616467,0.006306741,0.0058207205,0.005340463,0.0051535736,0.0050269645,0.0050252117,0.0050919564,0.005130666,0.0052190023
LateralPinch,0,34,2,0.7527195,0.742063,0.7338741,0.72469735,0.72320324,0.71846884,0.71437705,0.71172595,0.7100195,0.71021324,0.7147389,0.7175517,0.71481746,0.72229826,0.7214611,0.7251924,0.72914326,0.7258529,0.724922,0.7188986,0.7197197,0.70602703,0.69961333,0.6938557,0.6780755,0.6658411,0.6544255,0.64103717,0.6286646,0.6166271,0.6065371,0.59108937,0.5806357,0.5714333,0.5583255,0.5517031,0.5442535,0.53556323,0.5248313,0.5182671,0.5091902,0.50167716,0.48821095,0.47912925,0.46768203,0.44978473,0.43318865,0.4162459,0.39662907,0.372996,0.3469169,0.32798406,0.29820663,0.2717084,0.24341652,0.21640591,0.18825771,0.16030239,0.13290533,0.104819365,0.079556,0.05555021,0.030409178,0.020372044,0.031348024,0.05362411,0.076537564,0.100122266,0.12250047,0.14761862,0.16885903,0.19330512,0.21494018,0.23711939,0.26042178,0.2840454,0.3060004,0.33004022,0.35308453,0.37651306,0.4001298,0.42231232,0.45166928,0.46966425,0.4962039,0.51349014,0.5329003,0.5495477,0.5663697,0.58139133,0.59417707,0.604491,0.61446303,0.6233635,0.6283197,0.6335285,0.64063936,0.6454185,0.6489092,0.6574552,0.0025983676,0.0026957903,0.0026530093,0.002741872,0.0028148242,0.0028927873,0.002921978,0.0030079617,0.003131785,0.0031883891,0.003271472,0.0034768404,0.0035880832,0.0037429829,0.0039059503,0.0041182046,0.004334408,0.004602088,0.0048455456,0.00509176,0.0054387636,0.005644783,0.0058851438,0.006184692,0.0064453646,0.0065577896,0.0067148604,0.0068550156,0.0070108096,0.007163731,0.0073381145,0.007414253,0.0077275257,0.008038183,0.008317018,0.0088655865,0.00929442,0.009803981,0.010366357,0.01099282,0.011525396,0.012300035,0.012914208,0.013750853,0.01455621,0.0152828405,0.016044233,0.016768198,0.017453708,0.01835548,0.019149074,0.019956242,0.020664958,0.021373702,0.02169948,0.022180427,0.02230428,0.022500778,0.022726936,0.022843003,0.02316757,0.02340471,0.023567392,0.023936413,0.02405901,0.024384202,0.024720032,0.024818603,0.024752969,0.024500873,0.023918284,0.023200357,0.022584107,0.021732645,0.02091,0.019965408,0.019086707,0.018167054,0.017478345,0.016841086,0.016220724,0.015442739,0.014732422,0.013758837,0.012835073,0.011917367,0.01073795,0.009632185,0.008503406,0.007664747,0.006938943,0.006340216,0.0057639442,0.005371737,0.005264123,0.0051132934,0.0051059984,0.00518454,0.005211052,0.0052754274
LateralPinch,0,35,2,0.75641257,0.74200964,0.7344694,0.7268494,0.7239166,0.7203511,0.7136729,0.71325433,0.7125416,0.7116085,0.7178244,0.71674263,0.71812385,0.72331923,0.72445136,0.7270778,0.7308579,0.72642535,0.7286389,0.72056305,0.719283,0.71552527,0.7027338,0.6934274,0.68031436,0.66675,0.6592384,0.64151907,0.63112086,0.61672556,0.60589015,0.5947946,0.5816256,0.56903005,0.5617449,0.55428475,0.54605764,0.5371886,0.52865,0.5194077,0.5123067,0.501269,0.49029672,0.48051417,0.46713755,0.4533052,0.4341492,0.4166984,0.39545244,0.37267986,0.34976268,0.32367823,0.29828772,0.27072096,0.24251151,0.21474217,0.1871679,0.16028766,0.13144566,0.103562266,0.08010978,0.053563852,0.03178256,0.018472405,0.0306938,0.053868566,0.07605517,0.09884277,0.122202784,0.14352916,0.16791901,0.19007821,0.21383204,0.23614016,0.26013654,0.2808528,0.30547866,0.32856095,0.35183713,0.37696964,0.3996382,0.42331466,0.44997063,0.4720535,0.49352255,0.5146493,0.53196865,0.5505685,0.56756526,0.58320916,0.5944305,0.6077678,0.61432123,0.62499636,0.63081366,0.63445455,0.64324296,0.6465653,0.6514967,0.65827584,0.0026132173,0.002733321,0.0027683375,0.0027619519,0.0027901293,0.0029079698,0.00292006,0.0030445468,0.0031299174,0.0031753215,0.0033057893,0.003516454,0.003589778,0.0037715887,0.003950409,0.004201291,0.0044028684,0.0045623207,0.004967515,0.005194677,0.0053931978,0.0056835427,0.005849711,0.0061517307,0.0064221197,0.0066233417,0.006787708,0.0068482873,0.0070536137,0.0071895802,0.0073731407,0.007592497,0.007794667,0.008071357,0.008402423,0.008795556,0.0091769565,0.009717722,0.010248623,0.010812266,0.011365867,0.012097418,0.01280024,0.013582473,0.014410196,0.015089349,0.015764024,0.016516037,0.01736072,0.018194953,0.018905604,0.019731013,0.020512378,0.021190884,0.02154291,0.022016324,0.022361547,0.022531698,0.02269165,0.022890959,0.023089683,0.023348039,0.023601787,0.023936462,0.024208242,0.024457915,0.024709186,0.0247366,0.024753865,0.02447722,0.023949536,0.023243528,0.022510244,0.021660944,0.020596374,0.019773327,0.019001672,0.018175531,0.01760043,0.016947346,0.016231978,0.015472467,0.014801787,0.01392876,0.012967107,0.012024349,0.010873835,0.009776599,0.008756487,0.007860104,0.0071222163,0.006505002,0.0059636324,0.0054690116,0.0051985495,0.0050663026,0.0050110677,0.0051165577,0.0050989524,0.005213268
LateralPinch,0,36,2,0.7537647,0.7433148,0.73716855,0.72617376,0.7249666,0.71949065,0.71333617,0.7135845,0.7118146,0.7124132,0.71531075,0.7191282,0.7196224,0.72303385,0.724708,0.728701,0.7322028,0.72730076,0.72955745,0.7195144,0.72152215,0.7061844,0.7044104,0.69204265,0.68077654,0.6707908,0.6585615,0.64451826,0.63178253,0.6179625,0.60681355,0.5960698,0.5846581,0.57292104,0.5650781,0.55125713,0.5492783,0.537771,0.52989644,0.5209207,0.51261324,0.50380456,0.49196866,0.48228666,0.4686253,0.45104307,0.4363554,0.41787368,0.39674884,0.37198076,0.3488961,0.32315907,0.2948945,0.27002507,0.24111813,0.21477722,0.18541695,0.15891573,0.13058773,0.102118574,0.07894446,0.051604148,0.029168384,0.018273506,0.03209976,0.053975664,0.07841167,0.10140469,0.12433642,0.14821588,0.17040104,0.19385742,0.21724992,0.24041182,0.26212212,0.28527868,0.30683148,0.33121702,0.353358,0.37511703,0.40147385,0.42527708,0.44901323,0.469351,0.4941046,0.5100665,0.533128,0.5510694,0.5658509,0.5814398,0.59245,0.6047049,0.6127732,0.6238613,0.6309307,0.6370253,0.64084256,0.64762336,0.6513615,0.65939623,0.0025945327,0.0026102369,0.0026825627,0.0027002837,0.0027885416,0.0027833777,0.0028611596,0.0029678387,0.0029973583,0.0031445231,0.0032103912,0.0034140064,0.0035313114,0.003653354,0.0038090865,0.0040504723,0.0043209866,0.0044860924,0.0048738867,0.005081817,0.0053274664,0.005565986,0.005842771,0.0061064856,0.006408459,0.0066190767,0.006820083,0.0069010556,0.0070564817,0.0071840156,0.0073136943,0.0075834207,0.007819597,0.008139382,0.008444042,0.008864232,0.009305037,0.009735743,0.010204254,0.010731079,0.011352772,0.011981467,0.01275005,0.013616003,0.014270356,0.015069583,0.01581098,0.01659647,0.017408805,0.018231459,0.018907845,0.019666249,0.020293104,0.021000464,0.021415705,0.02191192,0.022225661,0.022452123,0.022549381,0.022778349,0.022906471,0.023125276,0.023304772,0.023735821,0.02391418,0.024229078,0.024435781,0.024593638,0.024498664,0.024191266,0.023806931,0.023101628,0.022413258,0.02150895,0.020589182,0.019682085,0.018712714,0.017894594,0.017280398,0.016659634,0.016012054,0.015267216,0.014492177,0.013732059,0.012769125,0.011833228,0.010684848,0.009635477,0.008466594,0.0076438445,0.0069495286,0.0063556493,0.0057862173,0.005320405,0.005225132,0.0050592185,0.005075619,0.005236841,0.005279202,0.005218258
LateralPinch,0,37,2,0.7535419,0.74403465,0.73665273,0.72647226,0.7242705,0.72001576,0.71708184,0.7118449,0.71164846,0.7103206,0.71633345,0.71707076,0.7176632,0.7217385,0.7236326,0.7283969,0.7305664,0.7267356,0.72986734,0.72294605,0.7210134,0.7159546,0.7058969,0.6933332,0.6842175,0.66579753,0.6609761,0.64446497,0.63194215,0.61887777,0.6068276,0.59623784,0.5851666,0.5729947,0.5599098,0.5532725,0.5525155,0.5387767,0.5282487,0.52177006,0.51403713,0.5032254,0.4937203,0.48167858,0.46897963,0.45317692,0.43768427,0.4158149,0.39561406,0.37427717,0.34944695,0.32498038,0.29877114,0.2712229,0.2433268,0.21593753,0.18735375,0.1600665,0.13290082,0.103571676,0.07988185,0.05216638,0.03149378,0.015854191,0.031036744,0.053182516,0.07673431,0.098795824,0.12249362,0.14765774,0.16933917,0.19045576,0.21332915,0.23674032,0.2586702,0.28213343,0.30492488,0.32807827,0.35214406,0.37472916,0.39659914,0.4221231,0.44930634,0.47148374,0.49172294,0.51369345,0.53156984,0.5521491,0.56730956,0.5827382,0.5949293,0.6077998,0.6144831,0.62453276,0.6316954,0.63542837,0.6449717,0.6468719,0.65022475,0.6581808,0.0026079223,0.002764997,0.0027371172,0.0027359144,0.0028695941,0.002895344,0.003005373,0.0031226,0.0031697967,0.00323292,0.0033220618,0.0034939626,0.003686311,0.0037772264,0.0039012798,0.0041821958,0.0044346377,0.004596172,0.004847448,0.00506931,0.00525925,0.005561382,0.0057919603,0.00606017,0.006386762,0.0065363916,0.0067186314,0.0069229654,0.0070667802,0.007161733,0.0073429374,0.007570539,0.0077996603,0.008139024,0.008370192,0.0088860635,0.00920096,0.009787217,0.010222241,0.010860698,0.0113650095,0.012041787,0.012750002,0.013469069,0.014269422,0.015029836,0.015739514,0.016478345,0.017277353,0.018198282,0.018929163,0.019670537,0.020305064,0.021007475,0.021408526,0.021957483,0.022209583,0.022443233,0.022569118,0.02265948,0.022879047,0.02306938,0.023292879,0.023712166,0.023852004,0.024062136,0.024290355,0.024242952,0.024160435,0.023865586,0.023342472,0.022785615,0.022006528,0.021198312,0.020325411,0.019545272,0.018706799,0.017984124,0.01741958,0.016793095,0.01601916,0.015298136,0.014593021,0.013719917,0.012795882,0.011826338,0.010584869,0.009584816,0.008449438,0.0076402295,0.0069352523,0.0062626726,0.005736618,0.0053220144,0.0050792806,0.0049619763,0.0048994115,0.005011204,0.005040951,0.005107385
LateralPinch,0,38,2,0.75332916,0.7411374,0.7346734,0.7255981,0.7229133,0.7181977,0.71211374,0.7107514,0.7110567,0.7091503,0.71506697,0.7204345,0.716742,0.7229494,0.7225777,0.7256458,0.7300157,0.7253876,0.7280268,0.72027844,0.7212084,0.7069078,0.70292217,0.6938337,0.6815999,0.66783834,0.6576618,0.64341724,0.630195,0.6184649,0.6050258,0.5923851,0.58198255,0.57190585,0.5608308,0.5519795,0.5469316,0.53753775,0.52690685,0.52096766,0.5119612,0.5020708,0.49250835,0.4812127,0.46883112,0.4513175,0.43583962,0.41910937,0.3989725,0.3736979,0.3488017,0.326732,0.29793155,0.27179474,0.24351932,0.21654068,0.18762398,0.1607044,0.13368492,0.104915015,0.07888029,0.05513381,0.030959725,0.019597659,0.031376768,0.053914886,0.07636093,0.1000408,0.12343123,0.14476505,0.16910508,0.1926652,0.21477453,0.23868743,0.26122677,0.2839881,0.30518848,0.33012864,0.3514901,0.37623116,0.39918837,0.423781,0.44913882,0.470868,0.49170673,0.51322174,0.52799195,0.5499189,0.56613064,0.58147514,0.5943084,0.60595185,0.6140046,0.62339383,0.62883127,0.6362875,0.6405292,0.6462686,0.6517,0.65902007,0.002752955,0.002795119,0.002850197,0.002825401,0.0029170814,0.0030088814,0.0030271802,0.003114258,0.0032379632,0.0032822916,0.0033978585,0.0034762654,0.0036579345,0.003817648,0.0039040188,0.004182999,0.004393324,0.0046045044,0.0048883534,0.0051661083,0.0054794895,0.005736249,0.0059141372,0.00610967,0.0064023877,0.006635415,0.006811935,0.006946998,0.00719059,0.0073361318,0.0074943253,0.007610231,0.007863242,0.008196156,0.008513147,0.00891167,0.009319594,0.009840147,0.010241075,0.010971345,0.011481256,0.012190031,0.0129427845,0.013688502,0.014445608,0.015243956,0.015910346,0.016749136,0.017603936,0.01830594,0.019088771,0.019832749,0.020561354,0.021232447,0.021603761,0.022142924,0.022362709,0.022636985,0.02270055,0.022946661,0.02306365,0.023278024,0.023531104,0.02383581,0.02403037,0.024180287,0.024425328,0.024428178,0.024360513,0.02410484,0.023683788,0.022926655,0.022122955,0.021350272,0.020420542,0.01953733,0.018768076,0.018009592,0.017450584,0.01679823,0.016028123,0.01527695,0.014604481,0.013694353,0.012687116,0.011673456,0.010512796,0.009483036,0.00829551,0.007483267,0.006834259,0.0061810487,0.005674426,0.0052328575,0.005098909,0.00494786,0.00499606,0.0050656637,0.0050605573,0.005171829
LateralPinch,0,39,2,0.7533472,0.74232656,0.73398376,0.7243788,0.72349364,0.7172519,0.7141573,0.7125608,0.7112562,0.71187186,0.71369237,0.7191857,0.71909845,0.72093165,0.7222725,0.7274183,0.7306376,0.72697157,0.72644573,0.7198479,0.7204118,0.71524084,0.703556,0.6931711,0.68026394,0.66840506,0.6575804,0.6428098,0.63070476,0.6174196,0.60608685,0.5934913,0.58255446,0.5713176,0.5599552,0.5527786,0.5484112,0.534547,0.5274223,0.5206512,0.51129586,0.5034368,0.49213642,0.48062265,0.467837,0.4527688,0.43524262,0.41888684,0.3977167,0.3765781,0.350936,0.32735798,0.3004597,0.27185136,0.24412864,0.21673211,0.18854044,0.16093564,0.13369471,0.104613826,0.08184679,0.053232227,0.031708058,0.01651997,0.029375311,0.05301851,0.07594825,0.09953344,0.1238345,0.14541145,0.1704985,0.1904664,0.21457,0.23789789,0.2616668,0.2830863,0.3053824,0.32959417,0.35139388,0.37718153,0.40093407,0.42298326,0.44878784,0.47051504,0.49303752,0.5124043,0.5328536,0.54840463,0.56597537,0.58155334,0.5945021,0.60461456,0.61345184,0.6253919,0.6320079,0.6356381,0.6401811,0.6454093,0.6515699,0.6584548,0.0027019265,0.0027132877,0.0026962725,0.0027086195,0.002766382,0.002878472,0.002873833,0.0029473512,0.0030988706,0.0031747264,0.0032573615,0.0034174277,0.0035736249,0.003688473,0.0038613183,0.004115534,0.0043643326,0.0045919213,0.0048594167,0.0051161493,0.0053957966,0.005667714,0.00588169,0.006156221,0.00640832,0.006647001,0.006763947,0.0069405236,0.0071180835,0.0073394934,0.0074832067,0.0076779514,0.007941014,0.008268553,0.008513885,0.008959375,0.009396338,0.009770325,0.010384578,0.011076261,0.011622965,0.012405805,0.013031939,0.013862084,0.0145891,0.015298085,0.016141376,0.016889282,0.017735505,0.018581007,0.019224271,0.020094983,0.020766664,0.021326954,0.021862434,0.022218946,0.022395415,0.02258075,0.02277459,0.0228807,0.022954365,0.023224657,0.023450254,0.023866633,0.024015473,0.024209267,0.024363367,0.024332223,0.024285182,0.023971817,0.023464074,0.022726307,0.022027802,0.021234458,0.020334035,0.019552592,0.018736212,0.018016443,0.017378312,0.016751498,0.016082732,0.015288597,0.014579786,0.013736823,0.012834153,0.011858017,0.010713246,0.0096129365,0.008562665,0.007761819,0.0069690645,0.006372356,0.0058659185,0.005446155,0.0052199657,0.00511882,0.0050508,0.005151445,0.0052070846,0.0052676178
LateralPinch,0,40,2,0.7517336,0.7410822,0.73338157,0.72472197,0.72396016,0.718717,0.7127608,0.71148235,0.7114911,0.7100647,0.7142362,0.71844006,0.71682394,0.72075135,0.72296834,0.7259114,0.7293662,0.72474176,0.72829837,0.718707,0.7188756,0.71215796,0.70369023,0.6932169,0.67830783,0.66796094,0.65794665,0.64208436,0.6304441,0.6165117,0.60672134,0.59427136,0.5807162,0.5716441,0.55967814,0.55119383,0.5458876,0.5341003,0.5274051,0.5168333,0.50996906,0.5020976,0.49021575,0.4796292,0.46651208,0.44925985,0.4356696,0.41391134,0.39641723,0.3737418,0.3491041,0.3249698,0.29796004,0.27144256,0.24351689,0.21590087,0.18809442,0.16077472,0.13229437,0.10731236,0.08009582,0.054800738,0.03473588,0.020547835,0.030750519,0.05337686,0.0773685,0.09807266,0.12202098,0.14538752,0.16833702,0.19060224,0.21345364,0.23605804,0.25878847,0.28216007,0.30512968,0.32772163,0.35197532,0.37490153,0.3999062,0.42180815,0.4474446,0.47092107,0.4919608,0.512876,0.5307488,0.54715145,0.5663335,0.5812848,0.59325635,0.606003,0.61258036,0.6237485,0.6297828,0.63679725,0.64183253,0.645271,0.65128386,0.6597488,0.0025979173,0.0027113445,0.0026754627,0.00267202,0.0027891828,0.002841563,0.0028739164,0.002981923,0.0031287973,0.0031298331,0.0033409477,0.0033713563,0.0035578096,0.0037200586,0.0039249226,0.004080132,0.0043634293,0.0045721265,0.0048778155,0.005078031,0.005342123,0.005584616,0.0058613336,0.006120502,0.0063922745,0.006637066,0.0068332558,0.0069489325,0.007177871,0.007252182,0.0075468314,0.007651261,0.007943898,0.008303449,0.008563993,0.009078578,0.009487433,0.0099202655,0.010526771,0.0110550765,0.011677282,0.012474428,0.013080104,0.013874826,0.014656807,0.015430109,0.016200691,0.016901882,0.017693618,0.01850457,0.01922085,0.020059621,0.020694453,0.021442499,0.02181565,0.022218462,0.022482222,0.022598775,0.022737758,0.022953771,0.023050241,0.023194624,0.023376737,0.023809608,0.023971295,0.02413153,0.024262385,0.024312759,0.024169894,0.02388486,0.023324259,0.022705957,0.021902246,0.021178583,0.020195195,0.019462867,0.018653585,0.017901031,0.017192608,0.01667771,0.015947739,0.015190389,0.014557211,0.013720715,0.012793236,0.011828883,0.010729581,0.009562647,0.008512442,0.0075981715,0.006898562,0.006385819,0.005795259,0.0054547777,0.0052225855,0.0050937757,0.005094987,0.005116205,0.0052027195,0.005189303
LateralPinch,0,41,2,0.7539,0.740753,0.73426014,0.7248168,0.72306514,0.71712726,0.7123475,0.71051633,0.7110729,0.70976293,0.7143306,0.71592164,0.7162171,0.7215373,0.72282016,0.7269515,0.72911376,0.72587657,0.7265531,0.7193121,0.7196515,0.71149397,0.7019735,0.6927469,0.68136,0.66569376,0.6577045,0.6404962,0.62974864,0.61631936,0.60333747,0.59095466,0.5812559,0.5707463,0.56035113,0.55437523,0.54375863,0.53470457,0.5265156,0.51962084,0.5098028,0.5006561,0.48895884,0.47942153,0.46552566,0.45193598,0.43348327,0.41507104,0.393348,0.37271595,0.3472243,0.32334974,0.29666153,0.2702793,0.24219579,0.21487272,0.18703765,0.16030341,0.13200721,0.105056524,0.080679215,0.05670588,0.033768546,0.021103775,0.032038238,0.05311624,0.076624714,0.09910467,0.1219016,0.14492975,0.16699332,0.1914735,0.21344535,0.23642315,0.25826886,0.28143668,0.30407542,0.32761884,0.35189438,0.37458235,0.39857772,0.4206981,0.44794568,0.46929237,0.4913901,0.51086825,0.5312407,0.55066204,0.56632936,0.58234876,0.5948646,0.606845,0.61575484,0.62574685,0.62940603,0.63532925,0.64201844,0.64639485,0.65088254,0.6585952,0.0026894705,0.0027044336,0.002742266,0.0027142786,0.0028612316,0.0029172176,0.002949286,0.0031069908,0.003151526,0.0031864,0.0033438737,0.0034924773,0.0036252793,0.0037555539,0.0038669189,0.0041808267,0.0044047814,0.004614115,0.0048535336,0.0050995406,0.0053298892,0.005584321,0.005869335,0.006153746,0.00641176,0.0065475525,0.006799864,0.0068970835,0.0071437536,0.0073390487,0.007469394,0.007625491,0.007880558,0.008243043,0.008571536,0.009013981,0.009437833,0.009812209,0.010261935,0.011089383,0.011633723,0.012354158,0.0131592,0.013744234,0.014595272,0.015413442,0.016146488,0.01695273,0.017655196,0.018553577,0.019301573,0.019939266,0.020627096,0.021313021,0.021818535,0.022157086,0.02233121,0.022644583,0.02264559,0.022828612,0.023000132,0.02315527,0.023387711,0.023821544,0.02397218,0.02421922,0.024287844,0.024199009,0.02418049,0.023982683,0.023481637,0.022752643,0.022053037,0.021349482,0.020412043,0.019548578,0.018763365,0.01797339,0.017430745,0.016798105,0.016096935,0.01537192,0.014643214,0.013806525,0.012910853,0.011910345,0.0107417675,0.009781593,0.008624583,0.007742385,0.0070747696,0.006473774,0.00590448,0.005412204,0.005223158,0.0050648353,0.0050758496,0.0050593633,0.005119579,0.005242535
LateralPinch,0,42,2,0.7525857,0.742483,0.73446083,0.72527283,0.7224884,0.7190535,0.7135984,0.7116844,0.71059376,0.71090275,0.713416,0.7206161,0.71627164,0.72161937,0.7238938,0.7262069,0.7286087,0.7246264,0.7276347,0.7193314,0.7176798,0.7120708,0.7019873,0.6988764,0.6791103,0.66878295,0.655755,0.6432348,0.6294022,0.6163226,0.60508245,0.59220976,0.5822199,0.5710693,0.5594176,0.54991657,0.5464914,0.5334859,0.5268083,0.52012557,0.51206636,0.50170213,0.4897052,0.48014617,0.46740466,0.45106477,0.4338646,0.41559494,0.39371955,0.37234858,0.34668544,0.32409608,0.2966117,0.26965922,0.24135283,0.21507952,0.18690218,0.15996063,0.13266228,0.10348531,0.08027829,0.05505413,0.032887813,0.019641312,0.031632427,0.05404444,0.07735014,0.09967657,0.12125585,0.14657947,0.16828233,0.1904587,0.21280564,0.23621473,0.26031494,0.28079242,0.30484894,0.32610714,0.35219347,0.37396726,0.40065834,0.42238882,0.44922292,0.4704856,0.4924842,0.51189643,0.53174156,0.54999655,0.5671127,0.58188695,0.59392154,0.6054743,0.6149534,0.6257732,0.6306363,0.63732666,0.6416668,0.6469993,0.65022564,0.6599559,0.002714668,0.0028062211,0.0028069848,0.0028326404,0.0028949452,0.0029882647,0.0030130434,0.0030937039,0.0032249698,0.0032709856,0.003364648,0.0035546168,0.0036446503,0.0038435196,0.004026439,0.004271109,0.0044484762,0.0046713008,0.004781424,0.0050774748,0.005267982,0.0055573825,0.00578394,0.0060320245,0.00635467,0.0065957364,0.006763229,0.006958848,0.0070604957,0.007219914,0.0074311905,0.0076533416,0.007894094,0.008220216,0.008487929,0.008917294,0.009354403,0.009801922,0.010406247,0.011059228,0.011750619,0.012394404,0.013057411,0.013920667,0.014573072,0.015387503,0.016193127,0.016935585,0.017820556,0.018620687,0.019325605,0.02021616,0.02094226,0.02155688,0.021966297,0.02242322,0.022719475,0.022863638,0.023032237,0.023154013,0.023272345,0.023520043,0.023628205,0.02405586,0.024192717,0.024370907,0.024520567,0.024512084,0.024462286,0.024147281,0.023616403,0.022935746,0.02219262,0.02144257,0.020495811,0.019667983,0.018751113,0.018061796,0.017441513,0.01681732,0.01617973,0.015524155,0.014829685,0.013925338,0.012957802,0.011990409,0.010852358,0.009818717,0.008677903,0.007827747,0.0071270526,0.0064227115,0.005937162,0.0054727215,0.0051817345,0.005053668,0.005034378,0.005101296,0.0051677325,0.005143088
LateralPinch,0,43,2,0.7533717,0.7409111,0.7333455,0.72499245,0.72279245,0.71855533,0.7129044,0.7109437,0.7106071,0.70960945,0.7159173,0.71523136,0.71703845,0.7202118,0.7230419,0.72536254,0.7298839,0.7238837,0.72776437,0.72215235,0.71983206,0.7061771,0.70143384,0.69273406,0.68005973,0.66572374,0.65626377,0.6420441,0.63025445,0.6178579,0.60525125,0.5955198,0.5819105,0.57037127,0.5603747,0.55324155,0.5438906,0.53376323,0.5274821,0.5189111,0.5093828,0.50148857,0.48870617,0.47994584,0.4656321,0.45000044,0.43322533,0.4161147,0.39387065,0.37252015,0.3479315,0.32489255,0.2979582,0.26997626,0.24216223,0.21530406,0.18591759,0.15944242,0.13233347,0.1034736,0.08109787,0.053936318,0.033665244,0.020913815,0.031913146,0.05543252,0.076333374,0.10035548,0.12312131,0.14616242,0.16912563,0.19202797,0.21377425,0.23704678,0.26090392,0.28193676,0.3055573,0.3286718,0.35207275,0.3757082,0.39996037,0.42137554,0.45049444,0.47031617,0.4929213,0.5126275,0.52957547,0.548672,0.5648124,0.58086187,0.5921501,0.6037724,0.61185277,0.62339056,0.6283313,0.63414156,0.64159024,0.6463141,0.6508088,0.6570553,0.0026669868,0.0028279386,0.0027615326,0.002764107,0.0029213584,0.002947395,0.0030573886,0.0031769269,0.0032421418,0.0032789172,0.0033608442,0.0034731,0.0036977904,0.0038318986,0.0039558695,0.0041625504,0.0045529823,0.004667613,0.004834477,0.00503656,0.005310509,0.0054702247,0.005796899,0.0060314517,0.0062498637,0.0065012774,0.006569168,0.0068397606,0.007057049,0.007130757,0.007368773,0.00759482,0.00784413,0.008231205,0.008389137,0.0089003965,0.009291768,0.00977011,0.010324014,0.010975427,0.011552423,0.0122906575,0.012863623,0.013691918,0.014499197,0.015308072,0.016004022,0.016887153,0.017582135,0.018426117,0.019186143,0.020064361,0.020771896,0.021478826,0.02190226,0.022359688,0.022550015,0.022741398,0.0228357,0.02305927,0.02319544,0.023357382,0.023561077,0.02397721,0.024110766,0.024415994,0.024564715,0.024560543,0.024512965,0.02430599,0.023770759,0.023148026,0.022352949,0.02154535,0.020728368,0.019786393,0.01894853,0.018243909,0.01760038,0.017063458,0.016370004,0.015660007,0.014958346,0.014058837,0.01308915,0.012103942,0.010984762,0.009923963,0.008735952,0.0077962875,0.0070767687,0.006482033,0.0059025018,0.005412918,0.0051794173,0.005008786,0.005014559,0.0051039895,0.0050810534,0.0051832637
LateralPinch,0,44,2,0.7547529,0.74204284,0.7357106,0.7256476,0.7243084,0.71784806,0.7140737,0.71221733,0.710289,0.70989114,0.71521825,0.7163628,0.71887946,0.7221689,0.72265863,0.72670954,0.72991157,0.72573525,0.72769505,0.72060245,0.72050065,0.71282244,0.7032108,0.6898364,0.6831028,0.6679252,0.65478086,0.6410201,0.62987524,0.6175237,0.6037293,0.59106714,0.58114475,0.56955767,0.56061804,0.5505695,0.5448929,0.53562033,0.5246462,0.51977426,0.5099076,0.5013691,0.48996255,0.4789148,0.4663281,0.45017803,0.4372475,0.4128332,0.39364788,0.37275842,0.34670317,0.32400963,0.29604962,0.26836976,0.24121948,0.21386684,0.1849471,0.15764657,0.13066821,0.10270533,0.0803265,0.053441014,0.0322047,0.020414963,0.033102613,0.05453443,0.07837955,0.1003947,0.122887015,0.14534551,0.17013274,0.19045661,0.21534425,0.23875359,0.26158342,0.2830288,0.3046111,0.3286737,0.35145488,0.37631476,0.39845368,0.42138553,0.44861,0.46957713,0.49096847,0.5109798,0.5298094,0.5500724,0.56559074,0.5811643,0.5922042,0.6044701,0.6112994,0.62278515,0.6299717,0.6358111,0.640766,0.64435726,0.6501151,0.6599951,0.0026326363,0.002707606,0.0026801152,0.0026545061,0.0027463539,0.0028503374,0.0029013806,0.003001907,0.0031043629,0.003171034,0.0033210162,0.0034274692,0.003633145,0.0037502605,0.003901676,0.004185061,0.004381852,0.004609996,0.0047999136,0.0051179356,0.005402744,0.0056770835,0.0058981264,0.006152819,0.0064413706,0.006593926,0.0067482963,0.0069227796,0.006973107,0.0071866694,0.007351062,0.007441432,0.007739426,0.008046343,0.008261428,0.008757548,0.009248215,0.009714942,0.010180632,0.010909911,0.011578166,0.012243466,0.012911958,0.013710126,0.014460183,0.015278764,0.01602346,0.016750878,0.017487796,0.018299386,0.019028798,0.019888097,0.020549601,0.02114312,0.021505568,0.021991776,0.022152398,0.022353552,0.02238835,0.02256239,0.022697583,0.02282257,0.023040785,0.023491487,0.02358993,0.023796935,0.023976408,0.02398156,0.02394903,0.023692386,0.023184668,0.022489639,0.02181664,0.021104204,0.02016556,0.019325051,0.018610537,0.017909145,0.017261669,0.016801942,0.016132252,0.015501942,0.014802346,0.013936526,0.013135127,0.012187224,0.011002227,0.009948418,0.0088379225,0.00790831,0.0071549513,0.006485428,0.0059580845,0.0054736943,0.0052103368,0.00503006,0.0050508417,0.005150777,0.005217509,0.0052287625
LateralPinch,0,45,2,0.7524677,0.7421895,0.7339121,0.7257483,0.725106,0.7191593,0.7165203,0.7118709,0.7112133,0.70840913,0.71678245,0.7156347,0.7183449,0.7218632,0.7243988,0.7270772,0.72839236,0.725564,0.7255837,0.7191346,0.71875864,0.7063088,0.70285237,0.69122887,0.6828015,0.66769564,0.6554994,0.64259785,0.62971705,0.61619425,0.6079759,0.5909881,0.5830404,0.5695456,0.5600874,0.5528449,0.5455451,0.53449273,0.52632254,0.51954097,0.5114702,0.5023904,0.4908482,0.48008662,0.46686113,0.44925022,0.43406796,0.41571406,0.39605317,0.36985788,0.34748206,0.3231499,0.2945569,0.2691336,0.24051984,0.21384886,0.18585004,0.15849426,0.13153616,0.10273642,0.07919719,0.05439898,0.033529382,0.021191865,0.033070583,0.05425042,0.07778329,0.09974702,0.12348333,0.14492987,0.16809773,0.19184528,0.21333168,0.23655841,0.2592468,0.28174078,0.304221,0.32763427,0.34909964,0.37481922,0.39784643,0.42313036,0.44753867,0.4697142,0.48996833,0.51440805,0.5283794,0.549761,0.5660288,0.58208144,0.5942456,0.608211,0.61425835,0.62375927,0.6294599,0.63618076,0.64116174,0.6461187,0.65183073,0.6570966,0.002650073,0.0027399403,0.0027626327,0.0027312113,0.002832456,0.002881186,0.0029953448,0.0030995784,0.0032021552,0.0032357906,0.0033335586,0.0034087515,0.0036539875,0.003811472,0.0040351585,0.0041459124,0.0043893126,0.004629709,0.0048909406,0.005158037,0.005413725,0.005689426,0.005962626,0.0061708377,0.006487965,0.006593931,0.0068054544,0.006923011,0.0071262536,0.0072498773,0.0074904384,0.0075824945,0.00787481,0.008121423,0.008462284,0.008955137,0.0092847105,0.0098644225,0.010372169,0.010990915,0.011704245,0.012360703,0.013114771,0.013861002,0.014625331,0.015406784,0.016141739,0.016896965,0.017722977,0.018416816,0.019142035,0.019868515,0.020619385,0.021251077,0.021608409,0.022002822,0.02219714,0.022306027,0.022393242,0.022507623,0.022560742,0.02277198,0.022951707,0.023283053,0.023449382,0.023665482,0.023879943,0.023898665,0.02383985,0.02368867,0.023205908,0.022484725,0.021783894,0.021040706,0.020160662,0.019409692,0.01855452,0.017919738,0.01729265,0.016879372,0.016087836,0.015494266,0.014892516,0.014048632,0.013133707,0.012236641,0.011074911,0.010045201,0.008854124,0.008077155,0.007212499,0.0066997777,0.006067407,0.005619007,0.005374527,0.0052174656,0.005174237,0.0051813982,0.005227278,0.005302307
LateralPinch,0,46,2,0.7527071,0.7426134,0.73436683,0.7255675,0.72364384,0.7185276,0.71578103,0.71191216,0.7121185,0.7098605,0.7170691,0.7182712,0.71749055,0.72050637,0.72473204,0.7267692,0.72889113,0.7255415,0.7267953,0.7200078,0.71920204,0.7128999,0.70236033,0.69305676,0.68116766,0.66701996,0.6556234,0.6418007,0.62986237,0.6172186,0.6054283,0.5941581,0.5801969,0.57037354,0.5636555,0.54845315,0.5490911,0.5361999,0.52871376,0.51980823,0.5103996,0.50180787,0.49070898,0.4807822,0.46719575,0.4502068,0.4359788,0.41439557,0.3963842,0.37108123,0.3498512,0.3231633,0.297962,0.27091625,0.24242459,0.21526773,0.18653367,0.16036148,0.1332374,0.10485473,0.081711516,0.056071892,0.0336555,0.020118793,0.031681057,0.05394598,0.07599002,0.09972618,0.12298232,0.14690463,0.16767967,0.19256338,0.21486501,0.23711962,0.26054502,0.28288665,0.30459556,0.3286311,0.35130116,0.37406588,0.3998925,0.42101097,0.44843993,0.47065666,0.49175924,0.5144946,0.5292396,0.5482158,0.56373465,0.5806928,0.5913833,0.6065043,0.61226517,0.6239112,0.6294481,0.6365117,0.64053994,0.6459974,0.6509165,0.65849954,0.0025834967,0.0027096828,0.0026954664,0.0026672177,0.0027770943,0.0027906091,0.0029018181,0.0029815368,0.0031621347,0.0031350662,0.0032731318,0.003432803,0.0035785278,0.0036975092,0.0038662106,0.0041219355,0.0042920797,0.0045175296,0.0048891967,0.005140203,0.005414404,0.0056832265,0.0059201512,0.0061378796,0.006375377,0.006571508,0.006741369,0.006814442,0.0070248744,0.0071985787,0.0073761633,0.007515876,0.0078104474,0.008137164,0.008410511,0.008780526,0.009304549,0.00982064,0.010302557,0.010989707,0.011619854,0.012387409,0.012987841,0.013804847,0.014592769,0.015328051,0.016107295,0.01684119,0.017617734,0.01841203,0.019131279,0.019933607,0.020598715,0.021167515,0.021642221,0.022130992,0.022360288,0.022468798,0.022644823,0.022811007,0.022922626,0.023015141,0.02320163,0.023554182,0.023761874,0.024009593,0.02429103,0.024311256,0.024243716,0.02392789,0.023451174,0.022824021,0.022066334,0.021250185,0.020373994,0.019552754,0.018746326,0.018018303,0.017487621,0.016982429,0.016337328,0.015641341,0.014949883,0.014135296,0.013224824,0.012283383,0.011059214,0.009830883,0.008720562,0.007823733,0.007107446,0.0065978235,0.005933139,0.005544671,0.0052654454,0.005113481,0.005131615,0.005186249,0.005268024,0.0052312026
LateralPinch,0,47,2,0.7531451,0.7417192,0.7352461,0.72639644,0.72342396,0.71867937,0.71444017,0.71155185,0.71079123,0.7110757,0.71454746,0.71658796,0.71735764,0.7229039,0.72165227,0.72860754,0.72973615,0.7249837,0.7278176,0.7221048,0.7181961,0.7130286,0.70097965,0.6949188,0.68191266,0.66664624,0.6570804,0.6408051,0.6313052,0.61744267,0.60514784,0.59805644,0.5808148,0.5728652,0.5617519,0.54895747,0.54899806,0.53460157,0.5271687,0.51961845,0.51027393,0.5007597,0.49024025,0.48024255,0.46628013,0.45063227,0.43353605,0.41627237,0.39668173,0.3710037,0.34834427,0.32401648,0.2975163,0.26960823,0.24153623,0.21553478,0.18680611,0.15955453,0.13271338,0.10328159,0.08062156,0.055646475,0.03281491,0.020714436,0.03136177,0.052838024,0.07640604,0.09939122,0.121149905,0.14586543,0.16832231,0.1923236,0.21398401,0.23761162,0.26104304,0.28322092,0.3063365,0.33063143,0.3542076,0.37676573,0.39978787,0.4255575,0.44840416,0.47095343,0.49085903,0.51297593,0.5283431,0.5484937,0.56476253,0.58085054,0.59331864,0.6035986,0.6127449,0.6230147,0.6289595,0.6360246,0.64071506,0.6465892,0.65129626,0.6583012,0.0026130774,0.0026887867,0.002761967,0.002738294,0.0027709883,0.0028346714,0.0029865769,0.0030095926,0.003111664,0.0031626103,0.003252016,0.0034352299,0.003534934,0.0037840367,0.0038582326,0.0041598096,0.0043770857,0.0045710965,0.0048228973,0.005074062,0.0053895633,0.0056574563,0.00585027,0.006106278,0.0063120057,0.0065447427,0.006719249,0.0068118684,0.0070339185,0.00719187,0.0073386766,0.0075957617,0.00775111,0.008031899,0.008338397,0.008808399,0.009318774,0.009836212,0.010281094,0.010936196,0.011538764,0.012316449,0.0130378455,0.013831609,0.014627458,0.015409792,0.016125357,0.01696701,0.017715327,0.018501144,0.019268269,0.020047897,0.020764507,0.021265553,0.021735711,0.022187773,0.022360664,0.022527952,0.022583663,0.022682266,0.022833591,0.022994522,0.023124112,0.023492867,0.02382359,0.024014637,0.02427311,0.024297044,0.024250012,0.023949414,0.023490619,0.02288386,0.021994125,0.021284655,0.020414013,0.019617734,0.018797409,0.018147435,0.017537192,0.016930763,0.01623655,0.015500547,0.014838802,0.014014489,0.013083005,0.012133061,0.010953697,0.009881364,0.008763115,0.00787028,0.007135516,0.0065851794,0.006065405,0.005589023,0.005323969,0.0051994617,0.0051636826,0.0051959837,0.0052310782,0.005179711
LateralPinch,0,48,2,0.7531066,0.74208754,0.7367216,0.7251239,0.72487223,0.7184119,0.71294385,0.7138776,0.70906353,0.71056193,0.71684676,0.71632266,0.71861345,0.7219151,0.7229331,0.7266099,0.7282964,0.7258345,0.72874355,0.72117156,0.7196383,0.7077885,0.7031187,0.69254994,0.6809917,0.66626716,0.65739787,0.642483,0.6298693,0.6185217,0.60570574,0.595803,0.5843046,0.5696459,0.560798,0.5536806,0.5473813,0.5346543,0.52570844,0.5201534,0.51197034,0.50276744,0.490139,0.48068863,0.46673822,0.45081043,0.43414178,0.4167356,0.39334527,0.37266007,0.3468482,0.32329386,0.29718608,0.27020282,0.2423821,0.21441066,0.18679085,0.16059512,0.13298582,0.10584943,0.08068132,0.05515843,0.034143027,0.019414404,0.031070527,0.0532411,0.07700279,0.09776608,0.12228813,0.14535303,0.16806507,0.19112901,0.21393476,0.23819667,0.26045927,0.28186077,0.30602014,0.32697135,0.3530594,0.37422132,0.40058887,0.41944486,0.45038655,0.47096968,0.4920747,0.51330674,0.52861947,0.5486043,0.565485,0.58171993,0.59331244,0.6074134,0.6141058,0.62304217,0.6296702,0.6355497,0.64092433,0.64455557,0.65035486,0.65824264,0.0026026077,0.0027204852,0.0027064148,0.0027335493,0.0027822314,0.0028903505,0.0028808287,0.0030658217,0.0031623347,0.0031740326,0.0032293126,0.0034348757,0.0036271755,0.0038205858,0.0039200354,0.004130401,0.004333148,0.004576166,0.0048678303,0.005055146,0.0053805187,0.005516068,0.005778613,0.0060548317,0.006280319,0.0065348954,0.006722585,0.006796596,0.0070357327,0.0071511604,0.0073902053,0.0075384513,0.007824251,0.008071484,0.008388485,0.008908661,0.009326311,0.009747647,0.010250594,0.011002652,0.011637006,0.012372621,0.0130161755,0.013899606,0.014630342,0.015471741,0.016254934,0.016980814,0.017783344,0.018570462,0.019325519,0.020098507,0.020877264,0.021481626,0.021844946,0.022207916,0.02239471,0.022646502,0.022636602,0.022787146,0.022851454,0.02303292,0.023255842,0.023583665,0.023745153,0.023997106,0.024122834,0.024187341,0.024223454,0.023968184,0.023507463,0.022916142,0.022255406,0.02141531,0.020517882,0.01972378,0.018872071,0.018139252,0.017602278,0.016998455,0.01629928,0.015680008,0.015044786,0.014162524,0.013255745,0.012316533,0.0110649755,0.010029997,0.008856366,0.008007655,0.007276549,0.0066269813,0.0059895786,0.0055409702,0.0053467294,0.005103055,0.00508907,0.0051363506,0.00522809,0.0052161803
LateralPinch,0,49,2,0.7527781,0.7420706,0.73529524,0.7258215,0.7240191,0.7177789,0.7150432,0.7116946,0.71055055,0.71175176,0.71760404,0.71692944,0.7180302,0.72193754,0.7234564,0.72722936,0.73079956,0.72560555,0.726656,0.7216554,0.71991867,0.7017117,0.7033079,0.69370294,0.68068355,0.6664375,0.6583955,0.6424484,0.62968403,0.6167781,0.60537577,0.59293246,0.5819999,0.5691367,0.56249666,0.55221075,0.5439004,0.5360402,0.525743,0.5195689,0.5099955,0.5017688,0.4912933,0.47881725,0.4674699,0.45140398,0.43337068,0.41730306,0.39388984,0.37131333,0.3481925,0.32455975,0.2969024,0.27050602,0.2417578,0.21516404,0.18798053,0.15935667,0.13345942,0.104237586,0.0813004,0.056535713,0.033817478,0.019453296,0.030181997,0.05365213,0.076615766,0.09943875,0.12311966,0.14485377,0.16814794,0.19079798,0.21451546,0.23729438,0.26042172,0.28115344,0.30564928,0.32700676,0.35210803,0.37599957,0.39928737,0.42095762,0.44901,0.47115088,0.49311337,0.5118239,0.5300887,0.54894984,0.5662604,0.5810669,0.5938227,0.60651463,0.61387265,0.6235022,0.62803745,0.63557756,0.639314,0.6477066,0.6510104,0.65988207,0.0026298382,0.00267906,0.002726749,0.002685776,0.0028323424,0.0028336118,0.0028620567,0.0030591723,0.0031167266,0.0031205392,0.0032937669,0.0034562605,0.0036271526,0.0037123575,0.0038493646,0.004117838,0.0043706205,0.0044896286,0.0048821536,0.0050323675,0.005370567,0.005595258,0.0058805547,0.0060442705,0.0063674944,0.0065749036,0.0067581916,0.006894159,0.007068954,0.0072128247,0.0074189985,0.007556492,0.00784743,0.008192736,0.008462323,0.008884172,0.009342927,0.009910462,0.010472962,0.011024554,0.011634605,0.012437027,0.013154765,0.013916235,0.014718788,0.01545537,0.016207056,0.017010773,0.017821023,0.018643407,0.019407753,0.020167079,0.020821493,0.02148049,0.021869782,0.022276817,0.022486992,0.022722477,0.02276833,0.022988984,0.022997227,0.023209572,0.02334332,0.023709869,0.023918439,0.024048619,0.024275422,0.0243321,0.024312828,0.024022507,0.023596322,0.022916699,0.022172797,0.021392787,0.020459354,0.01972676,0.018868404,0.018204398,0.017615212,0.01704878,0.016391672,0.015741376,0.015099725,0.014226819,0.013327392,0.0123841865,0.01124672,0.010153639,0.008988299,0.008074959,0.0073379586,0.006711125,0.006095626,0.0056234114,0.005427262,0.0052302415,0.00514524,0.0051684943,0.0052585895,0.005269557
LateralPinch,0,50,2,0.75312406,0.742098,0.7350237,0.72577834,0.7229158,0.71897244,0.7135434,0.7134011,0.7101237,0.71066004,0.71437114,0.7198318,0.71798295,0.72286165,0.7229368,0.7281802,0.7302063,0.72657466,0.7272566,0.7229466,0.7193681,0.7037748,0.70396924,0.69392514,0.6795964,0.6665815,0.6590584,0.6408367,0.6302445,0.61627185,0.6050638,0.5915313,0.5818665,0.571488,0.56163824,0.548109,0.54641205,0.535346,0.5248783,0.51710504,0.51001185,0.5012226,0.4893454,0.47970167,0.4650374,0.44923118,0.43183076,0.4157539,0.39285147,0.3714477,0.34671786,0.3229639,0.29674104,0.26941848,0.24160486,0.21413569,0.18605208,0.15950982,0.13334468,0.103624545,0.08136772,0.05532962,0.032348283,0.02232478,0.03126692,0.053257562,0.076818466,0.10019457,0.123190105,0.14640173,0.16810419,0.19315104,0.21547884,0.23767206,0.26127106,0.28258097,0.30646235,0.32894874,0.35096413,0.37342516,0.3996903,0.4215436,0.44305557,0.46788284,0.48901674,0.50995594,0.53084147,0.5497596,0.565214,0.5815141,0.5931909,0.60696477,0.6122732,0.62455493,0.6290024,0.6367111,0.64092463,0.6472047,0.65148646,0.6577861,0.0026325292,0.002744874,0.0028001843,0.002789513,0.002838709,0.0029650154,0.0029828644,0.003091203,0.0032260867,0.0031626746,0.0032860683,0.0034674604,0.003595137,0.0038125345,0.003938494,0.004190413,0.0043976572,0.004643881,0.004882995,0.0051433817,0.0053601973,0.005647024,0.0059488155,0.0060628843,0.006392382,0.006586414,0.006753805,0.006776918,0.007127404,0.007143326,0.007388612,0.0075120777,0.0078073633,0.008200681,0.008393909,0.0088340575,0.009359858,0.009796815,0.010311747,0.010911487,0.011559718,0.012252565,0.012978555,0.013806025,0.01459048,0.015322218,0.01607551,0.016880276,0.017638342,0.018503867,0.019210279,0.019965837,0.020633353,0.021292105,0.021648725,0.022054845,0.022247568,0.022326682,0.022491878,0.022522794,0.022609001,0.022850085,0.022960106,0.023294274,0.023424273,0.023691932,0.02377805,0.023874229,0.023842037,0.023611398,0.023108836,0.022515777,0.021804705,0.02099275,0.020094387,0.019328235,0.018592631,0.017849026,0.017305749,0.016824957,0.016129334,0.015432271,0.014774823,0.013925303,0.012956544,0.012186445,0.01096154,0.009956198,0.008806524,0.007919318,0.0071120514,0.006531484,0.0059106285,0.0055427724,0.005288755,0.0052005653,0.005034679,0.005120133,0.0051558986,0.0052617188
LateralPinch,0,51,2,0.7528551,0.74140316,0.7343396,0.7257495,0.7231311,0.7195326,0.7140534,0.7136198,0.7124574,0.7124024,0.71424776,0.71844035,0.71872795,0.72150683,0.72340983,0.72678906,0.72944856,0.72646093,0.7266795,0.71993417,0.72076124,0.7131286,0.70165443,0.69255984,0.6795565,0.6690465,0.6564949,0.6426831,0.6304543,0.6168515,0.6034158,0.5918813,0.5803018,0.5708516,0.5629789,0.549029,0.54498863,0.5346055,0.527667,0.5189354,0.5101219,0.5014253,0.4893469,0.4795488,0.4669448,0.44935474,0.43503365,0.41474226,0.39602762,0.3717654,0.3473514,0.32335117,0.29639593,0.27090833,0.24251023,0.21538912,0.18725891,0.15995747,0.13208537,0.10482435,0.08071892,0.056188732,0.034167822,0.02036522,0.031394515,0.053310618,0.07628412,0.09990378,0.122244984,0.14665349,0.16801322,0.19132027,0.21377838,0.23865415,0.26075834,0.28240758,0.3052359,0.32839054,0.35104936,0.37493792,0.39784348,0.4233177,0.44786114,0.46886092,0.4907822,0.5116377,0.52892184,0.5474524,0.562361,0.58047825,0.5918788,0.60642314,0.6119835,0.6243677,0.6285614,0.63647187,0.6387715,0.6479411,0.65069324,0.6598216,0.002682253,0.002805338,0.0027987782,0.0027234016,0.0028558227,0.0029614142,0.0029416527,0.003058952,0.003206093,0.0032182976,0.0033280556,0.0033857885,0.0036432466,0.003717373,0.003912223,0.004095135,0.0043732324,0.0045623668,0.004838555,0.0051125768,0.00535812,0.0056058476,0.0058526844,0.006000214,0.006287787,0.0065254075,0.006694829,0.0067629414,0.006963544,0.0070778118,0.007299358,0.0074014994,0.0077399714,0.008092847,0.008336111,0.008731875,0.009243609,0.009689268,0.01027653,0.010934258,0.011497504,0.012244465,0.0129223,0.013712321,0.014539287,0.015289789,0.016052615,0.016797105,0.017625475,0.01844287,0.019281434,0.020037731,0.020756688,0.021399196,0.021734286,0.022130469,0.02242275,0.022576882,0.022652784,0.022799935,0.022980291,0.023074925,0.02337378,0.023741398,0.023812735,0.024061881,0.024293268,0.024217404,0.024155976,0.023971222,0.023490641,0.022760933,0.022018014,0.02126366,0.020329187,0.019495208,0.018669343,0.01787787,0.017345548,0.016713414,0.01604209,0.015302338,0.014652668,0.013745366,0.0128217675,0.01193215,0.010745352,0.009670284,0.008566475,0.007723571,0.0069851144,0.006433869,0.0058007585,0.0053871125,0.005160647,0.0050285626,0.005034727,0.0050910576,0.005197449,0.0052029327
LateralPinch,0,52,2,0.7536327,0.74182177,0.7343936,0.7254629,0.72282237,0.7192172,0.7140981,0.7119426,0.7125435,0.7118461,0.7136981,0.71894187,0.7182643,0.72259665,0.7213486,0.72687644,0.7305751,0.7270543,0.7285711,0.720611,0.7215907,0.70710325,0.70154405,0.6932429,0.68026376,0.667456,0.65751284,0.64183646,0.63041097,0.6176176,0.6073899,0.5920337,0.5817313,0.57223445,0.5625193,0.5492978,0.5454574,0.5323884,0.5265714,0.51995176,0.510291,0.50263506,0.48871067,0.48046026,0.46615466,0.4508546,0.43335715,0.41736582,0.3947312,0.3721853,0.34896687,0.32305172,0.29644373,0.2697639,0.24179572,0.21415208,0.18622927,0.15742612,0.13158062,0.10345836,0.07784377,0.05381057,0.032096412,0.020391004,0.033663176,0.05466364,0.077262565,0.10041348,0.12278387,0.14671463,0.16913462,0.19180693,0.21382153,0.23686928,0.2591085,0.2812162,0.30505174,0.32675672,0.35048857,0.37300718,0.39820367,0.4205642,0.44699273,0.46866363,0.49060082,0.5105873,0.5281265,0.5474615,0.5641447,0.5800267,0.5922369,0.60333323,0.61178434,0.6230155,0.6292061,0.636418,0.639932,0.6439713,0.6517348,0.65935045,0.002619974,0.002664658,0.002628217,0.0027211339,0.0027913928,0.0028567493,0.0029871897,0.003075877,0.003151923,0.003131844,0.0032807244,0.0034527755,0.003602928,0.0037296047,0.0038850806,0.004125345,0.0043568104,0.0046422253,0.004897594,0.0051573175,0.0054695676,0.005670189,0.0058858297,0.0061257393,0.006461112,0.0067024664,0.00688349,0.006959535,0.007149238,0.0073191654,0.0075389887,0.0076325512,0.00786234,0.008201397,0.0084979385,0.008825736,0.0092416555,0.009698663,0.010289032,0.01089889,0.011510128,0.012306712,0.01286099,0.013667362,0.014454942,0.015195549,0.015947824,0.016715797,0.017517425,0.018294685,0.019005673,0.019857895,0.020504905,0.021215672,0.02159709,0.022093367,0.02232262,0.022503879,0.02265766,0.022804309,0.0228318,0.023094183,0.023249933,0.023659294,0.023782324,0.024020795,0.024219474,0.024202459,0.02415709,0.023937564,0.023422543,0.02275845,0.02201438,0.021166276,0.02029121,0.019411966,0.018585011,0.017842617,0.017264187,0.016699132,0.01607432,0.015358471,0.014656267,0.013830085,0.012805377,0.011726904,0.010602876,0.009571781,0.008479533,0.007531793,0.0068803686,0.0061972607,0.0056092064,0.00518779,0.0050095143,0.0048481277,0.0048467983,0.0049262913,0.005051157,0.0050450605
LateralPinch,0,53,2,0.7539848,0.741677,0.7338341,0.72481644,0.7244101,0.71706027,0.71376103,0.71265656,0.7132084,0.7110268,0.7192628,0.7212241,0.717083,0.7220487,0.72353387,0.7288317,0.7298361,0.72608906,0.7299434,0.72041714,0.7204148,0.7076572,0.7022064,0.69499856,0.680421,0.66594553,0.6584308,0.6406677,0.6299653,0.61807716,0.6063241,0.59403336,0.58161974,0.57086754,0.56251615,0.5525181,0.5443129,0.5353179,0.5266919,0.51973844,0.5114555,0.5014458,0.48919502,0.47976992,0.4675558,0.45090947,0.4335431,0.41767517,0.39392212,0.37230316,0.34864768,0.32330024,0.2972805,0.27024594,0.24168272,0.21410102,0.18574256,0.1584603,0.1323939,0.10246475,0.07860305,0.05343369,0.03269225,0.020242082,0.032047536,0.053877983,0.07766833,0.100984484,0.12275902,0.14613904,0.16864258,0.19246416,0.21356961,0.23770297,0.26011857,0.28238177,0.305093,0.32716244,0.34965354,0.37376612,0.39819098,0.42216137,0.4472693,0.46833485,0.49079105,0.509355,0.52892476,0.54855466,0.56463724,0.5801754,0.5929254,0.6049278,0.6119386,0.62239987,0.62851816,0.6359802,0.64103097,0.64449394,0.6500155,0.6579493,0.0025839647,0.0027080786,0.0027755965,0.0026761906,0.00283904,0.0028439474,0.0029570414,0.0029989183,0.0030753624,0.0031700481,0.0033110993,0.0034393878,0.0035469083,0.00368896,0.0039354046,0.0041796477,0.0043756384,0.0045847306,0.0049628564,0.005127163,0.0054410696,0.0056574238,0.00589064,0.0061677066,0.0063647567,0.0065249107,0.006708631,0.0068307323,0.0070273904,0.0071261325,0.0073207268,0.0074460143,0.007645446,0.008039664,0.008270897,0.008712686,0.009139838,0.009575551,0.010055787,0.0107111465,0.011290153,0.0119046215,0.012631507,0.013459849,0.014184464,0.014904579,0.015599774,0.016337775,0.017188245,0.017996307,0.01863107,0.019431071,0.020127557,0.020804163,0.021187762,0.021661041,0.021905897,0.022071159,0.022164363,0.022433959,0.022495167,0.02272173,0.022866307,0.023209212,0.023500914,0.023679374,0.02385234,0.023792861,0.023811126,0.023595672,0.02319013,0.022429615,0.021668555,0.020929908,0.019998057,0.01919602,0.018378576,0.01758672,0.017095402,0.016437912,0.015755272,0.015089809,0.014364346,0.013570128,0.012659372,0.011681593,0.010634595,0.0095370775,0.008381319,0.0075254426,0.0068083033,0.0060848696,0.005538062,0.0050794366,0.0048311045,0.004740916,0.004761186,0.0048523727,0.0049049784,0.004965518
LateralPinch,0,54,2,0.75318325,0.74292046,0.7353193,0.72647667,0.7239308,0.71872914,0.71380633,0.7122212,0.7110741,0.71194863,0.7158663,0.7160092,0.7188785,0.72151846,0.7233485,0.72637737,0.73022294,0.7257891,0.7263819,0.7217951,0.7210426,0.7148228,0.70372176,0.6937203,0.67916137,0.6675845,0.6581204,0.64013594,0.63053536,0.6183093,0.604617,0.5940487,0.5829152,0.5727288,0.5609171,0.5515548,0.548898,0.53480357,0.5278175,0.5203094,0.5105457,0.5007047,0.49081463,0.4784134,0.46710718,0.45123547,0.4332788,0.4165744,0.39390394,0.3728782,0.34699428,0.3229929,0.2958421,0.26927465,0.24126877,0.21407029,0.18510379,0.15856251,0.13125789,0.103534825,0.0782505,0.055267878,0.031658977,0.02155722,0.032185268,0.055065244,0.07801004,0.0994315,0.12376346,0.14403404,0.16814934,0.1891184,0.2137592,0.2368486,0.25807667,0.28160965,0.30386153,0.32604018,0.3490109,0.37365377,0.39806107,0.41965505,0.4465604,0.46899775,0.49132755,0.5099338,0.52992946,0.5474004,0.5652434,0.580454,0.5921954,0.6045381,0.6123852,0.6229802,0.6301725,0.63629186,0.64039576,0.6459574,0.65225965,0.65898365,0.0026537674,0.0027334094,0.0027185597,0.0026993607,0.002723625,0.0027678383,0.002944427,0.0029899473,0.0030447396,0.003165401,0.0033144674,0.0033775857,0.0035781872,0.0037214353,0.0038906778,0.0040480387,0.0043445234,0.0045647663,0.0048546223,0.005068779,0.0052934266,0.005514133,0.005823366,0.0059775296,0.00631231,0.0064858464,0.0066599636,0.006778219,0.0070083574,0.007104565,0.0072633903,0.00750058,0.007728434,0.007960261,0.008256451,0.00867514,0.009189921,0.009654634,0.010194678,0.010865489,0.011456492,0.012120092,0.012864058,0.013651819,0.014467445,0.015261937,0.016042579,0.016786288,0.017538765,0.018354949,0.019080307,0.019852947,0.020581782,0.021287369,0.021657558,0.022085862,0.02239863,0.022596182,0.022716207,0.022881288,0.022911878,0.023069507,0.02331219,0.023625454,0.023801012,0.023926346,0.024117956,0.02409598,0.023971004,0.023817416,0.023381772,0.02267223,0.021876156,0.021087099,0.020113626,0.019278895,0.018479351,0.017682785,0.017167225,0.016448367,0.015802516,0.015035707,0.014377281,0.013523389,0.01261741,0.011770051,0.010533373,0.009463451,0.008366894,0.00746726,0.0067105256,0.0060454984,0.0055560134,0.005081954,0.0049192486,0.004737259,0.004744577,0.004857866,0.0049094856,0.0049933265
LateralPinch,0,55,2,0.7529654,0.7423776,0.7345853,0.726057,0.72513306,0.7204688,0.71698296,0.7121773,0.7117138,0.7115971,0.7150872,0.7188347,0.7190898,0.7212757,0.723711,0.72873306,0.7307778,0.7265793,0.7278574,0.71945006,0.7201122,0.704171,0.70404243,0.692315,0.6829167,0.66944814,0.66017437,0.6435149,0.63164455,0.6164101,0.60838926,0.59429073,0.5817505,0.57236785,0.5605505,0.5508371,0.54581314,0.53510785,0.52835375,0.5208627,0.5110189,0.50141275,0.49058956,0.48182833,0.46747607,0.4515182,0.43493587,0.41878083,0.39396226,0.37353235,0.34640184,0.32469946,0.29733938,0.26989645,0.24112591,0.21389185,0.18599042,0.15847287,0.130453,0.10207308,0.079086915,0.053106405,0.031361096,0.019872379,0.032775395,0.056377683,0.0776926,0.101689726,0.125076,0.1451104,0.16841404,0.19278274,0.21362047,0.2369624,0.26012525,0.2819074,0.30387425,0.3273884,0.34916314,0.37419033,0.39698642,0.41958553,0.448602,0.4681292,0.48967394,0.5104385,0.5274771,0.5507305,0.5649017,0.58163524,0.5926314,0.60728997,0.612891,0.6237854,0.629392,0.6368669,0.6385985,0.64545083,0.6519985,0.65829885,0.0025835037,0.0026661998,0.0026831808,0.002736745,0.0027319072,0.0028331582,0.002859477,0.0029499158,0.0030164914,0.0031703417,0.00327032,0.0033755342,0.0035283766,0.0037131733,0.0038870252,0.004124057,0.004399021,0.004542003,0.004833169,0.0050406866,0.0053145294,0.0055467067,0.0058532525,0.0060924287,0.0063349903,0.0064961277,0.0066534444,0.0067839525,0.0069912616,0.0070816535,0.007289341,0.007410487,0.007705567,0.00793168,0.008276924,0.008689446,0.009178665,0.009685659,0.010191558,0.010849865,0.011420304,0.0121615995,0.012825685,0.013682777,0.014441823,0.015200473,0.015994232,0.016805787,0.017506698,0.018249538,0.01899307,0.019805748,0.020581478,0.021227142,0.021562187,0.021978738,0.022222789,0.02242141,0.022568064,0.022793991,0.02284238,0.023106135,0.023129122,0.023478264,0.023658099,0.023901483,0.024144853,0.024181958,0.024117475,0.023884676,0.02331275,0.022714013,0.022028858,0.0212482,0.020266049,0.019410621,0.018663589,0.017879501,0.01727869,0.01670751,0.015940143,0.01522229,0.01456017,0.0137853995,0.01278464,0.011878864,0.010689573,0.009723312,0.008562465,0.0076713944,0.006883228,0.00629353,0.005691562,0.005203001,0.0049779504,0.0048048114,0.004811558,0.0048665567,0.0049671293,0.005025539
LateralPinch,0,56,2,0.7530553,0.74209374,0.7351342,0.7256678,0.7238719,0.7192471,0.71277726,0.7136291,0.7129358,0.71354496,0.7140204,0.71884143,0.7197792,0.72285354,0.72502005,0.7275971,0.7295139,0.7266361,0.7275517,0.7216983,0.72294706,0.7027241,0.70259,0.6937833,0.6808701,0.667357,0.6578399,0.6426349,0.6310419,0.6175301,0.60632706,0.5925883,0.58309275,0.57055926,0.5627777,0.5513654,0.54655033,0.5364464,0.5260078,0.52007586,0.5104912,0.50112027,0.49063036,0.48206332,0.46798828,0.4511424,0.43453938,0.4175534,0.39521873,0.3740321,0.34868163,0.32431757,0.29721087,0.2712851,0.24141699,0.2146462,0.18518434,0.15913463,0.13183925,0.10377364,0.078845374,0.054962527,0.030716175,0.017921245,0.03145504,0.05476029,0.07749926,0.1012041,0.12440106,0.14636533,0.16994658,0.19286038,0.21419859,0.23764016,0.2601688,0.2828041,0.3058056,0.327696,0.34979287,0.37388647,0.4000185,0.41972357,0.4457673,0.4678983,0.4907073,0.5112251,0.531368,0.54679865,0.5653376,0.5807926,0.5925889,0.6058155,0.6134618,0.6243893,0.62925655,0.63652456,0.64085394,0.6469142,0.65085703,0.65981054,0.0027146772,0.0027222517,0.0027586515,0.0027364986,0.0028893363,0.0028708645,0.0029003483,0.0030351412,0.0031415946,0.0032136727,0.0033230232,0.0034161394,0.0036334537,0.003760567,0.0039747967,0.004153746,0.004443324,0.004628397,0.0048774425,0.0050779684,0.0054137013,0.005541304,0.0058002896,0.0060946336,0.0063492395,0.00652273,0.006784535,0.0068661356,0.0070881983,0.0071264147,0.007420888,0.0074999947,0.007833222,0.008109559,0.008374727,0.008841662,0.009296718,0.0096542565,0.010176222,0.010809685,0.011424469,0.012126818,0.012928834,0.013731632,0.014457172,0.015320275,0.016063439,0.016885132,0.017659131,0.018486863,0.019163853,0.019976156,0.020717917,0.021388581,0.0217822,0.022235427,0.022458777,0.022728743,0.022765499,0.023018256,0.02315695,0.023257053,0.023409087,0.023887612,0.023974782,0.0242861,0.024466656,0.02442817,0.024359245,0.02424075,0.023772761,0.023106188,0.022314148,0.02148206,0.020476693,0.01956593,0.018777324,0.01798895,0.017408254,0.016802313,0.01607119,0.015384938,0.0146979205,0.01372415,0.012859279,0.01190446,0.010786792,0.009627729,0.008526357,0.0077154506,0.006882924,0.0062783128,0.005796953,0.0052474695,0.0050288877,0.004921263,0.0048907553,0.004967977,0.005110534,0.0051542176
LateralPinch,0,57,2,0.7536942,0.7424671,0.73462486,0.7260516,0.72347474,0.71905404,0.71291745,0.71221787,0.7115084,0.71102977,0.7149262,0.7210527,0.71720135,0.72228146,0.723363,0.7275799,0.7306628,0.72773284,0.72920865,0.7202593,0.7195158,0.71641815,0.70416105,0.695111,0.6802268,0.6697074,0.65875477,0.64364475,0.6305663,0.6178938,0.6049499,0.5927745,0.58207315,0.57436347,0.5616008,0.5539436,0.54841053,0.5348668,0.527207,0.52007717,0.51204854,0.50258523,0.49155948,0.48074898,0.46820676,0.45061368,0.43392965,0.41733083,0.39799556,0.3734184,0.34791648,0.3249681,0.2983133,0.27032104,0.24247761,0.21439497,0.18595207,0.15923262,0.13164401,0.10259848,0.07985288,0.052952558,0.0296097,0.019744586,0.03185177,0.054972976,0.07920603,0.10154936,0.1241719,0.14783853,0.16911185,0.19226149,0.2158012,0.23880503,0.26142862,0.2830387,0.30550674,0.32758087,0.35065413,0.37330472,0.398775,0.42120704,0.44661868,0.46903193,0.48973066,0.5108221,0.5292536,0.54882354,0.5633004,0.5802304,0.59194547,0.60422856,0.6108982,0.62457454,0.62944794,0.6357079,0.64181054,0.6466903,0.6534899,0.6606207,0.002628114,0.0026089288,0.0026065928,0.0026947958,0.002730183,0.0028468713,0.0028754883,0.003019597,0.0030693721,0.0031349384,0.0032426899,0.003434743,0.0035167125,0.0037111815,0.003923832,0.004201891,0.004459062,0.0047120494,0.0049493155,0.005054518,0.0053850813,0.0056557283,0.0058561484,0.0060970155,0.0063648494,0.006538357,0.006727866,0.006820867,0.007036155,0.0071572484,0.007373579,0.0074549676,0.007825812,0.008119344,0.008325446,0.008847819,0.009283095,0.009679718,0.010219457,0.010836224,0.011415128,0.0122247,0.012995838,0.013627507,0.014441333,0.015232976,0.016016753,0.01673922,0.01758868,0.018333538,0.019055976,0.019873748,0.020630945,0.021261238,0.021667264,0.022024462,0.022305036,0.022554547,0.022711216,0.022906667,0.022979056,0.023147965,0.023386357,0.023736488,0.023932455,0.024136635,0.024391409,0.02445261,0.024360785,0.024135921,0.023676138,0.022977088,0.022244396,0.021438336,0.020507915,0.019601794,0.018805781,0.018038163,0.017438598,0.016859548,0.016198732,0.0155700985,0.014895563,0.01399538,0.0130212195,0.011997419,0.0108660115,0.009699599,0.008467415,0.0075374227,0.006898037,0.006214548,0.0056440635,0.0051360275,0.0049292953,0.0048234635,0.004884321,0.0049127648,0.0050123646,0.0050869724
LateralPinch,0,58,2,0.7533737,0.7416927,0.73444027,0.7260354,0.72463036,0.7181584,0.7142486,0.71283054,0.71170545,0.7100677,0.7183122,0.716383,0.7178906,0.7221292,0.7241318,0.7272006,0.7316193,0.7262544,0.7277569,0.72047055,0.72168785,0.7058389,0.7044754,0.69110876,0.68294245,0.66728246,0.6595429,0.64444774,0.63196594,0.6182011,0.6053235,0.5935228,0.58549964,0.5707901,0.5629169,0.55196047,0.54718435,0.5365683,0.5260833,0.5211836,0.51312,0.5028214,0.49108323,0.48124307,0.46702662,0.45115802,0.4369218,0.41598067,0.39465356,0.37439045,0.348095,0.32459033,0.29707363,0.2707793,0.24257022,0.21524262,0.18627352,0.15866047,0.1319641,0.10276145,0.07875617,0.05245962,0.02996739,0.017273286,0.03187599,0.055077586,0.07844347,0.10128619,0.12522188,0.14665839,0.17026453,0.19283378,0.21570869,0.23842227,0.26105738,0.28282106,0.30548212,0.32754484,0.35056174,0.3727803,0.39864513,0.4198144,0.44535744,0.46896538,0.48878756,0.51001674,0.52939737,0.54976326,0.56497705,0.58134794,0.5935619,0.60673624,0.6145747,0.62457824,0.6303678,0.6375992,0.6426282,0.6450748,0.6509242,0.65954554,0.0026522877,0.0027649256,0.0027785471,0.002801072,0.0028657732,0.0028608541,0.0030122201,0.0030360732,0.003179698,0.0031746943,0.0033979062,0.0034237949,0.0036173917,0.0038063808,0.0040108757,0.004230263,0.00449953,0.004697646,0.0049502747,0.0052446523,0.005521539,0.005703995,0.005980521,0.006166025,0.0064006043,0.006585396,0.0068573826,0.006880883,0.007120431,0.007227518,0.0074451887,0.0075919474,0.007871378,0.008135553,0.008339109,0.008773632,0.00925635,0.009626738,0.010114939,0.010895369,0.011474895,0.012187914,0.01292751,0.013635014,0.014375413,0.015127722,0.01596014,0.016630823,0.017405326,0.018244244,0.01890723,0.019656178,0.020404935,0.021068377,0.021428369,0.021952795,0.022124078,0.022300085,0.022514742,0.022655576,0.022747925,0.023027003,0.023256391,0.023621548,0.023803452,0.024041327,0.024271058,0.024320446,0.024304416,0.024070513,0.023584034,0.023020182,0.0222293,0.021477532,0.020516187,0.019646171,0.018869493,0.018062353,0.017492902,0.016880384,0.016225582,0.015392528,0.014687315,0.013928404,0.012935977,0.011967186,0.010857757,0.009793731,0.0086821215,0.0077670454,0.0070342645,0.0064638644,0.0058206297,0.005425335,0.005114486,0.004947975,0.004964036,0.0050446275,0.0051492937,0.005179449
LateralPinch,0,59,2,0.7552225,0.7422626,0.7366446,0.7263364,0.72369933,0.7186564,0.7147973,0.71264786,0.71214414,0.7119383,0.717273,0.71752024,0.7174053,0.7227219,0.7215832,0.72697735,0.72987604,0.7267386,0.7296356,0.7211592,0.71999484,0.71512645,0.703596,0.69379824,0.68152285,0.6661723,0.65906245,0.6399537,0.6316242,0.6175501,0.6072787,0.593051,0.5834446,0.57048815,0.5619626,0.5543272,0.5449429,0.53730893,0.5286845,0.51942027,0.51093715,0.50155723,0.4901175,0.48052615,0.46722376,0.4514507,0.43391538,0.41616514,0.3945569,0.37015882,0.34926838,0.32350415,0.29673874,0.26949224,0.24139194,0.21437077,0.18640575,0.15892577,0.13277707,0.10384263,0.08173394,0.05274642,0.03325458,0.019513723,0.03108512,0.05381677,0.077512704,0.10008812,0.123865634,0.14551723,0.16863073,0.19381386,0.2141251,0.23836969,0.26084882,0.2823357,0.30456734,0.32756075,0.35127822,0.37422615,0.39878613,0.4221423,0.4449329,0.4696455,0.49035004,0.5116355,0.5300813,0.54784554,0.56485635,0.58011407,0.59199303,0.60396737,0.612104,0.6238122,0.6297509,0.63515216,0.64269537,0.64517426,0.65264887,0.6580286,0.0025681187,0.0026397312,0.0026737896,0.0027621912,0.002782472,0.0028321936,0.0029332575,0.0030188144,0.0030667456,0.003204389,0.0032742522,0.0034684099,0.0035487218,0.0038068464,0.003975926,0.0042003007,0.0044658706,0.0047257217,0.0050016497,0.00523905,0.0053891125,0.00570781,0.005897153,0.0061724787,0.0064536887,0.0066081714,0.0067723473,0.006863332,0.00704652,0.0072195423,0.0074375435,0.0075908075,0.00783678,0.008137429,0.008360428,0.00888653,0.009252731,0.009914831,0.010287515,0.011036273,0.011715462,0.012369182,0.013005125,0.013873264,0.014575688,0.015434006,0.016099231,0.016896002,0.01762426,0.018485684,0.019186912,0.019902714,0.020582696,0.02121923,0.021678496,0.022092937,0.02244072,0.022671446,0.022710877,0.022980243,0.02302116,0.02332035,0.02353412,0.023891877,0.024084,0.024408763,0.02460689,0.024616586,0.024600668,0.024316002,0.023954578,0.023228751,0.022466393,0.021502815,0.020507006,0.019513078,0.018672891,0.017955946,0.01747854,0.016888378,0.016090846,0.015379795,0.014722553,0.013810939,0.012798417,0.011945486,0.010761549,0.0096526565,0.008507252,0.007610522,0.0069079795,0.0062674307,0.005659238,0.0051741386,0.0049570687,0.0048357174,0.0047679585,0.004882875,0.004987629,0.005038985
Wrap,0,0,3,0.7529206,0.7413495,0.7359892,0.7266074,0.7235754,0.7186124,0.71129227,0.70904225,0.7087741,0.70812476,0.712358,0.71348476,0.71269697,0.7159307,0.71585256,0.7203303,0.72173256,0.7172342,0.7158083,0.7092161,0.70820343,0.6990141,0.6881405,0.6760232,0.6656323,0.65233487,0.6406577,0.623607,0.61243564,0.5998733,0.58796716,0.5753998,0.56257415,0.55135876,0.5393739,0.53091323,0.52354884,0.5117862,0.5034457,0.4958664,0.4876578,0.47662038,0.46690184,0.4563871,0.44384602,0.42705014,0.41265613,0.3943346,0.37651694,0.35174102,0.3311773,0.3087699,0.2835029,0.25884348,0.2331185,0.20692725,0.18224402,0.15744996,0.13151203,0.10694578,0.084493525,0.06456918,0.049631674,0.04091095,0.047318026,0.06305399,0.0827327,0.101385936,0.123827,0.1444925,0.16641574,0.18620646,0.21034116,0.23194566,0.25460914,0.27799666,0.30122083,0.32464072,0.34889895,0.3750825,0.3993363,0.42162615,0.4537443,0.47041082,0.49587387,0.51641357,0.53298527,0.55285627,0.5688858,0.58506525,0.59521663,0.6096952,0.6157486,0.6232365,0.6325223,0.6382871,0.6403866,0.64696634,0.65059215,0.6593297,0.0034431245,0.0034746313,0.0033870619,0.0034023777,0.00337979,0.0034355405,0.0033993786,0.0034988401,0.0035559542,0.0035905205,0.0036897045,0.0037801743,0.0038790575,0.0040243953,0.0042388113,0.0044664624,0.00471593,0.004942312,0.0054072645,0.005664152,0.00589805,0.006202339,0.0066390517,0.0069671613,0.0071798316,0.0075835036,0.007908706,0.008005034,0.008313382,0.008475653,0.008767377,0.009033877,0.009214387,0.00959168,0.010010176,0.010540617,0.011008881,0.011491904,0.012049804,0.0128178345,0.013588308,0.014290491,0.015059108,0.015927656,0.016687673,0.01748444,0.018316008,0.019084517,0.019992724,0.020785868,0.021740997,0.02250097,0.023286704,0.023956314,0.024433373,0.024973435,0.02531685,0.025511965,0.025690326,0.025989108,0.025960084,0.026160944,0.026231121,0.026629234,0.026764473,0.026965238,0.027147222,0.027199188,0.027113488,0.026754294,0.026170136,0.025481971,0.024484323,0.023566468,0.02239931,0.02140618,0.020324605,0.019300018,0.018508,0.017783144,0.016984576,0.016177207,0.015418522,0.014240284,0.013317669,0.012296998,0.011076623,0.009900449,0.008785475,0.007854614,0.00708611,0.006448941,0.0058791065,0.005485311,0.005158477,0.0050137695,0.0050688162,0.0051846225,0.005173325,0.0052014827
Wrap,0,1,3,0.7559264,0.74263847,0.7346181,0.72553444,0.72414696,0.7184309,0.71469414,0.7108194,0.71103424,0.7066892,0.7155559,0.71224684,0.7131257,0.7162053,0.7163285,0.7205178,0.7223604,0.7175926,0.71607566,0.70951474,0.70757747,0.69093025,0.6888777,0.67877626,0.66597676,0.651059,0.642655,0.6270357,0.6135479,0.600468,0.5895299,0.576185,0.56420887,0.551544,0.54303914,0.5314371,0.5258546,0.5154465,0.5044859,0.49876365,0.48741472,0.47858793,0.46709424,0.4573583,0.4447282,0.4295508,0.41130996,0.3967887,0.37398088,0.3549988,0.33037496,0.3088499,0.283726,0.25817817,0.23174606,0.20678018,0.18055733,0.15584692,0.13085245,0.104243405,0.08317381,0.06100871,0.0470926,0.039393757,0.045005843,0.061990794,0.08031687,0.10117812,0.12276726,0.14544304,0.1651886,0.18857181,0.21165143,0.23284438,0.25646982,0.27822807,0.3023245,0.32525453,0.35144204,0.37445924,0.40098006,0.4212992,0.453643,0.47368172,0.49414828,0.51698315,0.5373523,0.5555085,0.5717384,0.5860732,0.59731764,0.60887915,0.6160792,0.62719625,0.63177466,0.640318,0.64391696,0.6475046,0.6521916,0.66093326,0.003063445,0.003067441,0.0030774577,0.0030506188,0.0030455769,0.0030262,0.0030467815,0.003186857,0.0032899138,0.0032379867,0.0034111405,0.0034978385,0.003706216,0.0038444472,0.004143821,0.004422609,0.004572553,0.004843166,0.005189903,0.0054916777,0.0058209146,0.0060725207,0.006445035,0.006820661,0.0071978243,0.007554572,0.007799456,0.008017909,0.008209427,0.008445404,0.008688426,0.008906749,0.009269022,0.0097304275,0.010181003,0.01070416,0.01124359,0.011696941,0.012343926,0.013125845,0.013862049,0.01467381,0.015471344,0.016244613,0.017116416,0.017925864,0.018744038,0.019571438,0.020293906,0.021215979,0.021947576,0.022750398,0.02353144,0.024164157,0.024693126,0.025079163,0.025292475,0.02547383,0.02557228,0.02583215,0.026081018,0.026013816,0.02611954,0.026532674,0.026727647,0.026884718,0.027081959,0.027038207,0.026910251,0.026498443,0.025908383,0.025133504,0.02416477,0.02310833,0.022150217,0.021040862,0.020088958,0.019125558,0.018295268,0.017515933,0.01656664,0.015759816,0.01505564,0.014001551,0.012994318,0.01205028,0.010864866,0.0097113745,0.008590032,0.0076477434,0.00691999,0.006310621,0.00573933,0.005353069,0.005139968,0.0050907,0.0051045935,0.0052508386,0.005251063,0.005336742
Wrap,0,2,3,0.75308967,0.742919,0.73494893,0.7265459,0.72462595,0.7185724,0.7137237,0.71229655,0.71018803,0.7088654,0.7137019,0.71603775,0.7161258,0.7197477,0.71856904,0.72489905,0.7249812,0.72086173,0.7185581,0.7114072,0.7097131,0.70283496,0.6927504,0.6794374,0.66529566,0.6543347,0.6414653,0.6275277,0.61376184,0.601018,0.5908699,0.575194,0.56484354,0.5540177,0.54403204,0.5331399,0.5280089,0.5149112,0.5052954,0.49988863,0.48893985,0.4796391,0.46783537,0.4576916,0.44472307,0.42786255,0.41218674,0.395833,0.3745084,0.35479295,0.32991424,0.30832994,0.28391933,0.2586107,0.23196052,0.20586075,0.18008034,0.15367723,0.12919162,0.103420705,0.08163133,0.060271926,0.043155283,0.036689486,0.0445449,0.062195037,0.08183683,0.10228601,0.12539165,0.14527465,0.1676954,0.18909355,0.21139076,0.23392934,0.2556726,0.27771604,0.30209896,0.32440493,0.34876546,0.37523708,0.40063816,0.4219283,0.45142183,0.47526154,0.49529096,0.51613754,0.5363541,0.55590254,0.57155377,0.58749723,0.5986583,0.60996073,0.618684,0.62939274,0.6325529,0.6386735,0.6467165,0.6488386,0.6550743,0.66144556,0.0034270098,0.0034172218,0.0033611117,0.0033528558,0.003294741,0.0032783975,0.0032784797,0.0033394184,0.003367973,0.0034884342,0.0036336873,0.0036551622,0.0038259414,0.0039959,0.0041543087,0.004513629,0.004730404,0.00492563,0.0052251797,0.005548226,0.005936087,0.0062219,0.006500746,0.0068298373,0.007158621,0.0074229278,0.0076310346,0.007955495,0.008251806,0.008376743,0.008600553,0.008783264,0.009153376,0.00957123,0.010029079,0.010543751,0.011023211,0.01163433,0.012183341,0.012886424,0.013517493,0.014383871,0.015040476,0.015792502,0.016600486,0.017325249,0.018114438,0.01889701,0.019797377,0.020593109,0.021461938,0.022166265,0.022953061,0.023646183,0.023949435,0.02445764,0.024832336,0.025061788,0.02519578,0.02528268,0.02544156,0.025593078,0.025814278,0.026082914,0.026165536,0.026317026,0.02642595,0.026305946,0.026160287,0.025875458,0.02539396,0.024708346,0.02361322,0.022669207,0.021693613,0.020734651,0.019910766,0.018966636,0.018150866,0.017460667,0.016606113,0.01571894,0.014908901,0.013859053,0.012940336,0.012019476,0.010824898,0.009607843,0.00846366,0.007674865,0.006873893,0.006373741,0.0058991536,0.0054620956,0.005243445,0.00524741,0.0052324333,0.005310279,0.0054379418,0.00553842
Wrap,0,3,3,0.755106,0.74222213,0.735324,0.7263158,0.724247,0.7176028,0.7129227,0.7113227,0.7115576,0.7083111,0.713929,0.7173939,0.7147491,0.7185297,0.71851325,0.72068685,0.72356087,0.71880585,0.719271,0.71291405,0.7108852,0.7023396,0.69093347,0.67836875,0.668632,0.6527497,0.6445748,0.62990516,0.6169209,0.6030156,0.59010065,0.57659805,0.56552833,0.5520924,0.5465269,0.53695905,0.5275777,0.51763207,0.5097885,0.502067,0.4922595,0.48168886,0.47147992,0.4591244,0.44694674,0.42929852,0.4133706,0.39807814,0.37595552,0.35466614,0.33284542,0.30846524,0.28411028,0.25785223,0.23282069,0.20631348,0.18111816,0.15463991,0.12891003,0.10220933,0.08145191,0.058648944,0.043514267,0.03599348,0.042974483,0.060184967,0.08099499,0.10288081,0.123437546,0.14486015,0.16671582,0.18999465,0.2112856,0.23425788,0.2570932,0.27947322,0.30229017,0.32496226,0.35073486,0.37515077,0.40058878,0.42266402,0.45401448,0.4725755,0.4962987,0.51663953,0.5356287,0.5559471,0.57006454,0.5867147,0.596716,0.60761374,0.6160406,0.62713885,0.6334663,0.63812935,0.64564323,0.6475433,0.6541357,0.66060513,0.0033735721,0.0033736145,0.0033508458,0.003244109,0.0032935657,0.0032461563,0.00336852,0.003392926,0.0035004152,0.0034875197,0.0035643573,0.00365792,0.0038582215,0.0040388484,0.0042379485,0.0044898908,0.0047131707,0.004958658,0.005281552,0.0055688913,0.005871768,0.006116748,0.0065012155,0.0067645786,0.007123879,0.0073950323,0.007770686,0.007943683,0.00814566,0.008318951,0.008536432,0.008836495,0.009143829,0.009513576,0.009981656,0.010469351,0.010881103,0.011475342,0.012078306,0.012892657,0.013510099,0.01429868,0.015008195,0.015736453,0.016555792,0.017418586,0.01820527,0.019128835,0.019869387,0.020777611,0.021379853,0.022240844,0.022968449,0.023661792,0.024116134,0.024481889,0.02479207,0.024811937,0.024854232,0.024904942,0.02507484,0.025089543,0.025189588,0.02555245,0.02570242,0.02583848,0.025955027,0.025937231,0.02583866,0.025497641,0.025074663,0.024386015,0.023460161,0.022540517,0.021444282,0.02043049,0.019477692,0.018596563,0.017804379,0.017109305,0.016198494,0.015345069,0.01453507,0.013612725,0.012588188,0.011669132,0.01050146,0.009383175,0.008259428,0.007508827,0.0068694353,0.006306333,0.005822948,0.0054392954,0.0052677603,0.0052649863,0.0053913454,0.0055234176,0.005560358,0.0055526965
Wrap,0,4,3,0.75248075,0.7419056,0.7340613,0.7249566,0.72457665,0.71635896,0.713027,0.71098423,0.70847344,0.7083907,0.70931196,0.7134891,0.7140147,0.7154221,0.717263,0.72010887,0.72151786,0.71717846,0.717406,0.7099294,0.7096834,0.702548,0.6909407,0.67775506,0.6686303,0.65147215,0.64368135,0.6268599,0.61446875,0.60017824,0.58820647,0.57468575,0.5638994,0.550512,0.5445886,0.5317114,0.5249969,0.515637,0.5054227,0.49949577,0.48871768,0.47965485,0.46649534,0.4554175,0.44397083,0.42676526,0.41176668,0.39381436,0.37420428,0.3536556,0.33002916,0.304952,0.28309447,0.2580576,0.23151882,0.20616215,0.18047895,0.15526743,0.1294186,0.10503258,0.084144995,0.0633583,0.04765123,0.040866006,0.047300268,0.062052928,0.08375781,0.10206316,0.12517846,0.14518058,0.16736518,0.18932743,0.21181637,0.23597312,0.2568919,0.27962747,0.30329752,0.3256044,0.3499452,0.37566525,0.4013052,0.42295814,0.44989115,0.47259694,0.49334893,0.51390994,0.5348633,0.55261266,0.5687441,0.58508146,0.5955959,0.60783345,0.61382973,0.62628156,0.6315796,0.6384815,0.6432503,0.6461985,0.65277183,0.6611362,0.0034236214,0.0033905702,0.0033586575,0.0033110841,0.0033198085,0.0033002968,0.003330966,0.003440326,0.0034874945,0.0035014874,0.00362573,0.0037498078,0.0039555077,0.0040895618,0.0043183737,0.0045683137,0.0048314584,0.0050371187,0.0053016255,0.005612362,0.0060070306,0.006279024,0.006382882,0.0067145415,0.007121068,0.0073842686,0.0076418975,0.007842546,0.00816939,0.0082963575,0.008569875,0.008795966,0.009211409,0.009544235,0.009898667,0.010491998,0.0109495,0.011576637,0.012227896,0.012950674,0.013594985,0.014514722,0.015108778,0.016021015,0.01687494,0.01758704,0.018541886,0.019271083,0.020110235,0.02097996,0.02179229,0.022624047,0.023430655,0.024120813,0.024710625,0.025149196,0.025474912,0.025636667,0.02590163,0.0260002,0.026108624,0.026273735,0.026358064,0.026642848,0.026859345,0.027018584,0.0269331,0.026914734,0.026758377,0.026436936,0.02587213,0.025088053,0.024206975,0.023218056,0.022131683,0.021023575,0.020122636,0.019176459,0.018268002,0.017460996,0.016552385,0.015712699,0.014722256,0.013733653,0.012732563,0.01181239,0.010708396,0.009596096,0.008421872,0.0075935605,0.0068796608,0.0062931883,0.0058605005,0.005392525,0.005233502,0.0051570116,0.0051770555,0.0052724,0.005407896,0.005393936
Wrap,0,5,3,0.7529653,0.74266297,0.73538697,0.72553223,0.72284275,0.71730465,0.7115865,0.7128484,0.70918137,0.7106186,0.7132894,0.71315074,0.71476877,0.71840864,0.71970713,0.72078073,0.72314924,0.71917456,0.7179039,0.7138332,0.71049833,0.7036654,0.69124985,0.680901,0.6651968,0.6532512,0.64355654,0.6300854,0.61606777,0.60347354,0.591418,0.5775818,0.56634724,0.55531067,0.54709595,0.5349207,0.52693146,0.5165774,0.50931615,0.50119734,0.49078208,0.48126054,0.47022378,0.45831403,0.44600874,0.43011412,0.4127194,0.39515033,0.37656564,0.3550201,0.33078364,0.30914927,0.28222954,0.25724423,0.23146139,0.20605977,0.17943898,0.15519966,0.12966487,0.10220976,0.08207794,0.05938896,0.044949975,0.037704434,0.045104455,0.06334183,0.08181818,0.102719,0.12532412,0.14635538,0.16561858,0.19035213,0.21082525,0.23413277,0.25579262,0.27852455,0.30073026,0.32509774,0.34944943,0.37074336,0.3984028,0.4232945,0.45224053,0.47328803,0.494254,0.51519185,0.5373669,0.5529309,0.569854,0.58630544,0.5984107,0.6118018,0.6159114,0.62575173,0.63244617,0.63586515,0.6445451,0.6466762,0.6534671,0.6591329,0.003462241,0.0033969025,0.0033950275,0.003313948,0.003355146,0.0033976538,0.0034043507,0.0035999834,0.003580614,0.0036208043,0.003776053,0.0038791778,0.004036719,0.004215302,0.004463972,0.0046401583,0.0049215565,0.0050959806,0.0054707667,0.005734347,0.0060204314,0.0063846433,0.006599228,0.006993635,0.007322182,0.0075153727,0.007691021,0.007868949,0.008167462,0.008313789,0.008475835,0.008733474,0.009093086,0.009380086,0.009885947,0.0103263585,0.0108005125,0.011429685,0.012091646,0.012869183,0.013577403,0.014353682,0.015166319,0.015916161,0.016810203,0.017621156,0.018402848,0.019305838,0.02006044,0.020968331,0.021676552,0.022605265,0.023361307,0.024048185,0.02447861,0.025003145,0.02522578,0.02546465,0.02551602,0.025613705,0.02568943,0.025835352,0.02591408,0.026297063,0.02650181,0.026671084,0.026737882,0.026667347,0.026575554,0.026119037,0.025681008,0.024828164,0.02399241,0.02294518,0.021921251,0.020839106,0.01999536,0.019016108,0.018222764,0.017288238,0.016478803,0.0155949155,0.014758801,0.013824438,0.012701505,0.011742819,0.010594293,0.009377007,0.008308888,0.007429907,0.0067055067,0.006194435,0.0056799003,0.005268288,0.00510307,0.004967198,0.0049797646,0.0051652757,0.005206798,0.005292019
Wrap,0,6,3,0.7526374,0.7420027,0.7334758,0.7241539,0.7228961,0.7165714,0.7091701,0.7103838,0.7079643,0.7074365,0.7082478,0.71381503,0.712048,0.7164757,0.71535534,0.7186433,0.7209274,0.71735704,0.7171199,0.71138537,0.7090892,0.70103925,0.69050646,0.6780569,0.6683824,0.6522109,0.6419136,0.62613493,0.6156434,0.60173935,0.5905406,0.57726747,0.5654612,0.5543632,0.54399276,0.53104776,0.528017,0.51752776,0.5064597,0.49762183,0.49129543,0.48131883,0.46984988,0.4593807,0.44507876,0.42935452,0.41354173,0.39561018,0.37452883,0.35561925,0.33103418,0.30829078,0.2826189,0.25854388,0.23210028,0.20644008,0.18060677,0.1550644,0.1310826,0.1054064,0.084516235,0.06301026,0.046963044,0.04151564,0.045336325,0.062501356,0.08150839,0.101797335,0.12247179,0.1445396,0.16597007,0.1876803,0.21051699,0.23376486,0.25687003,0.27838787,0.30228895,0.3258103,0.35107252,0.37394348,0.39944062,0.4263267,0.45086923,0.47386685,0.49480256,0.51322025,0.5334782,0.5516394,0.56955445,0.5854465,0.597249,0.60854316,0.61795413,0.6266149,0.63097966,0.6381248,0.6422437,0.6472357,0.6517417,0.6584646,0.0033281725,0.0033453933,0.003345246,0.0033179913,0.0032892248,0.0033060384,0.0033661595,0.003451327,0.0034423291,0.0034864729,0.0035981778,0.0037333064,0.003902061,0.0040902197,0.0041681184,0.004516721,0.004697556,0.004933067,0.005277149,0.0056109875,0.0059447223,0.0062336507,0.0065755625,0.0068625165,0.007187765,0.0074189245,0.007615171,0.007953576,0.00820462,0.008293513,0.00853853,0.008738236,0.009069078,0.009409148,0.009843797,0.010340694,0.010821618,0.011388322,0.011961367,0.012729812,0.0135113485,0.014205796,0.014945059,0.015758982,0.016517993,0.017238036,0.018071812,0.018974597,0.019738277,0.0206709,0.02123078,0.022097306,0.022867981,0.023409333,0.024012828,0.024542108,0.024684275,0.024885254,0.025031174,0.02521084,0.025256613,0.025342401,0.025402745,0.025759052,0.02603822,0.026305798,0.026371635,0.026265752,0.026181143,0.025910491,0.025402002,0.024637077,0.023845725,0.022906132,0.021866556,0.020860303,0.019961411,0.019164246,0.018376533,0.017677134,0.016896663,0.016062338,0.015124535,0.014212646,0.0132119,0.01222353,0.01104653,0.009891693,0.008743509,0.0077855317,0.007028729,0.0064430656,0.0059546325,0.005470223,0.00522585,0.0051471596,0.0051103258,0.0052318927,0.0052906997,0.0052908286
Wrap,0,7,3,0.7532385,0.74260795,0.7338553,0.7244913,0.72269154,0.7177825,0.7110666,0.7097086,0.7077816,0.7080387,0.70860034,0.71399283,0.71088475,0.71496093,0.71528465,0.71732396,0.7203641,0.71594524,0.71701896,0.70682603,0.7080514,0.70140916,0.6892703,0.6785476,0.66671264,0.649152,0.63859737,0.62577826,0.6128131,0.6000407,0.58900154,0.5772499,0.5605715,0.5513665,0.54107434,0.52998775,0.5271918,0.51309913,0.5050315,0.4971596,0.48726177,0.47868225,0.46639472,0.4565957,0.44375253,0.42650497,0.41013527,0.39336306,0.37602353,0.3521264,0.32951137,0.30785313,0.28361458,0.25694668,0.23193492,0.20701061,0.18167678,0.15629153,0.13258433,0.1068804,0.0842529,0.06475773,0.04773266,0.042002082,0.047247183,0.06404745,0.0819824,0.10366218,0.12521933,0.14839049,0.16970317,0.19224055,0.21320967,0.23557788,0.2597332,0.28199828,0.30413803,0.32863587,0.35110727,0.3766665,0.39869672,0.42556208,0.45081845,0.47392285,0.493724,0.51629984,0.5352664,0.55268145,0.56842315,0.5842133,0.5960765,0.6072732,0.6153691,0.62495524,0.6297675,0.6358051,0.6414908,0.6463235,0.6523304,0.6590942,0.003381791,0.0034528568,0.003375959,0.0033378017,0.0033372894,0.0033909807,0.0034540044,0.003614479,0.0036337972,0.0036289913,0.0036783917,0.0038816235,0.00406466,0.0041809124,0.0044119083,0.004639381,0.004932781,0.0050376947,0.0053084204,0.0056294003,0.0059732934,0.006304377,0.006541764,0.006821517,0.007135868,0.007412364,0.0076528173,0.0079051545,0.008195007,0.008322133,0.008518115,0.008834322,0.0090438835,0.009477969,0.0098775895,0.010381094,0.010984629,0.011567111,0.012092761,0.012935765,0.013533519,0.014447262,0.015139645,0.015950242,0.016779874,0.017638931,0.018541854,0.019338114,0.02016849,0.021068204,0.021847684,0.02271932,0.02350565,0.024088172,0.024532765,0.024896475,0.025144637,0.025337111,0.02540424,0.025616447,0.025577817,0.025827512,0.025821755,0.025992563,0.026295474,0.026351212,0.026443193,0.026314504,0.026242243,0.025834845,0.025196122,0.024366697,0.023371104,0.022505246,0.021549404,0.020468092,0.019547783,0.018778365,0.017961795,0.017272769,0.016457431,0.015536353,0.014792983,0.013781426,0.012850942,0.011859986,0.010793204,0.009668138,0.008519567,0.0076353457,0.006845114,0.0062967795,0.0057714507,0.005296699,0.005075103,0.0050165243,0.004880194,0.0049975165,0.0050857565,0.0051471544
Wrap,0,8,3,0.75351036,0.7409288,0.73294824,0.7236859,0.7226609,0.71694857,0.7101587,0.7084879,0.7081256,0.70765114,0.71243316,0.7105774,0.7115851,0.7145558,0.7144764,0.71750784,0.71990305,0.71496654,0.7155566,0.70808005,0.7044334,0.6989126,0.6881962,0.67678803,0.6640967,0.649133,0.6415613,0.62359726,0.6119562,0.59790224,0.5875333,0.5758515,0.5643057,0.5495102,0.54076874,0.52873135,0.5263386,0.5124381,0.5055789,0.4954457,0.4869389,0.47730392,0.46525753,0.45575547,0.44267893,0.4263556,0.41006738,0.39356187,0.37483427,0.3514323,0.33096275,0.3075693,0.28276575,0.257008,0.23253694,0.20678772,0.18156241,0.15659198,0.13253391,0.106010355,0.08691086,0.065665014,0.04938395,0.043435056,0.04935613,0.0635919,0.08348599,0.10387178,0.12514408,0.146669,0.16659658,0.19147006,0.21218139,0.23481472,0.2571714,0.281185,0.30270436,0.32749304,0.35059774,0.3752127,0.40115413,0.42498365,0.45087796,0.47221366,0.49438757,0.5159163,0.52959293,0.55262935,0.568568,0.58441347,0.59488153,0.60822034,0.616918,0.6241068,0.6319783,0.63819325,0.6379515,0.6481374,0.65182406,0.6588199,0.0033955618,0.0034022992,0.0034667125,0.0034283781,0.003435316,0.0034081838,0.0034036548,0.003608226,0.003586106,0.003652885,0.0037632256,0.0038969698,0.003976507,0.0041620973,0.0043448913,0.004609298,0.0049531264,0.005126789,0.00533623,0.005613279,0.0059152385,0.0061863926,0.0064704292,0.006692737,0.0071231043,0.007342048,0.0075918874,0.0077949353,0.0081629185,0.008225329,0.008496708,0.008728919,0.009098015,0.009398769,0.009827735,0.010350202,0.0108767655,0.011411984,0.0119841,0.012765992,0.0134484,0.014279563,0.015099739,0.01591943,0.016741017,0.017443633,0.018333266,0.019127578,0.01994152,0.020754052,0.021576758,0.022350596,0.023041507,0.023691854,0.024116937,0.024417713,0.024700556,0.024916936,0.02499614,0.025157254,0.025231171,0.025329864,0.025507651,0.025747081,0.025892846,0.02609736,0.026202355,0.026108945,0.025999086,0.025638262,0.025097279,0.024278786,0.023424156,0.022501599,0.021446804,0.020436646,0.019528592,0.018758988,0.018018432,0.017319085,0.016620995,0.01571522,0.014932991,0.013977678,0.01299954,0.012056828,0.010825164,0.0098071145,0.008554278,0.007641611,0.006910655,0.0063585774,0.0057990844,0.005339176,0.0051357416,0.005029903,0.0049673268,0.0051293825,0.0051042293,0.005100911
Wrap,0,9,3,0.75241846,0.7422996,0.73340684,0.7251442,0.72278416,0.71624285,0.71011585,0.71151793,0.70772195,0.70785075,0.7121648,0.71180326,0.71267897,0.71391106,0.7145797,0.71898586,0.7197625,0.7161958,0.714656,0.708017,0.70706517,0.69905156,0.68914586,0.67681354,0.6651059,0.6489034,0.6406865,0.62622964,0.6119606,0.59904027,0.58597755,0.57405674,0.5624585,0.549887,0.5404509,0.5300593,0.52736115,0.5138549,0.50272644,0.49624372,0.48808303,0.47710195,0.46572062,0.4562496,0.44261464,0.42670283,0.41063172,0.39412108,0.37111878,0.3514029,0.33035225,0.30675986,0.28270015,0.2578552,0.23171626,0.20675278,0.1809219,0.15608442,0.13101651,0.10714729,0.087378025,0.06534964,0.051065847,0.042051878,0.0491796,0.06451213,0.08461218,0.10235609,0.12467276,0.14632685,0.16982935,0.19034156,0.21304208,0.23555805,0.2579039,0.2811626,0.30345872,0.32787088,0.35082293,0.37598562,0.3996476,0.42012683,0.44889125,0.47176698,0.4938987,0.516095,0.5333014,0.55301166,0.5683555,0.5836688,0.5953904,0.606738,0.616582,0.62623715,0.63012874,0.63642544,0.64035565,0.6462177,0.65065056,0.6592984,0.0033965912,0.0034262214,0.0034673128,0.0033853804,0.0034681368,0.0034237823,0.0033717395,0.003496722,0.003518945,0.0036370503,0.003747718,0.0037879606,0.003913694,0.004125934,0.004225801,0.004515533,0.004699101,0.0049609924,0.005362513,0.0057099885,0.0059547704,0.006286249,0.006559649,0.0067590554,0.0071124327,0.0074040266,0.0077228877,0.007882129,0.008173813,0.008320625,0.008545206,0.0087758135,0.009163613,0.009550647,0.009979451,0.010524135,0.010958234,0.011479199,0.012143295,0.012913565,0.013594629,0.014420245,0.015192662,0.015975054,0.016784607,0.017645307,0.01835133,0.019149223,0.020015923,0.020853337,0.021660687,0.022510564,0.023267608,0.023962514,0.024159035,0.024638012,0.024862403,0.02501668,0.025110655,0.025153827,0.025224123,0.025205385,0.025295684,0.025515633,0.025713082,0.025870956,0.025975024,0.025878137,0.025805932,0.02551882,0.024943126,0.024140168,0.02328799,0.022357827,0.021381754,0.020417899,0.019562185,0.018753728,0.017984359,0.017273916,0.01651716,0.015631383,0.0149158025,0.013828428,0.012917276,0.011945097,0.010784999,0.009651374,0.0085248845,0.0076381,0.0068722083,0.006299291,0.005846135,0.0053747008,0.0051883766,0.005129012,0.0051797405,0.0052519813,0.0052074282,0.005254491
Wrap,0,10,3,0.75240874,0.7408548,0.7335153,0.723972,0.7219753,0.71655834,0.7108681,0.70822537,0.70559835,0.7058255,0.7091277,0.7122127,0.71195275,0.7147074,0.714888,0.71798074,0.71922886,0.7142374,0.71605766,0.7094202,0.70622844,0.7010005,0.68722165,0.6790531,0.66573054,0.65095305,0.6385883,0.6254381,0.6120508,0.5982521,0.58782536,0.5715582,0.56191844,0.5519898,0.5397581,0.5310877,0.52479947,0.5115452,0.5032571,0.49664482,0.48707068,0.47733974,0.46579522,0.45661938,0.4431741,0.42778188,0.41093385,0.3926237,0.37313697,0.35242686,0.3319171,0.30785242,0.28352246,0.25836435,0.23218332,0.20718864,0.18184166,0.15694547,0.13203269,0.10578011,0.08670551,0.06484729,0.04930206,0.041486066,0.048395984,0.06513454,0.08232226,0.103227645,0.12578726,0.14608802,0.1679993,0.19125542,0.2135296,0.23589475,0.25929904,0.28089982,0.30334795,0.3265472,0.3495951,0.37585306,0.4015417,0.4241888,0.44982672,0.47159258,0.49329752,0.51443946,0.5329107,0.54992926,0.56850135,0.5845965,0.5957948,0.605959,0.6147041,0.62371784,0.629573,0.634857,0.6411566,0.64560115,0.65276796,0.65923774,0.003333192,0.0033646994,0.0033923734,0.0033597234,0.0033511117,0.0033536144,0.0034586343,0.003500808,0.003588397,0.0036053143,0.0035790638,0.0038066646,0.0038682532,0.00402663,0.004257779,0.004455692,0.0047114836,0.0049106586,0.0052483864,0.0055253985,0.0057720784,0.0061095916,0.0063876286,0.006728,0.0070287227,0.0073439875,0.0075882263,0.007842257,0.008198629,0.00835293,0.008648397,0.008768611,0.009239978,0.009577042,0.009977638,0.010569657,0.011059884,0.011639668,0.012179422,0.013009595,0.013686139,0.014514759,0.015152138,0.016116047,0.016961142,0.01761784,0.018515639,0.01931432,0.020135999,0.02104111,0.021812225,0.022690792,0.0233795,0.024030402,0.024332441,0.024715543,0.024939483,0.025018662,0.025075912,0.025142811,0.02527979,0.025362939,0.025458006,0.025765644,0.025905631,0.02600568,0.026229598,0.02607322,0.025961492,0.025534607,0.02500469,0.024215234,0.023398602,0.02244553,0.021442039,0.020432565,0.019557014,0.018833285,0.018025659,0.017321965,0.016523592,0.015626367,0.01486986,0.013970037,0.012916666,0.012024083,0.010863496,0.009752486,0.008665803,0.0078056925,0.0070670415,0.006569922,0.006081959,0.0056742863,0.0053762514,0.0052419743,0.0052603115,0.0053496435,0.0054956167,0.0054636556
Wrap,0,11,3,0.75193155,0.7402595,0.73322314,0.72384876,0.7220887,0.7160993,0.71004516,0.7090177,0.70813113,0.7073434,0.7105397,0.7115725,0.7114211,0.7154985,0.71450526,0.71757895,0.71858466,0.71540666,0.7152754,0.7082286,0.70746225,0.69249034,0.6886159,0.67776597,0.6645031,0.6509695,0.6404081,0.62439716,0.61149883,0.598059,0.58489656,0.5740317,0.5607773,0.5485243,0.54032004,0.5297731,0.5245775,0.5114551,0.50460535,0.49545148,0.4852663,0.47578287,0.4637526,0.45405048,0.4425014,0.42705557,0.411571,0.39411125,0.3734698,0.35323393,0.33281416,0.3089744,0.28496945,0.25948685,0.23289727,0.20788874,0.18126285,0.15674198,0.13143395,0.10569586,0.08716271,0.063839994,0.04925068,0.041620187,0.048700716,0.06469965,0.084240094,0.10402808,0.12571754,0.14679977,0.16908605,0.19105662,0.21297316,0.23569562,0.2586971,0.28036612,0.30432093,0.32603776,0.35171366,0.37366804,0.39899582,0.42414632,0.44869283,0.4732248,0.49426118,0.513264,0.53436047,0.5524569,0.56763804,0.58329815,0.59385026,0.6057205,0.6141147,0.6259943,0.6291542,0.63558555,0.63837516,0.64853835,0.64973104,0.65921205,0.0034822847,0.0034342615,0.003449887,0.003421598,0.0034323256,0.0034515772,0.0033460236,0.0035293284,0.0035548336,0.0036070507,0.0036691343,0.0038252075,0.00393249,0.0041020014,0.0043280097,0.004592861,0.004760235,0.005055486,0.0052743293,0.0054651476,0.005856702,0.006039171,0.006408037,0.006685464,0.0070058866,0.007313348,0.0075905663,0.007826786,0.008098086,0.008330988,0.008493985,0.008839445,0.009170909,0.009558601,0.010015525,0.010581582,0.011072442,0.011604134,0.012290442,0.013000213,0.013670769,0.01452245,0.015199822,0.016033009,0.016857607,0.017754711,0.018607063,0.019356385,0.0201392,0.02107647,0.021865482,0.022685498,0.023275685,0.023918122,0.024303602,0.024670258,0.024872864,0.025032494,0.025029708,0.025112974,0.025220795,0.025245083,0.025324605,0.025600636,0.02574816,0.025907516,0.026009645,0.025884576,0.02578027,0.025396952,0.024869084,0.024147121,0.02323045,0.022423532,0.021379692,0.020408569,0.019619534,0.018778088,0.018030453,0.01733806,0.016600884,0.015820302,0.015001823,0.014061874,0.013055771,0.012091436,0.010918478,0.009807054,0.0086368425,0.007753495,0.007048992,0.0064120386,0.005928229,0.0054682973,0.005264525,0.0051346156,0.005073799,0.0052137487,0.0052740867,0.005262179
Wrap,0,12,3,0.7518167,0.7393191,0.7334842,0.724072,0.72065985,0.71495754,0.70994896,0.7086306,0.7081395,0.7091333,0.70967096,0.7122622,0.711496,0.7146951,0.7136424,0.7192312,0.72002155,0.7147825,0.71668893,0.7082858,0.70616114,0.6920298,0.68799806,0.6764405,0.6661803,0.6493285,0.6423358,0.62513286,0.6120289,0.5986203,0.5886677,0.57317746,0.56236744,0.5488471,0.5388342,0.529853,0.52464426,0.5123588,0.50529385,0.49620518,0.48650473,0.47802582,0.46700102,0.45517966,0.44242674,0.4266257,0.4119702,0.3925506,0.37316164,0.35369512,0.33115,0.30834106,0.28437126,0.2587396,0.23325329,0.2089424,0.18236838,0.157488,0.13203251,0.10754973,0.087277316,0.06550766,0.04925522,0.04281613,0.04752237,0.06456557,0.08262135,0.103667736,0.12584306,0.14574413,0.16789076,0.19173895,0.2134814,0.23587988,0.25923473,0.28176665,0.30419284,0.32831836,0.35218498,0.37561688,0.4011674,0.42618942,0.45097452,0.47112164,0.49324286,0.5150422,0.53191596,0.5506276,0.5670363,0.58378357,0.5951509,0.6052625,0.61327285,0.6234944,0.6297095,0.6365086,0.64100903,0.64538836,0.6503064,0.658628,0.0033669337,0.003466438,0.0033285024,0.003290521,0.0033311576,0.0033616151,0.0034890263,0.003593339,0.0035317102,0.0036049755,0.0037170302,0.0038173902,0.0039855842,0.0041376245,0.0043319273,0.004512211,0.004812437,0.0049186866,0.0052663814,0.005476285,0.0058118035,0.0059658415,0.0063448898,0.0066080266,0.006960732,0.007253169,0.007522207,0.0077247815,0.00802826,0.008250761,0.0085508395,0.008764826,0.00913716,0.009458728,0.010032072,0.010600404,0.011085228,0.0117379585,0.012367831,0.013182976,0.013870808,0.014712565,0.015474317,0.016322197,0.017190874,0.018012175,0.018843854,0.019692536,0.020482088,0.021326652,0.022130432,0.022980519,0.023611248,0.024208143,0.024633931,0.024960974,0.025199763,0.025210995,0.025250902,0.025333917,0.0252837,0.025297867,0.025250794,0.025488937,0.025618242,0.025658933,0.025857398,0.025674425,0.025519442,0.025119783,0.024673183,0.023838578,0.023000691,0.022194577,0.021244936,0.020291321,0.019404393,0.018572506,0.017742176,0.017059973,0.016377237,0.015464995,0.014673154,0.013685456,0.012703817,0.011789816,0.010626011,0.009494983,0.008447346,0.007596361,0.006795941,0.006302492,0.005789523,0.005378595,0.0051634978,0.005129639,0.0051133353,0.005290939,0.0052913614,0.0053441264
Wrap,0,13,3,0.75323945,0.740861,0.7329997,0.72383887,0.72316337,0.7167317,0.71170735,0.7109065,0.7078055,0.7063465,0.7083052,0.7129741,0.71138066,0.71486765,0.7145731,0.72038776,0.7195068,0.71484673,0.71604794,0.7089696,0.7076779,0.699507,0.68688995,0.67785573,0.6652611,0.64930415,0.6432338,0.62391824,0.6129147,0.60028195,0.58614886,0.57503,0.56333077,0.54974747,0.54484534,0.52908534,0.5247683,0.5149969,0.5044545,0.49608955,0.48744315,0.47894424,0.4684431,0.45510486,0.4446693,0.42787257,0.41381377,0.39299858,0.37450427,0.35397685,0.33218718,0.30874875,0.28399676,0.2590694,0.23282535,0.20696564,0.18112566,0.15561275,0.13019346,0.1058063,0.08443669,0.063140914,0.047104314,0.041274805,0.04807624,0.06667176,0.083281524,0.10419928,0.12657656,0.14720726,0.16893984,0.19194965,0.21409817,0.23666325,0.25974753,0.2813235,0.3054544,0.32796234,0.352036,0.37651414,0.39941978,0.42409652,0.449624,0.47187346,0.49480003,0.5123697,0.53294206,0.55202854,0.56633,0.5832765,0.59424406,0.6060433,0.61336005,0.62486094,0.62855273,0.63217115,0.6418369,0.64199847,0.64982706,0.6576529,0.0034361687,0.0034901942,0.003476232,0.0034413957,0.003386666,0.003419492,0.003450966,0.0035816787,0.0036426466,0.0036396459,0.0037291087,0.0039067506,0.004017662,0.0041741123,0.0044025728,0.0046577943,0.0048676063,0.0050369785,0.0052694827,0.0055942726,0.005796506,0.006104568,0.0063162036,0.0065744035,0.0069621694,0.0072280937,0.0075358693,0.00774055,0.007990041,0.008255231,0.008469049,0.008768712,0.009108167,0.009505303,0.009952901,0.010390967,0.0110171875,0.011604627,0.012171177,0.012924694,0.013579461,0.014444124,0.015179883,0.015950778,0.01683849,0.017643956,0.018433219,0.019291535,0.020084308,0.021016471,0.021772752,0.022664305,0.023240663,0.023865586,0.024234977,0.024627037,0.024887202,0.024980718,0.024998896,0.02514054,0.025154429,0.025156612,0.025218347,0.025544656,0.025623124,0.02571033,0.025754148,0.02568237,0.02555445,0.02523758,0.0246165,0.023935951,0.023025675,0.022202551,0.021182785,0.020172525,0.019372469,0.018554747,0.017833391,0.017178169,0.01633351,0.015461946,0.014692192,0.013730807,0.012776438,0.0117421765,0.0107153095,0.009500973,0.008422667,0.0074782106,0.006855235,0.0062790886,0.0057884743,0.005356919,0.0051412177,0.005058,0.00507509,0.0051457146,0.0052309274,0.0052907397
Wrap,0,14,3,0.7517708,0.7399328,0.73327076,0.7243158,0.7232891,0.71593654,0.7110985,0.7095997,0.707662,0.7071766,0.71097434,0.7117531,0.7115444,0.7131399,0.71355873,0.717897,0.7207109,0.71528983,0.7141384,0.7079507,0.70663184,0.7004131,0.68877405,0.6779012,0.66425824,0.6516044,0.64083457,0.6245971,0.61248803,0.6003348,0.58736956,0.57575965,0.5635308,0.55040824,0.5433841,0.52737814,0.5269145,0.51071936,0.5050593,0.49718958,0.486762,0.47894296,0.46657142,0.45555696,0.4436144,0.42819035,0.413929,0.39440536,0.3742076,0.35523978,0.33166525,0.3084342,0.2843119,0.2577012,0.23380089,0.20805249,0.18155955,0.15694858,0.13230729,0.106122285,0.08592151,0.06486454,0.04869804,0.042882122,0.048520662,0.06411954,0.08394089,0.103319965,0.12581822,0.14572614,0.16957311,0.19050093,0.21284336,0.23738384,0.25967997,0.28204063,0.30401388,0.32724404,0.350885,0.37692988,0.40140694,0.4226518,0.45204037,0.47316605,0.49430984,0.51402265,0.5331206,0.55240726,0.56697345,0.5835289,0.59512305,0.60655177,0.6157677,0.62576526,0.6313631,0.63655674,0.6422813,0.64351386,0.6532838,0.65811455,0.0035555148,0.0035273435,0.0034983177,0.0034510142,0.003505898,0.0035171488,0.003578023,0.003629546,0.0036700412,0.0036461705,0.003760086,0.0039138244,0.00402793,0.0041818134,0.0043327888,0.004629701,0.0049475143,0.0050974996,0.0053624567,0.0056609763,0.005971661,0.006297597,0.0065225605,0.0067812237,0.0071612606,0.007469762,0.007685361,0.007948474,0.008210268,0.0084520355,0.008667233,0.0088996235,0.00925121,0.00958023,0.010003721,0.010551367,0.0111035565,0.011538067,0.0122065395,0.013065956,0.013695511,0.014644769,0.01528057,0.016116042,0.016926503,0.017830146,0.018587906,0.019407764,0.020225694,0.021071276,0.021924434,0.022750594,0.023513895,0.024113625,0.02462388,0.025027433,0.02525479,0.0254106,0.025454687,0.025604267,0.02567126,0.02571844,0.025777973,0.025979368,0.026163697,0.0262771,0.026279334,0.026175655,0.026067697,0.025661226,0.025015963,0.024294514,0.023449585,0.022553131,0.021580791,0.020661624,0.019787556,0.018978907,0.018258758,0.017631827,0.016874898,0.015985427,0.015158961,0.0141666625,0.013166214,0.01215872,0.010886133,0.009777141,0.00858587,0.0076890234,0.0069682677,0.0063170865,0.00584512,0.00540649,0.0051694526,0.005108647,0.0050625065,0.005147194,0.005234705,0.005229419
Wrap,0,15,3,0.75215626,0.74020284,0.7331566,0.72396564,0.72307414,0.7165288,0.713243,0.7084261,0.7089871,0.7052776,0.7122798,0.7098979,0.7117638,0.7133251,0.71504855,0.716665,0.71931344,0.7150636,0.7171456,0.7082539,0.70681286,0.7017623,0.6890999,0.6781585,0.6657483,0.6501856,0.6411052,0.6271185,0.6121873,0.6005759,0.58990073,0.57709825,0.56405294,0.5520524,0.542205,0.5322954,0.524558,0.5131759,0.50454265,0.49778086,0.48797956,0.47945085,0.4678254,0.4578198,0.44475284,0.42814952,0.4146647,0.39510354,0.37490585,0.3551788,0.3311636,0.30982554,0.2850238,0.25910187,0.23308648,0.20814486,0.18160512,0.15681644,0.13178961,0.105207145,0.08426729,0.06395923,0.048187766,0.04117773,0.04816189,0.06385387,0.084226266,0.104784116,0.12549119,0.14735161,0.16853288,0.1907537,0.21333796,0.23636688,0.25838488,0.28103936,0.3035238,0.32614958,0.34962732,0.37476233,0.40143588,0.4267669,0.4533496,0.47464925,0.49426988,0.5150189,0.5336833,0.55223197,0.5678996,0.583658,0.5956476,0.6069814,0.61497223,0.6246054,0.63041097,0.635977,0.6414153,0.6453133,0.65034187,0.658912,0.0035292455,0.0033679032,0.0034104448,0.003478077,0.003388516,0.0033281015,0.0033931804,0.0035520545,0.003570835,0.0035710684,0.0037133135,0.003809024,0.004004323,0.0041566417,0.004379233,0.0045314166,0.0048293164,0.005019997,0.005287843,0.005519519,0.0057961186,0.006206128,0.006404748,0.0067628096,0.0070922724,0.0073696356,0.007674715,0.007978639,0.008164332,0.0083772205,0.008690822,0.008933339,0.009321788,0.00960731,0.010002648,0.0105682025,0.011172198,0.011695212,0.012347989,0.013166729,0.0136848325,0.014668403,0.015441834,0.016151315,0.017008554,0.017806727,0.018716788,0.019476457,0.020384189,0.021241795,0.022066055,0.022912245,0.02365854,0.024348306,0.024790928,0.025168536,0.025256315,0.025390882,0.025528727,0.025651503,0.025629064,0.025871037,0.025939511,0.02624289,0.026463056,0.02669688,0.026724953,0.026579054,0.026471829,0.026094444,0.02547968,0.02470036,0.023824628,0.02284253,0.021894386,0.020972038,0.020073282,0.019249449,0.018398236,0.01787677,0.017150754,0.01642629,0.015470343,0.014484412,0.013457951,0.012504607,0.01121613,0.01002249,0.008830865,0.007914715,0.0071568,0.0064932783,0.005876652,0.005483256,0.00524206,0.0050771823,0.005075732,0.0051759044,0.005155184,0.005206073
Wrap,0,16,3,0.751346,0.74125916,0.7328476,0.7246535,0.722208,0.7154352,0.71305007,0.7071894,0.7089126,0.7047691,0.70952386,0.7126179,0.7106805,0.713939,0.7150399,0.71712714,0.7176687,0.714757,0.7161045,0.7083541,0.70740074,0.69820136,0.68749046,0.6771971,0.6641657,0.65287644,0.6388,0.6254892,0.61312664,0.59953904,0.5877734,0.5757291,0.562091,0.5512723,0.54132766,0.5281367,0.52160895,0.51311177,0.50539654,0.49658325,0.48629317,0.47742826,0.4661846,0.4547914,0.44270667,0.42635483,0.41281268,0.39535445,0.37357116,0.35287148,0.3327202,0.3084373,0.2841295,0.25956458,0.23388018,0.20894183,0.18261082,0.15779321,0.13173129,0.10812026,0.08865677,0.0660608,0.051333584,0.042095516,0.04807755,0.06423266,0.081866235,0.103870064,0.12334677,0.14508314,0.16783156,0.19177988,0.21227805,0.23530796,0.25935403,0.28161547,0.30409542,0.32873508,0.35316634,0.3764791,0.40171137,0.4247783,0.45270684,0.4727229,0.4933581,0.5168809,0.53140736,0.55279684,0.5678292,0.58302575,0.5948226,0.60603696,0.61451036,0.62547004,0.62917894,0.6368403,0.641315,0.64291704,0.65065455,0.65547895,0.0034586,0.0034228847,0.0034010487,0.0034508046,0.0034463378,0.00345259,0.0035026195,0.003640866,0.003689822,0.0036378566,0.0038509166,0.003922398,0.0040953583,0.0042320946,0.004436711,0.004717003,0.004953066,0.005142836,0.0054385606,0.0057145786,0.006041726,0.0063311853,0.0066330726,0.0068801483,0.0072893426,0.00754063,0.007823655,0.00803767,0.00823816,0.008514963,0.00870682,0.008990388,0.009234356,0.009705423,0.010040229,0.010566703,0.011167981,0.011727852,0.012318519,0.013136865,0.0137861855,0.014677343,0.015393465,0.016228704,0.016953219,0.017758064,0.018697074,0.019461827,0.020303234,0.021219585,0.022004612,0.022939093,0.023683555,0.024361527,0.024820853,0.025265453,0.025462134,0.025620274,0.025727246,0.025800291,0.025818057,0.025976,0.025904931,0.026258236,0.026326591,0.026506087,0.026640294,0.026475707,0.026394948,0.026058689,0.025487056,0.024714798,0.0238043,0.022898955,0.021868005,0.020958133,0.01997153,0.019188853,0.018458027,0.017756116,0.016935727,0.016102083,0.015231621,0.014289056,0.0131760845,0.012199787,0.010946088,0.009793943,0.008634447,0.0076705003,0.006874524,0.0062980107,0.0057869605,0.005300649,0.0050894395,0.004970455,0.0049749003,0.0050438493,0.0050519737,0.0051353844
Wrap,0,17,3,0.7516087,0.73920625,0.7323121,0.72403336,0.72024953,0.7146511,0.70872873,0.7083492,0.70673954,0.7063421,0.70797706,0.71083343,0.7114618,0.7123376,0.7147889,0.7176902,0.7177168,0.71420777,0.71564233,0.7059822,0.7069666,0.68942136,0.6879128,0.6779629,0.6651659,0.6499871,0.63698906,0.62387836,0.61143893,0.5978354,0.58583635,0.57201874,0.562648,0.55182654,0.5376504,0.52863497,0.5260596,0.5123615,0.5045881,0.49518257,0.4871419,0.47698456,0.4678846,0.45739028,0.44309476,0.42821744,0.41140053,0.39465797,0.37461755,0.35518417,0.33266565,0.30968273,0.28505397,0.26060256,0.23421025,0.2088454,0.18351078,0.15829474,0.13325755,0.10820366,0.08646988,0.06676237,0.050268553,0.04410793,0.047837116,0.065308765,0.083919756,0.10405873,0.123953156,0.14718539,0.16822761,0.19103609,0.21302351,0.23612458,0.2588122,0.28120896,0.30451316,0.3287673,0.35284895,0.3770668,0.40202805,0.42563117,0.45252395,0.47397444,0.4945934,0.51400554,0.5339525,0.551068,0.56755185,0.583451,0.59520555,0.6078532,0.61512846,0.62552536,0.62901,0.636388,0.6400249,0.6429832,0.6510419,0.6583569,0.0036164876,0.0036303296,0.0035621326,0.0035409352,0.0035624553,0.0035262061,0.0035560362,0.0037005553,0.0036707825,0.0037509503,0.0038364907,0.0039323852,0.0041625462,0.004213077,0.004442344,0.004760241,0.0050309217,0.0051703625,0.0055636694,0.005758681,0.006109894,0.0063890098,0.006688895,0.007056472,0.0073876046,0.0076531577,0.007963943,0.008014262,0.008283246,0.008419186,0.008693287,0.008948364,0.009292147,0.009639239,0.009928499,0.01060827,0.011107355,0.011693649,0.01227375,0.012954708,0.013631372,0.014472427,0.015366907,0.016110884,0.016851757,0.01772783,0.018554032,0.019355375,0.02022675,0.02114216,0.02193791,0.022814088,0.02351458,0.024078902,0.024495557,0.025006834,0.025222175,0.025320144,0.025433691,0.025510056,0.02558505,0.02567033,0.025768854,0.02605218,0.02621164,0.026346773,0.026345916,0.026337232,0.026128637,0.025732983,0.025180388,0.024413392,0.023518434,0.022566505,0.021646429,0.02069197,0.019766307,0.018863274,0.018152613,0.017464736,0.016631609,0.015895573,0.015169362,0.014230608,0.013194669,0.012186718,0.011032547,0.009876041,0.008706896,0.0077759805,0.00700713,0.0064580655,0.0058542327,0.005406998,0.0051928344,0.005024778,0.0050211377,0.005022682,0.005141863,0.005165576
Wrap,0,18,3,0.75141746,0.73895395,0.73317075,0.72382265,0.7217435,0.71586937,0.71215194,0.70833284,0.7066926,0.70514923,0.7098467,0.7099235,0.7101513,0.71319634,0.7144241,0.71826154,0.71895087,0.7154624,0.7146915,0.7069621,0.7080299,0.6967721,0.6846825,0.67799973,0.6638529,0.6478041,0.64145815,0.6218312,0.61153907,0.59683985,0.5861915,0.5737167,0.5608523,0.54808515,0.54009783,0.52719396,0.52417696,0.51053303,0.5029681,0.49534512,0.48598206,0.47622705,0.4649012,0.4554267,0.44245693,0.42596394,0.410075,0.39388168,0.37686887,0.3537516,0.33210078,0.30912986,0.2850523,0.26012322,0.23485507,0.2100431,0.18413782,0.15892321,0.13386342,0.10690394,0.08815199,0.06744601,0.051965743,0.043221056,0.04691839,0.064815566,0.08177846,0.10290743,0.12506326,0.14613259,0.16714713,0.19057626,0.21465929,0.23788677,0.26029453,0.28208485,0.306729,0.3303858,0.35383505,0.3782222,0.4032672,0.42754537,0.4525385,0.4729044,0.49633348,0.5142446,0.5322622,0.5505637,0.5683611,0.58295393,0.5956342,0.6052545,0.6118435,0.62360275,0.628841,0.6360675,0.6388199,0.6442106,0.64997596,0.65706587,0.0035624458,0.003577349,0.00359121,0.0034873616,0.003521147,0.0035583405,0.0036226865,0.0036465446,0.0037371255,0.0037786092,0.0037818498,0.004004273,0.0040742788,0.004262158,0.00446395,0.004758063,0.0049700844,0.0052396026,0.005463256,0.0057460205,0.0060325405,0.006236637,0.0065278993,0.006860972,0.007191175,0.007482216,0.007710771,0.007894716,0.008167423,0.008303652,0.008530224,0.00875107,0.009116762,0.009563359,0.009931436,0.010471119,0.011085949,0.011671881,0.012232176,0.013002747,0.013713928,0.014492065,0.01536506,0.016123442,0.016994286,0.017724944,0.018576626,0.019395174,0.020176958,0.021015625,0.021780033,0.022734644,0.023401037,0.023998367,0.024543473,0.024839943,0.02514156,0.025316019,0.025421018,0.025459755,0.025492353,0.025578948,0.025586814,0.025921347,0.026090248,0.02617963,0.026286859,0.026242904,0.025994789,0.025732098,0.025187513,0.024455955,0.023560664,0.022612156,0.021539645,0.02062797,0.019681042,0.018877128,0.018192627,0.017467262,0.016757859,0.015958017,0.015155718,0.014217688,0.0133233685,0.012279794,0.0110440655,0.009976081,0.008788376,0.0077905497,0.0070164045,0.006353461,0.005821462,0.005417127,0.005090724,0.0050610024,0.0049974644,0.005089343,0.005090727,0.005215707
Wrap,0,19,3,0.7516115,0.7392456,0.73238105,0.723372,0.71998376,0.7151941,0.7108287,0.7089731,0.7059196,0.7060922,0.70799416,0.7105949,0.7103132,0.71385926,0.7125768,0.7175003,0.7179348,0.7146422,0.7142752,0.70783806,0.7051433,0.68954974,0.68546987,0.67504203,0.6632973,0.6487423,0.6400696,0.62355447,0.6112007,0.5991709,0.5860724,0.5736134,0.5616511,0.547849,0.5380774,0.5276639,0.52437466,0.51169306,0.50413513,0.49594986,0.48529407,0.47529468,0.4650652,0.454701,0.44221374,0.42655084,0.41238362,0.39404172,0.37387416,0.354328,0.33108938,0.30785388,0.28343207,0.25995472,0.23362254,0.20831877,0.18302986,0.1588689,0.13317001,0.10994348,0.08806873,0.06714452,0.051923204,0.045027055,0.049683884,0.0633344,0.084589325,0.10428244,0.12608959,0.14641953,0.16941726,0.19134736,0.21341485,0.23801395,0.2595576,0.28338242,0.30590093,0.3301503,0.35407045,0.3787781,0.40315488,0.42832443,0.45272192,0.4745795,0.49644837,0.5144785,0.533647,0.5523979,0.5666649,0.58343023,0.59494394,0.6050363,0.61483735,0.6247158,0.62903094,0.6350925,0.6410357,0.6435445,0.6483679,0.65847975,0.0035029643,0.0035076982,0.0034406867,0.0033773326,0.0034589828,0.00340686,0.0034433317,0.0034580028,0.0035246,0.0035889337,0.0037023558,0.0037205084,0.0039317682,0.0040473486,0.0042524016,0.004510299,0.0047886935,0.004969167,0.005313248,0.0055668335,0.005882221,0.006091873,0.006453647,0.0068055517,0.007155613,0.007409747,0.0077425516,0.0078989435,0.008164213,0.008355495,0.008566248,0.008852502,0.009174693,0.009600257,0.01005858,0.0105232205,0.011112072,0.0116870655,0.012386747,0.013130274,0.013771209,0.014536082,0.015437771,0.016226303,0.017022636,0.017900035,0.018748788,0.019535083,0.02039597,0.021293186,0.02208687,0.02296758,0.023691777,0.024300186,0.024788871,0.02520548,0.025392761,0.025535772,0.02556441,0.025619213,0.02567224,0.025746534,0.025724892,0.02592688,0.026277145,0.026351528,0.026426708,0.026331075,0.026190024,0.025783923,0.025262142,0.024456488,0.023517232,0.022552239,0.02158975,0.020587532,0.019646136,0.018831734,0.018015696,0.01732287,0.016601644,0.015800094,0.015021063,0.014148138,0.013041332,0.012079275,0.010868858,0.009726596,0.008487684,0.007594337,0.006810716,0.006219426,0.0056965128,0.005265071,0.0050211987,0.004953613,0.004926017,0.0050517716,0.0050447728,0.00514258
Wrap,0,20,3,0.75106525,0.7399455,0.73127145,0.7228064,0.720565,0.71397734,0.711009,0.70661026,0.7067898,0.7056779,0.70671576,0.7131916,0.70967746,0.7117995,0.7126295,0.71666825,0.7175331,0.711892,0.7158975,0.70485276,0.70483536,0.6876358,0.68791735,0.6748241,0.6652795,0.6506612,0.6373825,0.6235146,0.61122555,0.59656644,0.5862176,0.57376355,0.56130546,0.5489883,0.536677,0.5279725,0.52425325,0.5116747,0.50398433,0.494729,0.48700747,0.47622994,0.46564886,0.45349205,0.44105145,0.42715213,0.408748,0.39466947,0.37287146,0.3538293,0.33076394,0.3076749,0.28462467,0.25880256,0.23358011,0.20894413,0.18339604,0.15886967,0.13488063,0.10911586,0.09007683,0.06838965,0.053341173,0.044655778,0.050443627,0.06649826,0.08334555,0.10381922,0.12494256,0.14667098,0.16683772,0.1902906,0.21290599,0.2372549,0.25862586,0.28222758,0.30449077,0.3297005,0.35197175,0.37703773,0.40212032,0.42623428,0.45457712,0.47270998,0.49429744,0.5145269,0.53269655,0.55204004,0.56704843,0.58319104,0.5936062,0.6054871,0.6144567,0.62243193,0.62895346,0.6354502,0.63720316,0.64636993,0.64951277,0.6566693,0.0036962084,0.0036305396,0.0035960085,0.003632849,0.00361033,0.0034426178,0.003633329,0.0036674226,0.0037215569,0.0038123932,0.0038447136,0.0040196604,0.0041179373,0.0042653247,0.004449623,0.004724741,0.0049864035,0.0050682495,0.0054547293,0.005643523,0.0059089228,0.0061091203,0.006548704,0.0068145352,0.007199128,0.0073462115,0.007693142,0.007809108,0.008133227,0.008293992,0.008565081,0.008867605,0.009163705,0.009589332,0.010049803,0.010654751,0.011207445,0.011844564,0.0124392,0.013178912,0.013933739,0.014730724,0.015433245,0.016348686,0.017152915,0.017898584,0.01872785,0.019604877,0.02035047,0.021167187,0.021954658,0.022839481,0.023512341,0.02416589,0.02465874,0.025112107,0.025332918,0.0253724,0.025466125,0.025522405,0.025543666,0.02563223,0.025687806,0.0260569,0.02615767,0.026315518,0.026393725,0.026365105,0.026172547,0.025807874,0.025290687,0.02458079,0.023523353,0.0227149,0.02163984,0.020701408,0.019764341,0.018995374,0.018231008,0.017475847,0.016676981,0.016003212,0.015258597,0.014279611,0.0132290805,0.0123050185,0.011024013,0.009900242,0.0087014465,0.007690071,0.0069455155,0.0062516364,0.0057804813,0.005333821,0.0051135686,0.005042936,0.004999047,0.0051632524,0.005154011,0.0052562933
Wrap,0,21,3,0.75201094,0.73817885,0.7319661,0.72221774,0.7216336,0.7141998,0.7089029,0.7078511,0.7064642,0.7039479,0.71086174,0.70992756,0.7093961,0.71301645,0.7109551,0.71769494,0.716769,0.7136726,0.7135263,0.7064201,0.7078447,0.68933004,0.68287015,0.6762553,0.6624369,0.64782107,0.6397584,0.62375504,0.6098422,0.59750164,0.5840145,0.5732719,0.56044596,0.55054206,0.54073346,0.528118,0.5199689,0.5115069,0.5026607,0.49400172,0.48545238,0.4752818,0.46349776,0.45422214,0.44094974,0.42589462,0.40886772,0.3945528,0.37227044,0.35241064,0.331847,0.30757588,0.2841072,0.25834545,0.23408625,0.20782973,0.18350197,0.15881342,0.13439359,0.110095896,0.08848167,0.069076635,0.05266431,0.046531517,0.05105568,0.06551744,0.0845421,0.10530321,0.12589577,0.14733101,0.1688425,0.19305885,0.2142276,0.23716386,0.260557,0.28303736,0.30704108,0.3293819,0.35358822,0.37669995,0.4021116,0.4247328,0.4534656,0.47275567,0.49376038,0.51515603,0.53176683,0.5507846,0.5664068,0.5820799,0.5935123,0.6037732,0.61161804,0.62175655,0.6282363,0.6348107,0.64045936,0.64303195,0.6498045,0.65668046,0.0036437842,0.0036018293,0.00360907,0.0035550138,0.0035786168,0.003582493,0.0036037217,0.0036495265,0.0037053342,0.0037285455,0.0038565432,0.0039727227,0.0040219594,0.0042558406,0.004342816,0.0047112745,0.004954802,0.005198778,0.005390478,0.0057197157,0.0060381647,0.0061900946,0.006584488,0.00688563,0.007240233,0.0075711184,0.007815424,0.008001864,0.008280094,0.008485624,0.008688315,0.00898287,0.0093662655,0.009743143,0.010133976,0.010761593,0.011243663,0.011790096,0.012478629,0.013235501,0.013931546,0.014783919,0.015460541,0.016454354,0.017230965,0.018025585,0.018833807,0.019696303,0.020481039,0.021336162,0.022142088,0.023027826,0.023807691,0.024348741,0.024812242,0.02512029,0.025254395,0.025403684,0.025474481,0.025555318,0.02557365,0.025594486,0.02561132,0.02595027,0.026016288,0.026225682,0.026281737,0.02611803,0.026047029,0.025565844,0.02499692,0.024261221,0.023273127,0.022339461,0.021277005,0.020370584,0.01954643,0.01871333,0.018014431,0.017256012,0.016509399,0.015768422,0.014958046,0.014134776,0.013029671,0.012071154,0.010789683,0.009709346,0.008506038,0.0076048644,0.0068071545,0.0061998167,0.005696547,0.0052948953,0.0050422368,0.0050052684,0.0049149347,0.005043125,0.0051347665,0.0052008578
Wrap,0,22,3,0.7509078,0.74023575,0.73267716,0.72286403,0.72078484,0.7140754,0.71010935,0.70788014,0.70537853,0.70501447,0.70720494,0.7087427,0.7107222,0.7116698,0.71278757,0.7143212,0.7176795,0.7133746,0.71137965,0.7039136,0.70503825,0.69107926,0.6852502,0.6760123,0.6623744,0.64668953,0.6389307,0.6218062,0.608863,0.59669894,0.5855418,0.57364136,0.5594749,0.54813534,0.5389907,0.52753574,0.5242414,0.5083311,0.5024647,0.49499902,0.48417032,0.47556707,0.4636642,0.45513418,0.441666,0.42540625,0.41123623,0.39181486,0.37310952,0.35473332,0.32757106,0.3072437,0.28307858,0.2589334,0.23341973,0.20875956,0.18311335,0.15863994,0.1348787,0.10967244,0.089075446,0.070029266,0.054804116,0.04697715,0.0513165,0.065841265,0.08486218,0.10392479,0.1254352,0.14771013,0.16758884,0.19152497,0.21533461,0.23822434,0.259471,0.28284812,0.30655986,0.33026403,0.3532222,0.3775196,0.4035786,0.42517895,0.45138717,0.47018602,0.4946011,0.5117201,0.53394085,0.5510495,0.5662151,0.58265465,0.59310764,0.6053899,0.6113644,0.6232814,0.63030165,0.63482094,0.63802785,0.64654374,0.6478204,0.65849173,0.0036128303,0.0036009164,0.00360458,0.00353873,0.0035078204,0.0035159513,0.0036180876,0.003663331,0.0037192486,0.0036939762,0.0037680927,0.0038958883,0.004078417,0.0042527923,0.0044292244,0.004642986,0.004942479,0.0051311427,0.005352048,0.005663011,0.0060180295,0.0062602307,0.006566564,0.0068639135,0.007238863,0.00747376,0.00777751,0.007932065,0.008220618,0.008432965,0.008661211,0.0089561995,0.009269138,0.009634498,0.01004249,0.010653471,0.011163672,0.011669123,0.012312244,0.013080209,0.013844187,0.014617425,0.015379767,0.016396038,0.01705901,0.01793832,0.018765947,0.019506862,0.020390764,0.021230815,0.021998668,0.022854596,0.023457509,0.02406648,0.024517326,0.02486525,0.025084672,0.025200905,0.02517879,0.025321662,0.02528182,0.025297347,0.025425276,0.025662202,0.025803102,0.025960322,0.025953257,0.025833152,0.025688866,0.025313633,0.024826372,0.024031177,0.023147488,0.02233184,0.02132463,0.020336779,0.019494142,0.018681929,0.017997637,0.017334618,0.016476996,0.015695058,0.014911368,0.013914859,0.013036311,0.012099149,0.010916152,0.009767201,0.0085839005,0.0076700724,0.0068876334,0.006277015,0.0057932762,0.0052916855,0.0050853435,0.0049729226,0.005027878,0.0050859014,0.0051814425,0.005271515
Wrap,0,23,3,0.75122327,0.739746,0.7323759,0.72181755,0.7204102,0.7143702,0.71198386,0.7097374,0.7061498,0.7040774,0.7072935,0.7103854,0.71026444,0.7136375,0.7130817,0.71611094,0.71737915,0.7133183,0.7116543,0.7084118,0.70520616,0.6986797,0.6861376,0.6754418,0.6638168,0.65123194,0.638849,0.6226163,0.610907,0.59829605,0.58589715,0.57430905,0.5623738,0.5492829,0.54067904,0.5303138,0.5243946,0.51079035,0.50313324,0.4951935,0.48580322,0.47659984,0.46356618,0.4537626,0.44126529,0.42387965,0.41078535,0.39216068,0.37208918,0.35265297,0.33033657,0.30907306,0.282562,0.25883153,0.23336756,0.20854983,0.18277833,0.1583855,0.13451576,0.1100977,0.08959816,0.06749958,0.055385526,0.045831826,0.051769573,0.06697683,0.08372354,0.10515642,0.12499865,0.14582494,0.16792965,0.19033507,0.21311057,0.23644786,0.25883478,0.2810755,0.30423635,0.32677406,0.35084772,0.37646058,0.40041733,0.4230086,0.45142382,0.47290647,0.4923355,0.5148344,0.53441703,0.55124176,0.56644964,0.58293945,0.5939535,0.60452133,0.61235803,0.6228276,0.62988067,0.6334716,0.64251065,0.6435612,0.64993864,0.6584809,0.0036220588,0.0035761558,0.0036197798,0.0035202957,0.0035096577,0.0035562,0.0036107607,0.0036794418,0.0036817295,0.0037257764,0.003741595,0.0038721976,0.0040493663,0.004184509,0.0044272076,0.004599986,0.0048600286,0.0051837894,0.005310488,0.005709687,0.005910536,0.0063327374,0.006541436,0.0069303405,0.007223999,0.007547418,0.007802866,0.008057272,0.008267594,0.008471275,0.008720093,0.0089508835,0.009346756,0.009751688,0.010171767,0.010748673,0.011253108,0.011716889,0.012260879,0.0130758695,0.01374183,0.014568086,0.015197393,0.016077768,0.016951973,0.0176876,0.018600248,0.019314067,0.020243544,0.021125402,0.021855718,0.022770837,0.023481742,0.024061123,0.02441094,0.02478472,0.025031174,0.025094563,0.025012597,0.025180956,0.02542419,0.02545605,0.025559075,0.02570867,0.025944805,0.026098477,0.02622048,0.026107682,0.025958464,0.025594696,0.025094273,0.024379402,0.023549134,0.022630533,0.021609021,0.020612221,0.019808942,0.019048568,0.018336609,0.017731639,0.01689365,0.016103383,0.015275662,0.014374719,0.01332028,0.012301426,0.011118343,0.009924124,0.00875051,0.007800724,0.006998521,0.0063528735,0.005798939,0.0053766253,0.005156172,0.004994499,0.0050205733,0.005144802,0.0051596067,0.0051762625
Wrap,0,24,3,0.7514511,0.7408252,0.73225737,0.7237248,0.72088844,0.7147936,0.7116333,0.707295,0.7078179,0.7047102,0.7083745,0.71148205,0.70968086,0.7130764,0.7124108,0.71756,0.7178018,0.7142262,0.7125913,0.70769525,0.7050525,0.6963619,0.6870186,0.6768737,0.66279846,0.6497217,0.6379669,0.623109,0.61055404,0.5975345,0.5853016,0.5726883,0.5597494,0.5476433,0.5412355,0.5271259,0.5224209,0.5116612,0.50352347,0.49390215,0.48587105,0.4755406,0.4646157,0.45461416,0.44134802,0.42644975,0.41109067,0.39216754,0.37287527,0.35385507,0.33024907,0.3070047,0.28444627,0.25947466,0.23359765,0.20848608,0.18302841,0.15831234,0.13301253,0.110012054,0.08737702,0.067589186,0.05285568,0.047018297,0.04939359,0.06479116,0.084356725,0.10327229,0.12469326,0.14705256,0.16771589,0.1912025,0.21308292,0.23721817,0.25888193,0.2826752,0.3052359,0.3289541,0.35394344,0.37728685,0.40152887,0.42318273,0.45169646,0.4703337,0.49025968,0.51542383,0.53052324,0.55161005,0.5671558,0.58215034,0.59334683,0.6046483,0.6132116,0.62413925,0.6281995,0.6370133,0.6396038,0.64341646,0.64873123,0.65625787,0.0035301466,0.003535807,0.0034880901,0.0034332024,0.0034927912,0.0034554377,0.0034727948,0.0035600981,0.0036272681,0.003626947,0.003754461,0.0038510105,0.0039771907,0.004115174,0.0043885396,0.0046552126,0.0048976955,0.0051361807,0.005496087,0.0057707075,0.006033978,0.0063265734,0.006672362,0.0069572194,0.0072266003,0.0074879304,0.007804156,0.00793031,0.008250948,0.008448221,0.008636822,0.008900878,0.009190454,0.00961082,0.010032261,0.01053992,0.011045332,0.011710067,0.0121996915,0.012979339,0.013680221,0.014512296,0.015192582,0.016019832,0.016873121,0.01770205,0.018462077,0.019383203,0.020107465,0.021038204,0.02180776,0.022677837,0.023349136,0.023961687,0.024305683,0.024693435,0.024995778,0.02501869,0.025143465,0.025280096,0.025339624,0.025388967,0.025593296,0.025846755,0.025979368,0.026212025,0.026270568,0.026247278,0.026137954,0.025726892,0.025297798,0.02454498,0.023681955,0.022845775,0.021816121,0.02082488,0.019965209,0.019101538,0.018386766,0.01770817,0.016896613,0.016050514,0.015247929,0.014230119,0.013264939,0.012312055,0.011032737,0.009931783,0.008765371,0.007788694,0.0070407707,0.0064247865,0.0058465498,0.005399464,0.0051464965,0.0050821938,0.00504706,0.0051000956,0.0051507982,0.0051517016
Wrap,0,25,3,0.75089794,0.73952556,0.73232013,0.7233037,0.72108626,0.71480507,0.71131146,0.708633,0.70796704,0.70655525,0.70839816,0.7117579,0.71177924,0.71472263,0.71306664,0.7167625,0.7189739,0.7144079,0.7150151,0.7054364,0.70658475,0.6902153,0.6865653,0.6770495,0.66304344,0.65295714,0.6393715,0.6249146,0.6120154,0.5984529,0.58711815,0.5765174,0.56200707,0.55075085,0.53805363,0.5305986,0.52465975,0.51267815,0.50354546,0.4971403,0.4864208,0.47815233,0.46644282,0.4542815,0.44282055,0.4274404,0.40987265,0.39461008,0.3737689,0.35329363,0.33217216,0.30804658,0.2835624,0.2588823,0.23308472,0.20752752,0.1828341,0.15714914,0.1327915,0.109148145,0.08633377,0.06781208,0.050670963,0.045846514,0.049345758,0.06573867,0.08326903,0.10399659,0.1261411,0.14532651,0.16926157,0.19064182,0.21349792,0.23635273,0.25941125,0.2819443,0.30670336,0.32922664,0.35321656,0.37543452,0.40287757,0.42490447,0.45132607,0.47384164,0.49548185,0.5124897,0.533524,0.55037826,0.56682247,0.5817133,0.59296316,0.6042446,0.6129464,0.622642,0.6282668,0.6342223,0.6402555,0.64322364,0.6502885,0.65695226,0.003398029,0.0034848296,0.0034860666,0.0034008718,0.003373786,0.0034523571,0.0034583027,0.0036424478,0.0035690288,0.0036738026,0.0037758395,0.0038819404,0.0040428266,0.0042549944,0.004406385,0.004601962,0.0049056676,0.0051223,0.0053741415,0.005596007,0.006021906,0.0061717853,0.006511456,0.0068078507,0.0072006504,0.007471702,0.0076786582,0.007821808,0.008127979,0.008296359,0.0085278265,0.00873921,0.009049119,0.009443874,0.009822394,0.01040042,0.010932124,0.011462193,0.012091163,0.012882482,0.013576485,0.014447965,0.015117371,0.015925968,0.016816813,0.017610488,0.018436069,0.019222608,0.02008386,0.0210006,0.021742443,0.02264716,0.023292148,0.023872651,0.024240155,0.02472651,0.024967883,0.025114952,0.025119876,0.02525123,0.025242038,0.025336118,0.025455382,0.02568232,0.025843984,0.02603638,0.02612228,0.026089035,0.025979584,0.025698582,0.025171326,0.024471777,0.023643477,0.022780335,0.021768283,0.020762518,0.019960072,0.019112857,0.01839601,0.017778538,0.016941803,0.01621548,0.01540949,0.014516873,0.01350367,0.012471247,0.011294891,0.010031059,0.008831062,0.007859965,0.007130094,0.006484052,0.0058664633,0.0054253703,0.0051834495,0.0050608697,0.005032506,0.005117616,0.005153606,0.005180457
Wrap,0,26,3,0.7504712,0.7401968,0.7327007,0.72269183,0.7219696,0.71482104,0.71022165,0.7080027,0.7073025,0.7051272,0.7113736,0.711067,0.7091568,0.71527743,0.7137571,0.7177392,0.7188563,0.7145556,0.71568596,0.70686865,0.708108,0.6917475,0.687721,0.6763509,0.6662143,0.650063,0.64113194,0.6252416,0.61167103,0.5997301,0.58551294,0.57529,0.56150097,0.5505185,0.5421244,0.5293109,0.5264429,0.5131897,0.5046231,0.4977813,0.48733822,0.47814485,0.46624637,0.4544975,0.4436681,0.42840558,0.4112548,0.39477175,0.374385,0.3530351,0.3316626,0.30799893,0.2842629,0.25799224,0.23318893,0.20817514,0.18308893,0.15867466,0.13401146,0.10806242,0.08807889,0.06697772,0.05276508,0.04437896,0.048293594,0.06369388,0.08356989,0.102871835,0.12356957,0.14599456,0.16896677,0.19078341,0.21343799,0.23693772,0.26070693,0.28312075,0.3044776,0.32977155,0.35228404,0.37858453,0.40228677,0.42561585,0.4533148,0.47356617,0.49590304,0.5171471,0.533426,0.55190575,0.5678092,0.583156,0.59444326,0.6057146,0.6142697,0.62340444,0.62728506,0.63487697,0.63927865,0.64470553,0.649214,0.6570831,0.0032757255,0.0034198915,0.003426956,0.0033042384,0.0033889709,0.0033121633,0.0034383305,0.0034426646,0.0035826322,0.0035490133,0.0036551037,0.0037518647,0.0039054903,0.0041141016,0.0042674704,0.0045631966,0.0048845136,0.005018469,0.0052321926,0.0055459794,0.0058107795,0.005967557,0.00640697,0.0066532632,0.007009415,0.0072804033,0.007570495,0.007787756,0.008071599,0.008227851,0.0084027555,0.008727796,0.009024117,0.009419415,0.009831873,0.010338338,0.010927598,0.011404971,0.012117501,0.012808282,0.013554922,0.014294032,0.0150687955,0.015872141,0.01675607,0.017586116,0.018456861,0.019273572,0.020111658,0.0209905,0.021779012,0.02267166,0.023296736,0.023892077,0.024289053,0.02470175,0.024869781,0.024962261,0.025077535,0.025223266,0.025125125,0.02525181,0.02531725,0.025549127,0.02569458,0.025891887,0.0260458,0.025981167,0.025926758,0.025632968,0.025062637,0.024283536,0.02352121,0.022560993,0.021654714,0.020739336,0.01988189,0.018880568,0.018260458,0.017614324,0.016923286,0.016124655,0.01541099,0.014391175,0.013414397,0.012460986,0.011194413,0.01007972,0.0088682845,0.007851961,0.0070537203,0.0064109536,0.0058339313,0.0054044053,0.0051032803,0.005054974,0.0050382973,0.005078906,0.0051214187,0.005158663
Wrap,0,27,3,0.7519112,0.7383736,0.73261654,0.72316873,0.7215712,0.71502864,0.7081304,0.7090426,0.7074998,0.7047064,0.7080167,0.7094913,0.7113373,0.7114756,0.7119986,0.7160484,0.71801066,0.7133285,0.7140047,0.70599693,0.7044248,0.69726866,0.6865008,0.67333615,0.6634729,0.6505524,0.6383453,0.6231204,0.6103326,0.5983211,0.5843525,0.57215357,0.5609176,0.54931664,0.53854954,0.52762043,0.5239992,0.51106125,0.5032739,0.49447316,0.48505834,0.47559437,0.4658589,0.4544631,0.44244274,0.42612278,0.41037384,0.3920325,0.3738955,0.35421434,0.3288831,0.30776492,0.28288272,0.2600593,0.23401843,0.20959254,0.18388814,0.15955414,0.13472216,0.10940662,0.08993595,0.067475736,0.05519258,0.045955934,0.049666286,0.06472814,0.082684815,0.10230408,0.124848135,0.14530356,0.16757378,0.18961696,0.21315657,0.2365321,0.25841907,0.28144515,0.30612203,0.32786456,0.35264462,0.37770906,0.40294653,0.4248397,0.4538043,0.47345412,0.49547565,0.5122181,0.5341146,0.55002326,0.566912,0.5821819,0.5936803,0.6055626,0.610782,0.6227325,0.62858415,0.63451964,0.6386912,0.64336383,0.64916444,0.6567445,0.0034739585,0.0035115813,0.0034722197,0.0034949456,0.0034403496,0.0034521732,0.0034874242,0.0035736652,0.0035754417,0.0037095624,0.0038026175,0.0038888745,0.0039850306,0.004176325,0.0043062805,0.0045681694,0.0048357095,0.005056833,0.0053928597,0.005633534,0.0058955634,0.0062122485,0.0064637307,0.00682747,0.0071610613,0.007326879,0.007689127,0.007827416,0.008140098,0.008244947,0.008419603,0.008766526,0.009077241,0.009413425,0.009794313,0.01040937,0.010949595,0.01152286,0.012060617,0.012837097,0.01353995,0.014427021,0.015195338,0.015962774,0.016849399,0.01752905,0.018438887,0.019170532,0.020089854,0.020915765,0.021679346,0.022517342,0.023204584,0.02394605,0.024299389,0.024620706,0.024945224,0.025004134,0.025153482,0.025194949,0.025288625,0.025490662,0.025546841,0.02578085,0.026020555,0.026170181,0.026222242,0.026160086,0.0260416,0.025695499,0.025119912,0.024434222,0.023583705,0.022745105,0.021674076,0.020760568,0.019934358,0.01910901,0.018317778,0.01761613,0.01687624,0.016050424,0.0152477,0.0143582625,0.0133403605,0.01227267,0.011128589,0.009925382,0.00879145,0.0078058075,0.007005786,0.006364851,0.005718251,0.0052990913,0.0050655515,0.0049364306,0.0049128747,0.0049072946,0.0049405126,0.005037789
Wrap,0,28,3,0.75203073,0.7405041,0.7317986,0.72298056,0.72133934,0.71480495,0.7084216,0.7084394,0.7059844,0.7047013,0.7074589,0.707526,0.7097216,0.71098346,0.7123506,0.71285903,0.71569735,0.711373,0.7140043,0.70503616,0.7044665,0.695859,0.6839049,0.6713387,0.6618299,0.6455313,0.6360349,0.6225614,0.6071787,0.59525216,0.5830547,0.57194716,0.5586857,0.54588675,0.5351262,0.5257483,0.51849604,0.5087159,0.4969985,0.49024507,0.4817323,0.47203597,0.4610729,0.45000657,0.43739858,0.42200905,0.40770486,0.3896928,0.3708262,0.35114068,0.3278243,0.30749002,0.28267774,0.2595863,0.23419788,0.2094964,0.1844195,0.16016988,0.13575536,0.112517245,0.09137033,0.0720829,0.05899909,0.049668927,0.053098936,0.067714505,0.085769065,0.10464564,0.12638396,0.14590378,0.16794747,0.19011088,0.2129933,0.23574758,0.2587109,0.2819721,0.30550796,0.32878983,0.35278276,0.37542075,0.40380833,0.42270038,0.45129493,0.47217983,0.4945326,0.5135362,0.5317898,0.5494836,0.5657678,0.58173525,0.5924534,0.6044477,0.61203986,0.6227536,0.6294221,0.633357,0.6392886,0.6427626,0.64861596,0.65455985,0.0034397135,0.0034073775,0.0033487452,0.003397806,0.0033524695,0.0033130343,0.0033974769,0.0034902282,0.0034746793,0.0035906876,0.0036394666,0.0037880107,0.0039962507,0.0040889257,0.004349254,0.00455353,0.004877975,0.0050777663,0.005400862,0.005586106,0.005962737,0.0062137945,0.0065043163,0.0067602275,0.0072138594,0.007413431,0.007725352,0.007875593,0.00815398,0.008311477,0.008549313,0.008890284,0.009189273,0.009557529,0.00994761,0.010576763,0.011058602,0.0115910405,0.012071018,0.012928262,0.013609317,0.0144182565,0.015288206,0.01599936,0.01686472,0.017626308,0.01845017,0.01923327,0.020054515,0.020920321,0.021666056,0.022517798,0.023221828,0.023825888,0.024123473,0.024620732,0.024734743,0.0248197,0.024938699,0.025004294,0.025015831,0.025130907,0.025193132,0.025453178,0.025655737,0.02580924,0.025933702,0.025900234,0.025725007,0.025442258,0.024874654,0.02409753,0.023297844,0.022332432,0.021401906,0.02034987,0.01951893,0.018720629,0.017990557,0.017358288,0.01659812,0.015814995,0.015024959,0.014169919,0.013160314,0.012114962,0.010931034,0.009713718,0.008588021,0.0076494613,0.006848869,0.006219877,0.0056870966,0.0052443566,0.004907398,0.004872169,0.0047993083,0.0049008303,0.0049035796,0.0049427357
Wrap,0,29,3,0.7498357,0.73897105,0.73160815,0.72185826,0.71926093,0.71400994,0.7071436,0.7041504,0.70496947,0.7020893,0.70531243,0.70912725,0.7077515,0.7112009,0.71041435,0.71164006,0.7137176,0.7090932,0.7096311,0.7000292,0.69981235,0.6849882,0.67973894,0.67106646,0.6560603,0.64110833,0.6328902,0.61809427,0.60347027,0.59152484,0.5755658,0.5664785,0.55219424,0.5418726,0.5325976,0.519398,0.51480746,0.5050619,0.49164948,0.48666418,0.47656217,0.46820453,0.45697856,0.4466308,0.43290165,0.41856802,0.4031594,0.3871657,0.36768377,0.3483691,0.32785234,0.3055243,0.28187343,0.25822616,0.23420517,0.20928635,0.18534976,0.161938,0.13794135,0.11380972,0.09674042,0.077126116,0.062303204,0.05561005,0.0580021,0.06975992,0.08638187,0.10605622,0.12574106,0.14600292,0.16697909,0.19038783,0.21207474,0.23488787,0.25738183,0.28158984,0.3044603,0.3300218,0.35415602,0.37811258,0.40336716,0.42668292,0.4536356,0.47324294,0.49493125,0.51681226,0.53306514,0.5517636,0.56659836,0.58278954,0.59405065,0.60389614,0.61129445,0.6216753,0.62694514,0.63310623,0.6380526,0.6430738,0.64712465,0.65680313,0.0033825631,0.0033276787,0.0033784166,0.0032815086,0.0033022717,0.003254248,0.0032973732,0.0034259215,0.0034692977,0.0034774076,0.0035982956,0.003753034,0.0037974664,0.00402793,0.0041868524,0.0044111945,0.0046895198,0.004866228,0.005182988,0.005399985,0.0058671464,0.006025869,0.0063702515,0.006793329,0.007146964,0.0074551003,0.007713078,0.007984041,0.0082878275,0.008497849,0.008630354,0.008827016,0.009189088,0.009609829,0.010104609,0.010573578,0.010998066,0.011648821,0.012227722,0.012964428,0.013663145,0.014491045,0.015274988,0.016237782,0.017035965,0.017884014,0.018655922,0.019484103,0.020374525,0.021267843,0.022040466,0.023001716,0.023599092,0.024127677,0.024643652,0.024962727,0.025118431,0.025343819,0.025417425,0.025595317,0.025600428,0.025553705,0.025682067,0.025810337,0.025984785,0.025993804,0.025965229,0.025846882,0.02577942,0.025324572,0.024802791,0.023980133,0.023067238,0.022230182,0.02124568,0.020322612,0.019392872,0.018647006,0.01795124,0.017323323,0.016596526,0.015884433,0.015102225,0.014168395,0.013255886,0.012385221,0.011083092,0.009970627,0.008720081,0.007764236,0.0070438646,0.0063753235,0.005814466,0.005390038,0.0051293336,0.0049378187,0.0049180966,0.0049794875,0.004974075,0.0050427816
Wrap,0,30,3,0.7496963,0.73887765,0.731647,0.72266686,0.7188381,0.71352595,0.70789427,0.7069016,0.70466304,0.7028644,0.7081346,0.7053842,0.7067929,0.70914614,0.7096502,0.71334195,0.71448374,0.7087383,0.71036124,0.70116514,0.70020866,0.6913832,0.6832404,0.6683689,0.6570844,0.64605856,0.63246214,0.6180266,0.6046066,0.5905869,0.57716185,0.56610674,0.55633116,0.5404501,0.5337601,0.5210053,0.5175671,0.50478387,0.4966789,0.48738188,0.47808492,0.46806255,0.45696408,0.446292,0.4343664,0.41841996,0.40374038,0.3867386,0.36711556,0.3475492,0.32765454,0.3049813,0.2825194,0.2573151,0.23403808,0.21004464,0.18493313,0.16175884,0.13855591,0.11365499,0.09579718,0.075184256,0.060998064,0.054906853,0.05754983,0.07061633,0.08649002,0.105285704,0.1270068,0.14706491,0.16750579,0.1901465,0.2128354,0.23634216,0.2592465,0.28159547,0.3058818,0.33010843,0.3544137,0.37818864,0.40315026,0.42623368,0.45263568,0.4740463,0.49530804,0.5149659,0.53187114,0.5512762,0.5667128,0.5823236,0.59525335,0.6047902,0.6120733,0.623101,0.6266288,0.6361044,0.6406367,0.6427926,0.65005773,0.65704095,0.0034155212,0.0033913453,0.003440261,0.0034087042,0.0034369458,0.0033813736,0.0034150195,0.0035517009,0.0035580355,0.0036326358,0.0037569774,0.003806256,0.003941424,0.0041615088,0.0043218494,0.004680721,0.0049129305,0.0050765304,0.005479546,0.0056583625,0.0060890745,0.0062850006,0.0065632206,0.006881267,0.007256835,0.0075219814,0.0077748834,0.007958549,0.008219869,0.008342845,0.008589917,0.008887053,0.009289527,0.0095884595,0.010040541,0.010657251,0.011135981,0.011679058,0.012346143,0.013009241,0.013663796,0.01450073,0.01520191,0.016067322,0.016863909,0.017739994,0.018481394,0.019386524,0.020159068,0.021065792,0.021946851,0.022798046,0.023589455,0.024231616,0.02462328,0.025011929,0.025236357,0.025395855,0.0255347,0.02554313,0.025685301,0.025751373,0.02570494,0.025993621,0.02618568,0.026182197,0.026219107,0.026164113,0.025823327,0.025507221,0.025036851,0.024290668,0.023425609,0.02254873,0.021552892,0.020654552,0.019749457,0.018877147,0.018215671,0.01747898,0.016802682,0.016047489,0.01532043,0.014444847,0.013382282,0.01241368,0.011258513,0.010141266,0.0088787405,0.007884466,0.0071038175,0.00639684,0.0059012943,0.005380753,0.0051319622,0.005010016,0.0049394704,0.0049824505,0.005064893,0.005098293
Wrap,0,31,3,0.7506191,0.73853946,0.7314301,0.7211572,0.7193121,0.7138647,0.7101751,0.7058093,0.7055526,0.7019624,0.71043235,0.7067946,0.70812815,0.7106272,0.71074414,0.71301174,0.7161303,0.7093063,0.71152085,0.7028767,0.7022898,0.69389033,0.682427,0.67116195,0.658082,0.64380467,0.6356015,0.61649764,0.60729027,0.5919878,0.5803446,0.5664165,0.5540389,0.54393613,0.5323247,0.52404225,0.5166045,0.5024168,0.4952975,0.4876331,0.47906378,0.46905226,0.45856193,0.44900927,0.434569,0.420348,0.40551072,0.38821995,0.36827207,0.34992287,0.32929775,0.3051813,0.28262356,0.25761992,0.23371574,0.20987666,0.18582022,0.16162314,0.13880022,0.114593215,0.09476365,0.07453916,0.062116276,0.054176312,0.057218034,0.070527755,0.085499406,0.10517883,0.12487675,0.14593518,0.16690671,0.18958007,0.21010952,0.23607928,0.25759485,0.27974525,0.3029374,0.32677227,0.35111192,0.3765904,0.40035203,0.42390138,0.45199695,0.47453868,0.49191502,0.5143575,0.53198045,0.55032223,0.5659539,0.581493,0.59215057,0.6058327,0.61117405,0.6228252,0.625984,0.63532275,0.6388401,0.64414424,0.64826226,0.6567227,0.0034143268,0.0034390662,0.0033952123,0.0033769866,0.003415741,0.0033896568,0.003378022,0.0035064623,0.0036184255,0.0036117944,0.0037315304,0.0037792027,0.0039274446,0.004118356,0.0043069976,0.0045217033,0.0048925513,0.0050415173,0.0053804,0.0055689686,0.00593854,0.006200427,0.006515017,0.0068011945,0.007123434,0.007335825,0.00762388,0.0077518043,0.008090201,0.0082620215,0.0083885,0.008673327,0.0089984285,0.009343926,0.009728062,0.010379901,0.010845929,0.011370112,0.011969604,0.012797473,0.013372626,0.014269905,0.015060909,0.015865179,0.016681403,0.017463215,0.018321391,0.019130604,0.019986117,0.020859485,0.021710906,0.022537965,0.023259187,0.02385819,0.02432535,0.024635462,0.024933098,0.025100453,0.025082562,0.025219433,0.025265327,0.02522953,0.0252628,0.025582619,0.025764974,0.025842527,0.025941439,0.02588851,0.025780007,0.025391903,0.024817895,0.024157718,0.02327992,0.022397755,0.021479834,0.02050345,0.01960275,0.018855615,0.01814182,0.01745181,0.016608782,0.015954405,0.015225117,0.014293651,0.013292065,0.012360093,0.011089435,0.009919372,0.008744479,0.0077385106,0.0069012907,0.0062573086,0.0057437187,0.0052288384,0.005028206,0.0048801876,0.0048246863,0.0048897224,0.004961688,0.004983203
Wrap,0,32,3,0.7501937,0.7376104,0.73113126,0.7220947,0.7193255,0.71399283,0.70927405,0.7082697,0.7052378,0.70302993,0.70689344,0.70955986,0.709631,0.7101276,0.7102779,0.7149861,0.71533865,0.71039665,0.70988476,0.7007407,0.7026006,0.693126,0.68299407,0.67050004,0.6564456,0.64364576,0.63477373,0.619052,0.60556304,0.5914956,0.577684,0.5660258,0.5555254,0.5425497,0.5331742,0.5209366,0.5176439,0.5051798,0.4956931,0.48823094,0.47765303,0.4706066,0.45887634,0.44809282,0.4360479,0.42126492,0.40501213,0.388871,0.36840948,0.34896207,0.3284795,0.3066306,0.28300884,0.25898686,0.23429365,0.20980534,0.18541288,0.16186397,0.13863033,0.11433799,0.09449446,0.07575411,0.06338156,0.053407926,0.056210294,0.06901461,0.0869721,0.102310196,0.124127276,0.14631368,0.16713661,0.19102542,0.21213679,0.23657276,0.25721988,0.2808555,0.30436945,0.328818,0.35350257,0.37544644,0.40187377,0.42393038,0.45236516,0.47151485,0.4931034,0.5134378,0.5333215,0.54962355,0.5649925,0.5821964,0.59202784,0.6040327,0.6120504,0.6223629,0.6271191,0.6345815,0.63840806,0.64354163,0.64915913,0.65706307,0.0035010087,0.0035203912,0.0034914457,0.003461213,0.0034424835,0.0035194012,0.0035816764,0.0035895552,0.0036088524,0.0035920215,0.003726192,0.003875703,0.004034583,0.0041723144,0.004384438,0.004570551,0.0048786164,0.005029761,0.005358779,0.0055514984,0.0058893855,0.006220535,0.0065193637,0.006798295,0.0071223318,0.0073864143,0.00771326,0.007914182,0.008177579,0.008311337,0.008481584,0.008731682,0.009134983,0.00947597,0.009933331,0.010453453,0.0109196445,0.0114473365,0.012073516,0.012872372,0.01346481,0.01442744,0.015116098,0.015998648,0.016768413,0.017633956,0.018382931,0.019273335,0.020113397,0.020930532,0.021765625,0.02265366,0.023347482,0.023959547,0.02436205,0.024696968,0.025015438,0.025126763,0.025124379,0.025170475,0.025189726,0.025251154,0.025216987,0.025418125,0.025630526,0.02571198,0.025721088,0.025654925,0.025507152,0.02510784,0.02457087,0.023889707,0.02300297,0.022131631,0.021246107,0.020237502,0.019412996,0.018660137,0.017907657,0.017332358,0.016534144,0.015772706,0.01509619,0.014119029,0.013196528,0.01223161,0.011074592,0.009877879,0.0086969845,0.007824166,0.007048869,0.0063345814,0.0058053527,0.0052959863,0.00507276,0.004925504,0.0048734266,0.0049510933,0.004960334,0.004972115
Wrap,0,33,3,0.75057256,0.7389008,0.73069775,0.72124845,0.7187238,0.71386707,0.70803225,0.7073719,0.70456034,0.70297754,0.70759314,0.70865667,0.7092067,0.71093094,0.71141213,0.71499294,0.7159783,0.71097076,0.7079174,0.70122975,0.70140964,0.69423425,0.67985433,0.67185766,0.6587268,0.6441685,0.631002,0.6177017,0.60463166,0.59179527,0.5805681,0.5683051,0.55572975,0.5446506,0.53031075,0.5219542,0.516766,0.50255984,0.4953178,0.48737338,0.4795611,0.46840224,0.4577177,0.44799656,0.4342842,0.42076874,0.40373436,0.38845462,0.3697346,0.34869838,0.32949325,0.30406895,0.2831596,0.25881502,0.23460351,0.20983088,0.18602058,0.16065572,0.13785218,0.113264225,0.095570646,0.07589882,0.06262397,0.054328375,0.056475673,0.070368186,0.085789606,0.10500813,0.12606011,0.1453004,0.16893996,0.19052547,0.2125265,0.23569946,0.25846133,0.28188238,0.30359307,0.32730222,0.35173172,0.37674594,0.4021128,0.42358208,0.4529324,0.4725942,0.49153173,0.51434106,0.53127253,0.5496964,0.56522346,0.5808893,0.5923887,0.60375595,0.61171705,0.6227453,0.62797916,0.6352827,0.6407889,0.64184636,0.65026075,0.6573802,0.0035317377,0.0035290064,0.003451141,0.003424946,0.00341379,0.0033934126,0.003439008,0.0035139648,0.0035455527,0.0036255845,0.0037021332,0.0037990252,0.003991617,0.004162966,0.004338878,0.0046379264,0.0048648412,0.005078057,0.0053739767,0.005640002,0.0060920143,0.006325419,0.006559436,0.0068333815,0.0071766996,0.007479925,0.0077086654,0.007976838,0.0082110055,0.008298968,0.008609163,0.008868922,0.009205165,0.009645767,0.009937361,0.010513083,0.010993613,0.011544221,0.012118894,0.012860042,0.01352288,0.014314725,0.015149118,0.015929524,0.016798439,0.017680047,0.01844452,0.01924962,0.02008548,0.020911517,0.02173053,0.022535736,0.023261469,0.023949146,0.024272237,0.024620224,0.024847575,0.024961522,0.024919178,0.0249567,0.025037875,0.024975726,0.02502704,0.025217254,0.025417712,0.025397744,0.025446896,0.025370322,0.025252966,0.024925128,0.024330465,0.02366289,0.02288002,0.021993486,0.021113262,0.020166313,0.019273065,0.018532136,0.017860511,0.0172344,0.01650685,0.01575215,0.015001155,0.014155297,0.0130951125,0.0121348165,0.0109971985,0.009831601,0.008665815,0.0077387136,0.0070192395,0.006382364,0.0058174552,0.0053833793,0.0051520546,0.005044667,0.004964097,0.0050800378,0.005072064,0.0051058074
Wrap,0,34,3,0.7487325,0.7388438,0.7321663,0.7213703,0.72075266,0.7136969,0.7081677,0.7076108,0.703617,0.703094,0.7063514,0.71033907,0.7075169,0.7114893,0.7109013,0.7133903,0.7158806,0.7115111,0.7106917,0.70303416,0.70140713,0.68857574,0.6810036,0.67225134,0.65790427,0.6433344,0.6349569,0.61671406,0.60578185,0.5919534,0.57871544,0.5677442,0.55451506,0.54404545,0.5332598,0.5265436,0.5153048,0.50471216,0.49777427,0.4891579,0.47875166,0.46988264,0.4588133,0.44833827,0.43583697,0.4213828,0.4040727,0.3900663,0.36954117,0.34904706,0.32844195,0.30597308,0.28296053,0.25875592,0.2344922,0.2100149,0.1855026,0.16311938,0.13861825,0.11374839,0.09418346,0.07556242,0.06025903,0.054395232,0.05654088,0.06915694,0.08680607,0.104893915,0.1271746,0.14522292,0.16878667,0.1898745,0.21279295,0.2348586,0.2585879,0.28061956,0.30349973,0.32792196,0.35005403,0.37483346,0.4001405,0.4236675,0.4502051,0.47303465,0.49346414,0.51409215,0.52964276,0.5505195,0.5652168,0.58029884,0.5928442,0.6043068,0.6119935,0.6225899,0.6286518,0.63380414,0.63850063,0.64518005,0.64892685,0.6562419,0.003352842,0.0034318985,0.0032988351,0.003294362,0.0033477135,0.0033583778,0.0034137762,0.0034596035,0.0034722795,0.003572174,0.0036447016,0.0038069778,0.0038768095,0.0040358035,0.004240794,0.0045094457,0.004816204,0.00498799,0.0053497325,0.0055543534,0.005904066,0.006156359,0.0064551686,0.0067422357,0.0071263737,0.0073696007,0.007589866,0.007804861,0.008089872,0.008234048,0.008503594,0.008792076,0.009109852,0.009472094,0.009892876,0.010434128,0.010938742,0.011450036,0.012026916,0.0128115835,0.013464054,0.014375949,0.015007414,0.015879037,0.016772307,0.017498,0.018288264,0.019193446,0.020011535,0.02082213,0.021700386,0.022551382,0.023141848,0.02376845,0.024182633,0.024551993,0.024731029,0.024811585,0.024857776,0.024885891,0.024868868,0.024888117,0.024889434,0.025057234,0.025210379,0.025336802,0.025355222,0.025342451,0.02520798,0.024885682,0.024317427,0.02358416,0.022832679,0.021997573,0.021039251,0.020154573,0.019290881,0.018552128,0.017891223,0.017299952,0.016577639,0.015764846,0.01501317,0.014131561,0.013189992,0.012154721,0.010936925,0.0098352805,0.0086436,0.007658914,0.006906735,0.006301755,0.005691649,0.0052888165,0.0050156526,0.00497179,0.0049255034,0.004937798,0.0050417134,0.0050489837
Wrap,0,35,3,0.7501127,0.738909,0.7316073,0.72178537,0.7202048,0.71354324,0.7094188,0.708064,0.70543176,0.7038318,0.70855373,0.7065758,0.708934,0.71030045,0.71207684,0.71416855,0.71689415,0.71120316,0.7112518,0.703543,0.6991646,0.69410646,0.68353903,0.6690336,0.65994185,0.64613336,0.63310903,0.618322,0.6058797,0.59269327,0.5798411,0.5676916,0.5554494,0.5431227,0.5338597,0.523676,0.51640856,0.5045358,0.49762952,0.48943847,0.479362,0.4702565,0.4589691,0.44879183,0.43569523,0.4205528,0.4067961,0.3891835,0.3722703,0.35015443,0.32685927,0.30648378,0.28266978,0.2604041,0.23431498,0.21067047,0.18567173,0.16140631,0.13742349,0.1130252,0.096185334,0.07437861,0.060729414,0.053612027,0.056549825,0.06924078,0.08694535,0.10427515,0.12695941,0.14572091,0.16713859,0.18997283,0.21159667,0.23538727,0.25732756,0.2819388,0.3032853,0.32806024,0.35095087,0.37557206,0.40086287,0.42421818,0.4498052,0.47166505,0.4935684,0.5113284,0.53252476,0.5494109,0.56473255,0.58077896,0.5918022,0.6024794,0.61088896,0.6213246,0.6275752,0.63464534,0.6389061,0.6408019,0.64799404,0.65762806,0.0034063056,0.003393739,0.0033253136,0.003356758,0.0033355143,0.0034064862,0.0034307656,0.0035055336,0.0035156189,0.0035706128,0.0036527298,0.0037678867,0.0039809905,0.0041260915,0.0042865025,0.0045280824,0.0048555806,0.0050455,0.005286628,0.005572689,0.0058568777,0.006198813,0.006469483,0.0067605483,0.0070740315,0.007337774,0.007694136,0.007919165,0.008176692,0.00828934,0.008539453,0.008790468,0.009139779,0.00951466,0.009972428,0.0104508465,0.010989028,0.01152258,0.012156766,0.01292775,0.0136154145,0.014462835,0.015194716,0.016049106,0.016897315,0.017635318,0.018621873,0.019369671,0.020233124,0.02111747,0.021905037,0.022797795,0.023418406,0.023970027,0.024447262,0.024749843,0.02497107,0.025014954,0.025012787,0.024974404,0.025065651,0.025081573,0.025035989,0.025231728,0.025352638,0.025446782,0.02543101,0.025373954,0.025219284,0.024880197,0.024396475,0.023594331,0.022740476,0.021910843,0.020942943,0.020095346,0.019241648,0.018438807,0.01778521,0.017204631,0.016501794,0.01573271,0.014962306,0.0141001595,0.013075035,0.012087827,0.0109294215,0.009779332,0.00862915,0.0076928292,0.006876646,0.00624274,0.00568883,0.0052306433,0.005036999,0.0048654475,0.004853175,0.004948257,0.00502497,0.0050300932
Wrap,0,36,3,0.7507938,0.73796153,0.731474,0.7218151,0.71976054,0.71403784,0.70917016,0.7076535,0.70361304,0.7038365,0.7081281,0.7101598,0.7108978,0.7110571,0.7120137,0.71467966,0.7152368,0.7113987,0.7117723,0.701702,0.7013391,0.6887316,0.6829028,0.6720994,0.65990126,0.64341354,0.6358507,0.61841357,0.6071234,0.5914974,0.5795638,0.5664106,0.554538,0.54238164,0.5353905,0.5237624,0.51527935,0.505354,0.49630198,0.48961458,0.4795836,0.46915695,0.45845813,0.44990408,0.43617567,0.42156553,0.40648642,0.38882458,0.3727235,0.3487389,0.3286499,0.30832568,0.28362322,0.2587696,0.23489858,0.21022356,0.18530962,0.16117293,0.13771597,0.11312753,0.093527965,0.07409961,0.062284093,0.05401674,0.056368846,0.06934172,0.085971534,0.10404934,0.1264124,0.14661495,0.1665541,0.1901579,0.212515,0.23515542,0.2575061,0.2823758,0.3047044,0.32764974,0.35128158,0.37692478,0.4004313,0.42264768,0.45237833,0.47163683,0.49323735,0.51395136,0.53255063,0.55034,0.5654189,0.5804308,0.5924849,0.6062789,0.6127016,0.62285346,0.6271097,0.6351718,0.63761526,0.6443683,0.64878273,0.6574527,0.0033650438,0.0033690582,0.0033121624,0.0032916167,0.0033584754,0.0033691202,0.0034276042,0.003543987,0.003501449,0.003516606,0.0036773267,0.0037523194,0.003848102,0.0040702824,0.004309835,0.0045315037,0.0048179748,0.005021194,0.005317684,0.0055242022,0.005868038,0.0060847513,0.006444544,0.0067528747,0.0070856083,0.0073288158,0.0076045976,0.007882642,0.008168415,0.008299299,0.008495266,0.008819079,0.009136097,0.009507319,0.009950638,0.0105542345,0.010961309,0.011526199,0.012135592,0.012904033,0.013568633,0.014354209,0.015134296,0.015997214,0.016862758,0.017570265,0.018550247,0.01927181,0.020199027,0.02104879,0.02186599,0.022703761,0.023322033,0.023887606,0.024359444,0.024739625,0.02496879,0.025077045,0.025036909,0.025088105,0.025115842,0.025082057,0.025179088,0.025307296,0.025419556,0.025483066,0.025580432,0.025453936,0.025330182,0.024907593,0.024420064,0.023701852,0.02285383,0.021925608,0.021029023,0.020086095,0.01915886,0.018422201,0.017732086,0.017111205,0.016336195,0.015565727,0.014836374,0.013935652,0.012981179,0.012019813,0.010864814,0.009749658,0.008519856,0.0076490818,0.0069052423,0.0062005613,0.005710192,0.0052488227,0.005075326,0.004908513,0.004943979,0.0049997084,0.0051004505,0.005092436
Wrap,0,37,3,0.7508564,0.7398535,0.73166925,0.72294664,0.7208106,0.7147114,0.7093033,0.7085143,0.7066555,0.70499855,0.7072043,0.7098806,0.7102794,0.71137655,0.7117607,0.71562123,0.71760404,0.71226156,0.71117485,0.7040115,0.70221025,0.68471164,0.6841565,0.673651,0.6609652,0.64504653,0.63615525,0.6195033,0.60806596,0.59351414,0.5805124,0.5674619,0.5569965,0.54625195,0.535913,0.5220567,0.5202888,0.5087442,0.4971901,0.492153,0.4812244,0.4727748,0.46119344,0.4513785,0.4382188,0.42269176,0.40779686,0.39048198,0.37052754,0.35232133,0.32955518,0.30715334,0.28427306,0.25943315,0.23370603,0.20950069,0.18479827,0.16045569,0.13687915,0.11273213,0.092053615,0.072341554,0.058202475,0.05083621,0.053440325,0.068778515,0.08428478,0.104026034,0.12494747,0.14546578,0.16798453,0.18931742,0.2116822,0.23454407,0.25888637,0.2804551,0.30492067,0.32720336,0.3519786,0.37567478,0.39970848,0.42375112,0.45080787,0.4722201,0.49252057,0.5134683,0.53024346,0.551257,0.5660898,0.58124584,0.59225893,0.60360694,0.6117662,0.6221531,0.62780833,0.63496655,0.63937473,0.64273775,0.64981604,0.6551319,0.0033242526,0.0033474076,0.003297244,0.0033715342,0.0033025527,0.0033318521,0.003423587,0.0035079601,0.0035337051,0.003601151,0.003709869,0.0037700727,0.003945128,0.004125077,0.0042324876,0.0045249313,0.00485793,0.005037904,0.005278792,0.0055694613,0.005798283,0.0061077313,0.006438607,0.00674558,0.0071082134,0.0073992102,0.0076526543,0.007824849,0.008164244,0.008295245,0.008568875,0.008815345,0.009130667,0.009545928,0.009976418,0.010454838,0.011006641,0.01160801,0.012148208,0.012984697,0.013599951,0.014503477,0.015203834,0.016135246,0.01689783,0.017653868,0.01854775,0.019385265,0.02022782,0.021144193,0.021958914,0.022823485,0.023534635,0.02415631,0.02448646,0.024839468,0.025052218,0.025135675,0.025177889,0.025246482,0.025180915,0.025286838,0.025218535,0.025425294,0.025603482,0.025717152,0.025723426,0.025647044,0.025467409,0.025093123,0.024528302,0.023731528,0.022877593,0.021923136,0.020999877,0.020015111,0.01910099,0.018427301,0.017710647,0.017052775,0.016248098,0.015522946,0.014813896,0.013850881,0.012904307,0.011933393,0.010805961,0.009704121,0.0084963385,0.0075772875,0.0068184356,0.006180498,0.0056636776,0.0052171163,0.0049813916,0.0049256925,0.0048923115,0.004963442,0.0050578327,0.0051158415
Wrap,0,38,3,0.7499638,0.74048454,0.73087156,0.7235901,0.72043467,0.7156273,0.71144164,0.70731735,0.70483094,0.70450014,0.7079875,0.71255213,0.70801127,0.71182007,0.7132453,0.71658766,0.71730065,0.71289295,0.7105368,0.7029442,0.702978,0.69513506,0.685292,0.6699665,0.6616492,0.64518577,0.6351408,0.6219417,0.60653156,0.59476274,0.5816139,0.57086486,0.5574062,0.5455969,0.533427,0.5239819,0.5191619,0.50627744,0.49542275,0.48970962,0.48053166,0.47087523,0.45933577,0.45099407,0.4365913,0.42160138,0.40826264,0.3896297,0.36949465,0.35283175,0.3300076,0.30864212,0.28279257,0.25924113,0.23455413,0.21008554,0.18495314,0.1603056,0.1361867,0.112096876,0.09099219,0.07347372,0.059363298,0.05101547,0.054348104,0.0685603,0.085936144,0.10447839,0.12577151,0.14570716,0.1674017,0.19034807,0.2128649,0.23507388,0.25821558,0.28211632,0.30497116,0.32807368,0.35256356,0.37648863,0.402134,0.4218458,0.45159072,0.47150332,0.49160314,0.5107185,0.5322088,0.54861546,0.5654926,0.58110446,0.5916604,0.605356,0.6118,0.62149614,0.6260173,0.63338333,0.63774717,0.6446928,0.64917874,0.6563256,0.0033515,0.0033686967,0.0033815478,0.0033257557,0.003356333,0.0033910978,0.0034093373,0.0035456761,0.003525193,0.003548963,0.0036800373,0.003857911,0.003970987,0.0041255127,0.0043580956,0.004638392,0.004857663,0.0050870413,0.0053001097,0.005588778,0.0059209336,0.006206272,0.00655877,0.0068158796,0.0071962927,0.0074600726,0.00776222,0.007964052,0.008266259,0.008432348,0.008716256,0.008999658,0.009344327,0.009705674,0.010115722,0.010639778,0.011255321,0.011747918,0.012275586,0.013164159,0.0138082,0.014730909,0.015451728,0.016383676,0.017150804,0.017927948,0.018842801,0.019647542,0.020496875,0.021415353,0.022145532,0.02298551,0.02361058,0.02431072,0.024672916,0.024948467,0.025224375,0.025279371,0.02519583,0.025351772,0.02534761,0.025304405,0.025167512,0.025351452,0.025576668,0.025587657,0.025527934,0.025445553,0.025247483,0.024806524,0.024305286,0.023501491,0.02261419,0.021717947,0.020732392,0.019797666,0.018863445,0.018093998,0.017451448,0.01684291,0.01604034,0.015239337,0.014557107,0.013626527,0.012714253,0.011761443,0.010699989,0.009643402,0.008445218,0.0075393026,0.0067807203,0.006158699,0.0056212777,0.005222452,0.0049252296,0.0049236934,0.0048694853,0.0049277875,0.0050057503,0.00508617
Wrap,0,39,3,0.750317,0.7388795,0.732871,0.7230294,0.71955425,0.71471083,0.70719045,0.70625156,0.706577,0.7031871,0.710694,0.7081872,0.7089218,0.7127197,0.71244377,0.71521765,0.7174001,0.71240914,0.71274424,0.704808,0.7024744,0.6895944,0.68497795,0.67423236,0.65988183,0.64645064,0.635595,0.62036574,0.6070996,0.59498477,0.5822038,0.56949526,0.55811334,0.5442859,0.53664094,0.5217707,0.5212479,0.5050169,0.49889824,0.48922396,0.48141345,0.47190517,0.46049887,0.4510992,0.43755886,0.422977,0.40688878,0.39008185,0.37062895,0.35186043,0.32849905,0.30850005,0.284362,0.2593542,0.23491475,0.21016896,0.18499643,0.16083932,0.136669,0.11300369,0.093044415,0.07369047,0.05880636,0.05169948,0.053495105,0.06819117,0.08445891,0.10471709,0.125804,0.14592057,0.16763388,0.19060755,0.21400775,0.23656702,0.2589032,0.2831133,0.3059802,0.3300021,0.35294503,0.3769009,0.4039606,0.42525437,0.44994888,0.4719246,0.49335697,0.51182806,0.53107727,0.5487111,0.5662308,0.58042765,0.5914006,0.60502553,0.60995746,0.62173456,0.6262365,0.6300489,0.6389352,0.6428576,0.64782923,0.65338045,0.0034479697,0.0034150118,0.0034393128,0.0034083482,0.0034362618,0.0034111876,0.0033888202,0.0035310432,0.003507572,0.0036144431,0.0037966443,0.0038275297,0.0039894492,0.004222983,0.004409575,0.0046162726,0.004983686,0.005164396,0.0054578832,0.0057633617,0.006046761,0.0063075386,0.0066811545,0.006989038,0.007279657,0.007604832,0.007876336,0.008036189,0.008407171,0.008588927,0.0087987995,0.009087127,0.009377562,0.009819582,0.010194266,0.010725624,0.011330949,0.011865006,0.012473183,0.01314508,0.01393676,0.014733482,0.0156135345,0.016392034,0.0172226,0.018048055,0.01886781,0.01972583,0.020566396,0.021483956,0.022217749,0.023060964,0.023772415,0.024468007,0.024762925,0.025065862,0.025312085,0.025378453,0.025432881,0.025472863,0.025449686,0.025502902,0.025501164,0.02560124,0.025682434,0.02572832,0.025714036,0.025602898,0.025426969,0.024991639,0.024353895,0.023616005,0.022739287,0.021843404,0.020897863,0.019961966,0.019096514,0.018239396,0.017481165,0.016891535,0.016192231,0.015394121,0.01466357,0.013800007,0.012854982,0.011834292,0.0107690375,0.009599822,0.008564983,0.007667563,0.006926063,0.006343354,0.0057309484,0.005300857,0.004994302,0.004891868,0.0048793964,0.0050519984,0.00503005,0.0050829537
Wrap,0,40,3,0.75064236,0.74069,0.73201543,0.72310245,0.72050947,0.7139655,0.7072568,0.7071237,0.7050914,0.704035,0.70664954,0.7102195,0.70896375,0.7119265,0.71305084,0.71558154,0.71724564,0.7120164,0.7111594,0.7055512,0.7020975,0.6842783,0.68285614,0.6748228,0.66045624,0.64609253,0.6344046,0.61956644,0.6082109,0.5921611,0.58013064,0.5686763,0.55616045,0.5443733,0.53379023,0.5260444,0.51942456,0.5063859,0.49640238,0.48822343,0.4811603,0.4700836,0.4585813,0.45068935,0.43716547,0.42230782,0.40744245,0.38997173,0.36997288,0.3511481,0.33113137,0.30752763,0.284456,0.25989157,0.23492244,0.2106627,0.18572204,0.16126014,0.13739924,0.113759115,0.09372958,0.07184336,0.058265585,0.050485298,0.052591495,0.066747926,0.08439259,0.10482337,0.12473289,0.1462714,0.16876467,0.19083884,0.21344462,0.23772587,0.26016504,0.28432488,0.30653474,0.3301601,0.35420302,0.37872022,0.4025469,0.42654195,0.45077413,0.47330076,0.49378616,0.5133736,0.5292631,0.54978126,0.56535006,0.57958114,0.5912643,0.6020832,0.6102582,0.6223637,0.6235801,0.63069236,0.6361652,0.64405304,0.6483122,0.6555462,0.00347855,0.0034573239,0.0034619619,0.0034197504,0.0033860158,0.0034037987,0.0035009626,0.0036314726,0.0036038214,0.003665808,0.0037480018,0.0038771324,0.0040149144,0.00426428,0.0044597643,0.004727874,0.0050143963,0.0051645613,0.005412618,0.005708678,0.005996758,0.006245999,0.006587299,0.006898818,0.0072195996,0.00753101,0.007818222,0.008044358,0.008293832,0.008429261,0.008683903,0.008954673,0.009239759,0.009681478,0.010079618,0.010627926,0.011199995,0.011671068,0.012299622,0.013026851,0.013785223,0.014531137,0.015257434,0.016175918,0.016953314,0.017870959,0.018732695,0.019527338,0.020354504,0.021246435,0.02204069,0.022884168,0.023489809,0.024183841,0.024449715,0.024825245,0.025048347,0.025193831,0.025144955,0.025343534,0.0253806,0.025361033,0.025292281,0.02545847,0.025694735,0.025725475,0.02570799,0.025569743,0.025426542,0.025031755,0.024485873,0.023748294,0.022914693,0.02197764,0.021013005,0.019989036,0.019156296,0.018313102,0.01766937,0.016951144,0.016300214,0.015530217,0.014748642,0.013837689,0.012948929,0.011950825,0.010761335,0.009649733,0.008510742,0.0075581353,0.006844284,0.0061648986,0.005672849,0.0052332957,0.004974885,0.004864991,0.004886023,0.0049791085,0.0049934126,0.005126046
Wrap,0,41,3,0.75118846,0.7401903,0.73400193,0.72315145,0.7206434,0.71526957,0.71055365,0.708462,0.70635015,0.70446146,0.7068613,0.7107451,0.71082926,0.7121296,0.7127494,0.71516097,0.7178807,0.71197265,0.7124835,0.70597804,0.70328134,0.6979843,0.68471783,0.6733675,0.66058254,0.64610934,0.63650024,0.6199012,0.6066862,0.59339374,0.58348936,0.56832945,0.5585466,0.54530203,0.5357047,0.52603,0.51934165,0.50647616,0.49621582,0.4891248,0.48244616,0.4714885,0.4619293,0.44943544,0.43763143,0.42267928,0.40681264,0.3909037,0.3708497,0.35070375,0.32993934,0.3074603,0.28360432,0.2591141,0.23462518,0.20989439,0.18495356,0.16052887,0.13687122,0.11204903,0.09367718,0.073573835,0.057086375,0.05213871,0.052827924,0.06694828,0.083707884,0.102456,0.12601998,0.14560255,0.16875966,0.1910346,0.21387766,0.23715962,0.25914633,0.28347152,0.3056675,0.3298804,0.3540393,0.37791827,0.4005063,0.42318544,0.45349243,0.47412714,0.49128887,0.51485294,0.53064805,0.54872066,0.5653816,0.5805054,0.59270847,0.6019862,0.6118461,0.6199766,0.6269162,0.63408256,0.6363895,0.6417419,0.6476326,0.6545881,0.003526371,0.0034737913,0.0035028749,0.0035061322,0.0035108689,0.0035641072,0.0036008302,0.0036531053,0.0036901198,0.0037080306,0.003784816,0.003988026,0.004099661,0.0043118955,0.0045151883,0.0047913343,0.005058639,0.0052190116,0.0054615927,0.0057605333,0.0061142305,0.0063630077,0.0066435053,0.006967125,0.00728959,0.007503997,0.007881777,0.008044294,0.008393719,0.008465863,0.008780445,0.009044529,0.009380936,0.00969333,0.010127562,0.010645274,0.0112199625,0.011779645,0.012299026,0.0130984215,0.013868662,0.01468685,0.0154522965,0.016237026,0.01707291,0.017901888,0.018746627,0.019561306,0.020445809,0.021291533,0.02203497,0.022886809,0.023549596,0.024162803,0.024487248,0.024896825,0.025074868,0.025204897,0.025230402,0.025315333,0.025374332,0.0253989,0.02532921,0.0255827,0.025682317,0.025785265,0.02583443,0.025677133,0.025483001,0.025086537,0.024530869,0.023739269,0.022790005,0.02196976,0.020915512,0.02000266,0.019056467,0.018371845,0.017590927,0.016881905,0.01619823,0.015333399,0.014736374,0.013831153,0.012755995,0.011902297,0.010688651,0.009639932,0.008441065,0.007545647,0.00677393,0.0061689727,0.00561831,0.0052406,0.004996231,0.00495619,0.004897939,0.0050381855,0.0050633596,0.0051079867
Wrap,0,42,3,0.7514947,0.7393552,0.73298407,0.723066,0.71901184,0.7138114,0.70853436,0.7074351,0.706274,0.7042413,0.70960003,0.70831186,0.7101295,0.71280915,0.7115738,0.7168048,0.71740246,0.7121669,0.7107114,0.70473355,0.70334256,0.6894582,0.682554,0.6748601,0.66043216,0.64608145,0.63516575,0.6194482,0.60736376,0.5952122,0.5813247,0.5691485,0.55780256,0.5436685,0.53766334,0.5228757,0.51803106,0.5072391,0.49977654,0.49085772,0.48256886,0.47092143,0.46134585,0.44925764,0.43794116,0.4227947,0.4072311,0.39071786,0.3702758,0.34996295,0.32993612,0.3057507,0.28367904,0.2597519,0.23431177,0.20983653,0.18546678,0.16072649,0.13802671,0.112219654,0.09274381,0.072634876,0.057413053,0.050688643,0.054253098,0.06711191,0.08534253,0.10433712,0.12627147,0.14665759,0.16812642,0.19134292,0.21290155,0.23740996,0.2592608,0.2827191,0.3043679,0.3297778,0.35203707,0.3783391,0.40107086,0.42481852,0.4509918,0.471174,0.49496594,0.5140094,0.5296848,0.549324,0.56356305,0.58048123,0.5914329,0.60196537,0.61029536,0.62025154,0.6263236,0.6306756,0.63995504,0.64265054,0.6485902,0.6552439,0.0034992346,0.0035606418,0.0035177327,0.0034559325,0.0034823888,0.0034812095,0.0035182522,0.0036682119,0.0036932165,0.0036631858,0.0038538254,0.0039131367,0.0041640755,0.0043456634,0.0044928174,0.004728602,0.005045832,0.0052237697,0.005411384,0.005703433,0.0060188146,0.0062758066,0.0065690535,0.0068415,0.0071633696,0.0075133997,0.0077148373,0.007977634,0.008218356,0.008399962,0.0086029265,0.008922749,0.009243945,0.009663834,0.010078735,0.010567992,0.011032885,0.011593576,0.012245647,0.012925093,0.013582799,0.014412075,0.015253931,0.016059402,0.01684292,0.01768486,0.018540345,0.019397508,0.020141864,0.021094233,0.021892011,0.022777425,0.023449378,0.02407346,0.02443796,0.024839265,0.025119232,0.02519677,0.02524279,0.025348676,0.025332075,0.025249898,0.025313105,0.025555339,0.025597695,0.025729828,0.025716987,0.025581643,0.025419965,0.024974136,0.024421873,0.023557436,0.022665458,0.02187053,0.020854853,0.019908777,0.019064171,0.018219829,0.017470868,0.016882664,0.016237503,0.015405732,0.014700668,0.0138262315,0.012886234,0.01190711,0.010783529,0.00966687,0.008472828,0.007632286,0.006857714,0.0062720883,0.0057219276,0.00535816,0.0051535727,0.0049795257,0.0050268527,0.0050668744,0.005092864,0.0051694415
Wrap,0,43,3,0.7510361,0.7388886,0.7308336,0.72213703,0.7204332,0.7142568,0.7091554,0.707469,0.7055203,0.70591736,0.7066348,0.70951605,0.70953625,0.71182287,0.71270144,0.7147152,0.71746033,0.71095955,0.71268445,0.70622617,0.7030584,0.684596,0.684614,0.673042,0.6558006,0.6481675,0.6346243,0.62112373,0.6070449,0.5935813,0.58091265,0.5713935,0.5570343,0.54403955,0.5383183,0.5249065,0.518282,0.5073455,0.49793652,0.49266693,0.4813259,0.47214898,0.46250185,0.45102397,0.43769625,0.42278728,0.406331,0.3895655,0.37476712,0.3516819,0.32878762,0.30884466,0.2826003,0.25918412,0.23475797,0.21018007,0.18409225,0.16143814,0.1362829,0.11296635,0.092808515,0.07371544,0.057860445,0.051070463,0.05359504,0.06705205,0.08532864,0.10395937,0.12746489,0.14647584,0.16662589,0.19093545,0.2131788,0.23666514,0.2592459,0.28351867,0.30563343,0.330066,0.3525201,0.37535927,0.40229037,0.42492542,0.45163056,0.47273228,0.49213982,0.51326764,0.5320964,0.5491578,0.56432295,0.57991534,0.59102726,0.6014432,0.6094894,0.6205383,0.62755805,0.6321648,0.63977313,0.6418811,0.6469918,0.6557646,0.0034319581,0.003368443,0.0034101245,0.003429211,0.003454341,0.0034884103,0.0034777888,0.0035915768,0.0036434361,0.0036888632,0.00381955,0.0039900327,0.0040584877,0.004271318,0.00452358,0.004740849,0.0050845104,0.0052053407,0.005520029,0.0058036256,0.0061574467,0.006375879,0.0066964743,0.006968291,0.007333314,0.0076716286,0.007849455,0.008150332,0.008348858,0.008509931,0.00872364,0.00904028,0.009322446,0.0097012585,0.010142555,0.010612267,0.011154897,0.01168214,0.012274998,0.013144169,0.013770477,0.014573328,0.01543139,0.01619357,0.017026413,0.017892465,0.018799076,0.019615537,0.02048383,0.021422734,0.022158766,0.023021735,0.023629216,0.02428754,0.02468241,0.025027849,0.025313096,0.025354413,0.025397975,0.025429776,0.025420066,0.025398977,0.025395041,0.02555764,0.02573416,0.025863675,0.02581853,0.025688104,0.025488561,0.025103457,0.024546284,0.023674631,0.022826444,0.02189767,0.020923166,0.019974934,0.019103648,0.01821521,0.017560367,0.016865382,0.016159374,0.01543007,0.014648181,0.013741594,0.012802475,0.011816453,0.01077121,0.009659174,0.008563795,0.0076361992,0.006870143,0.006282951,0.0057851863,0.0053860424,0.0051268586,0.0050470666,0.005065786,0.0051574837,0.005172487,0.005187015
Wrap,0,44,3,0.7507379,0.7391465,0.73207307,0.7231884,0.7207073,0.71464,0.71139926,0.7067697,0.70612645,0.7034885,0.70967567,0.70765865,0.7079532,0.7111123,0.71199155,0.71441066,0.71637094,0.71159595,0.7128861,0.7037287,0.7020134,0.6903993,0.6851153,0.67243063,0.6610956,0.64781463,0.63519806,0.6212549,0.6084633,0.5935833,0.5834795,0.57117987,0.5590698,0.5446916,0.5358997,0.52706647,0.51901543,0.5074068,0.5001626,0.4900046,0.48193017,0.47332492,0.46171913,0.45001996,0.43753943,0.42346156,0.40790537,0.38956732,0.37282676,0.3498674,0.33067995,0.30851427,0.28253552,0.2598205,0.23502074,0.21015444,0.1846896,0.1606575,0.1368726,0.113571204,0.0926594,0.072453886,0.05979738,0.051857807,0.052555118,0.06649001,0.084490396,0.10345412,0.12512974,0.14539193,0.16781127,0.19016618,0.2134885,0.23676741,0.2600184,0.2825843,0.30595538,0.32873484,0.35285315,0.3775981,0.40163288,0.42434305,0.45258301,0.4728465,0.4929486,0.5105724,0.5337723,0.54910296,0.5646844,0.5813887,0.5913648,0.6050891,0.6104808,0.6216566,0.6263605,0.6333953,0.6375728,0.6421208,0.64970154,0.6548368,0.0033250393,0.0033961772,0.0033327448,0.0032983418,0.0033071442,0.0033017276,0.003467948,0.0035500412,0.0035398856,0.0035985236,0.0037439102,0.0037555331,0.003977825,0.0041745836,0.004351015,0.004557352,0.004923797,0.005089746,0.005440075,0.0057516713,0.006047047,0.0062848106,0.0065756612,0.006821631,0.007177811,0.00745165,0.0077634864,0.007981197,0.008227194,0.008455888,0.008711329,0.008960858,0.009299867,0.009568045,0.01000497,0.010598698,0.01098918,0.011614569,0.0122516425,0.012884915,0.013593358,0.014455724,0.015265666,0.015968107,0.016924506,0.017734174,0.018570088,0.019342905,0.020187706,0.021000197,0.021833163,0.022708258,0.023291927,0.023932343,0.024257747,0.024670593,0.024811266,0.024930073,0.024930239,0.02501045,0.025058366,0.024961667,0.02498512,0.025229014,0.025206646,0.025265265,0.025346363,0.025288817,0.025032973,0.02468781,0.024094272,0.023278957,0.022388859,0.021523751,0.020577766,0.019622568,0.018769167,0.018029729,0.017379643,0.016699072,0.016033813,0.015246402,0.014486636,0.013672314,0.012678701,0.011716899,0.010659876,0.009511115,0.00838952,0.007589279,0.0068510813,0.00634201,0.0058131428,0.0054059965,0.005210617,0.0050913463,0.005097401,0.005197602,0.0052226284,0.005342467
Wrap,0,45,3,0.75108296,0.74128914,0.7313768,0.7224832,0.721795,0.7151227,0.70971614,0.7078571,0.70621806,0.704577,0.70678985,0.71064866,0.70661306,0.7128117,0.711174,0.7151409,0.71691746,0.7133887,0.7132611,0.7024102,0.70395625,0.68973726,0.6832112,0.6713407,0.66177297,0.64855987,0.6353076,0.6221408,0.6080611,0.59465224,0.5809328,0.57100785,0.559942,0.5446231,0.5364057,0.5256476,0.5193615,0.50813323,0.4992993,0.49011707,0.48305976,0.47147244,0.46222824,0.45281836,0.43824726,0.42430255,0.40985465,0.38944402,0.37476864,0.3510943,0.33136794,0.30849552,0.2848864,0.26100722,0.23569237,0.21122193,0.18622807,0.16146882,0.13709125,0.11399742,0.09241558,0.072334126,0.055195734,0.048397597,0.050620828,0.06472649,0.08368183,0.10238527,0.1249218,0.14693709,0.16681905,0.19166441,0.21375693,0.23633495,0.2617287,0.2844092,0.306279,0.33025998,0.35426152,0.37822658,0.40112278,0.42722645,0.45285714,0.47445998,0.49392357,0.5147033,0.5310092,0.55044854,0.5658309,0.5810509,0.59148544,0.6043941,0.6113787,0.62087727,0.6260867,0.63358873,0.63766843,0.642302,0.64638454,0.655939,0.0032201477,0.003338519,0.003286389,0.0032800264,0.0032456676,0.0032664607,0.003370227,0.0034255427,0.0034816398,0.0035286383,0.003679463,0.0037594528,0.0038913626,0.0041568764,0.0042982744,0.004545547,0.004903349,0.0051120403,0.005494171,0.005718701,0.006052969,0.006303942,0.0065984256,0.0069129635,0.0072705382,0.007534635,0.007880084,0.008086584,0.008299852,0.008455703,0.008750321,0.008944421,0.009366026,0.009608885,0.010132838,0.010621784,0.01121749,0.011680661,0.012271848,0.0130548915,0.01373861,0.014554884,0.015359525,0.016211933,0.017006435,0.017884959,0.018690052,0.019434728,0.020435693,0.021252383,0.021972679,0.022810254,0.023487704,0.024117766,0.024474883,0.024888314,0.025009027,0.025103346,0.025089005,0.025073733,0.025150757,0.02506957,0.025065916,0.025351211,0.025462814,0.025580138,0.025541432,0.025409713,0.02530414,0.024909895,0.024348095,0.023542268,0.022712689,0.021876425,0.02095988,0.019987572,0.019086324,0.018371938,0.017640179,0.017043822,0.016273418,0.015531761,0.014760826,0.013887847,0.012908347,0.012052822,0.010808454,0.009701004,0.008565291,0.007673341,0.0069354638,0.006249779,0.0057700956,0.0053722523,0.005116133,0.0050602234,0.0050235614,0.0051622293,0.005179313,0.005260084
Wrap,0,46,3,0.75182974,0.7405847,0.73045117,0.7225117,0.71979934,0.7148194,0.7105569,0.70931363,0.7052472,0.70395637,0.7063131,0.7099603,0.7086134,0.7121858,0.7119439,0.7154781,0.71686226,0.7109674,0.7129013,0.7058105,0.703784,0.68581903,0.6831531,0.6736698,0.6609807,0.6474212,0.63450104,0.61965734,0.6076468,0.59484047,0.58355755,0.57134306,0.55681247,0.5455791,0.5358507,0.52706313,0.52084893,0.5060811,0.4979563,0.49182433,0.48188215,0.4726566,0.46163613,0.45029232,0.43903294,0.42410997,0.40740338,0.39172104,0.37464288,0.35231888,0.33088204,0.30806947,0.28522158,0.26010957,0.23590946,0.21130255,0.18608166,0.16166538,0.1379362,0.11244996,0.09316051,0.07220884,0.05577877,0.04905831,0.051155254,0.06585482,0.0828829,0.10287333,0.12492692,0.14515775,0.16920233,0.1911155,0.21521169,0.23755741,0.26105618,0.28360003,0.30707353,0.33143285,0.35520253,0.38021952,0.40655077,0.4268929,0.4534971,0.47376043,0.49477628,0.5129092,0.53160423,0.5489264,0.56518763,0.5800092,0.59306586,0.6039544,0.6111406,0.6215316,0.6270539,0.6325949,0.63865954,0.6432501,0.6479841,0.65575063,0.003312508,0.0033813121,0.0033251222,0.003287453,0.003355836,0.0032966188,0.0033557196,0.0034642464,0.0035652043,0.0035872804,0.0036602197,0.0038681093,0.003936529,0.004170175,0.0044103414,0.004636105,0.004909769,0.005042067,0.0053958436,0.005663766,0.0059979353,0.0061814054,0.0065706773,0.006906065,0.007292677,0.0075161383,0.007850217,0.008031661,0.008327361,0.0083965035,0.008733017,0.008998878,0.00933863,0.0096678585,0.010097579,0.010685949,0.011072667,0.011652851,0.012324143,0.013118694,0.01381864,0.014649085,0.015328927,0.01615985,0.017123282,0.0179692,0.01883816,0.019670587,0.02057371,0.021429207,0.022165002,0.022952862,0.023670435,0.024276152,0.02460358,0.025030926,0.02517705,0.025356898,0.025365558,0.025302589,0.02529099,0.025252659,0.025254177,0.025507659,0.025714159,0.025747407,0.02566977,0.02558524,0.025434671,0.025112879,0.02446756,0.023758037,0.022827735,0.022051219,0.02098796,0.020151882,0.01921279,0.01840634,0.017671306,0.017063497,0.016323728,0.015568525,0.014798058,0.013904295,0.012926676,0.01193024,0.010817999,0.00962913,0.008477616,0.007527686,0.0068017375,0.0062659765,0.0056967037,0.0052857213,0.005034069,0.0049878955,0.0049786177,0.0050950367,0.005161654,0.005210092
Wrap,0,47,3,0.75161994,0.74011254,0.73176295,0.72276044,0.719884,0.7143362,0.7116034,0.7087177,0.7042466,0.70533484,0.7087107,0.7080316,0.7081151,0.7126411,0.71246034,0.7145919,0.7164986,0.7116383,0.71225977,0.70318544,0.7029872,0.68890154,0.681556,0.6736581,0.65879047,0.6493282,0.6351297,0.6207302,0.607352,0.59314346,0.58255243,0.5694279,0.55760956,0.5454545,0.53445566,0.52413005,0.52073276,0.5083983,0.49832776,0.49058488,0.4822084,0.47251302,0.46150327,0.45134345,0.4388577,0.4249384,0.40935174,0.3906276,0.37352195,0.35183808,0.3319356,0.30986345,0.2854657,0.26058868,0.23594378,0.21145715,0.18570067,0.16213226,0.13727675,0.11386096,0.091812044,0.07147437,0.05809758,0.04841166,0.050513823,0.06453182,0.08289527,0.10313419,0.12505803,0.14598705,0.16778909,0.19150102,0.21324497,0.23798233,0.26031688,0.28375757,0.30727914,0.33120522,0.35647798,0.3788302,0.40226546,0.4287502,0.45471996,0.4742864,0.49460164,0.51350194,0.5329519,0.5499619,0.56512713,0.5810001,0.5911135,0.604674,0.61035645,0.621037,0.626603,0.63373506,0.63756144,0.64350045,0.6471189,0.65522236,0.0034043498,0.0033993006,0.0034593376,0.0033779985,0.0033319844,0.003415011,0.0034438076,0.0035625151,0.0035923347,0.0036531042,0.0037757223,0.0038687882,0.003979913,0.004224018,0.004458017,0.0046070674,0.0049451925,0.005112984,0.0054044602,0.0055949767,0.0059647937,0.0062291976,0.006592686,0.006865174,0.00721871,0.007494466,0.0077845315,0.00796316,0.008312976,0.008435706,0.008653145,0.0089591285,0.009371842,0.009666064,0.010104127,0.0107107945,0.011286343,0.011808002,0.01239729,0.013110431,0.013876348,0.014610506,0.015499718,0.01635082,0.017215662,0.018070579,0.018903168,0.019666372,0.020543136,0.021424264,0.02220089,0.022989387,0.023644585,0.02426309,0.024598245,0.025031984,0.025205806,0.02519581,0.025244461,0.025353145,0.025382288,0.025406094,0.02541292,0.025660885,0.025817424,0.025860216,0.025928238,0.025776733,0.025590748,0.025197642,0.024621518,0.023900798,0.022934843,0.022058995,0.021105558,0.020220691,0.019270398,0.018583827,0.01787368,0.017178636,0.016487915,0.015770787,0.014932765,0.014073062,0.013076034,0.012095802,0.0109035475,0.009703698,0.008623166,0.007691867,0.006866539,0.0062835934,0.0057624234,0.0052686715,0.00509219,0.005036699,0.004996184,0.0050796666,0.005135906,0.005235984
Wrap,0,48,3,0.7504722,0.73949486,0.73067707,0.72308,0.72020155,0.7138898,0.7088831,0.70636547,0.7084625,0.70553374,0.70742,0.7100553,0.7096023,0.71038824,0.7131814,0.71482253,0.71691525,0.71153986,0.7131096,0.7045527,0.70321244,0.68565524,0.6846091,0.674367,0.65958554,0.64855295,0.63523215,0.6201334,0.6080737,0.5936814,0.58000946,0.57047564,0.55821574,0.54509425,0.5389876,0.5237204,0.520518,0.50966746,0.499144,0.49104342,0.48119718,0.47320765,0.4611125,0.44989422,0.43886074,0.42464396,0.40727323,0.39097604,0.3711772,0.35120252,0.331024,0.30831912,0.2853252,0.26075128,0.2353249,0.210877,0.18620497,0.16182494,0.13775137,0.11350306,0.09379821,0.07155002,0.056660302,0.04848219,0.051521882,0.0651677,0.08378902,0.10290638,0.124392964,0.14403519,0.16774397,0.1905598,0.21393438,0.23658337,0.26098463,0.28453818,0.306851,0.33159724,0.3557675,0.37978384,0.40432438,0.42571178,0.4526942,0.47197324,0.49263546,0.5159218,0.532443,0.55028975,0.56570196,0.58085036,0.5923869,0.60251015,0.61095786,0.6202125,0.6265458,0.6331458,0.63798904,0.6413155,0.64792866,0.6541706,0.0033631271,0.0034084807,0.0034067866,0.0033761428,0.003379305,0.003382265,0.0034296953,0.0035735206,0.00352618,0.0036212585,0.0037288405,0.0037681235,0.0040060515,0.0041784574,0.0044450304,0.004681003,0.0049208207,0.0051687714,0.005503831,0.0057254233,0.0060743345,0.006289267,0.006647683,0.0069036004,0.0073338435,0.0076077683,0.007883424,0.008030583,0.008388061,0.008489858,0.008752257,0.009032273,0.009344601,0.009717706,0.010080661,0.010604873,0.0111869285,0.011732368,0.012318072,0.013108677,0.013741121,0.014581933,0.01535624,0.016116006,0.017095847,0.017890876,0.018680843,0.019544687,0.020367622,0.021246288,0.022066439,0.022934133,0.023606412,0.02415277,0.024459658,0.024777532,0.025042878,0.02506599,0.025045466,0.02507592,0.025147356,0.025119277,0.025135163,0.025368879,0.025490109,0.025589727,0.02550136,0.025441438,0.025317403,0.025009677,0.024453966,0.023666581,0.022935985,0.022012426,0.021044377,0.020152567,0.019211587,0.018450823,0.017718455,0.017140768,0.016419975,0.015603879,0.014852311,0.014059885,0.013053508,0.012143069,0.01098343,0.009806254,0.008712189,0.007805345,0.006966816,0.0063314144,0.005808092,0.0054188245,0.005182382,0.0050742244,0.0050675473,0.005181083,0.0052252733,0.0052117407
Wrap,0,49,3,0.7511844,0.73957306,0.7319076,0.72291476,0.7203605,0.71511346,0.7088405,0.7088213,0.70626384,0.7028863,0.7075871,0.7106061,0.70937717,0.7123071,0.7131499,0.7150925,0.71626276,0.71247727,0.71315336,0.7043684,0.7040014,0.689851,0.6833774,0.6732101,0.6601417,0.6483317,0.6341526,0.619341,0.60789824,0.59380865,0.58307797,0.56756335,0.55653524,0.54438794,0.53517866,0.5264907,0.5204417,0.5066417,0.4979097,0.49108684,0.4816563,0.4713752,0.46039316,0.4506572,0.43778086,0.4229798,0.40740633,0.38961703,0.3727116,0.3507615,0.32933044,0.30751365,0.2832924,0.26042873,0.2357184,0.2107416,0.18669844,0.1620335,0.13829452,0.114192046,0.09264881,0.07486363,0.05818087,0.052071616,0.05244981,0.067076154,0.083025776,0.10352233,0.12296694,0.14714278,0.16759539,0.19104458,0.21297301,0.23575962,0.25869745,0.28290462,0.30522108,0.32990837,0.3531953,0.379852,0.40373006,0.42519796,0.45220166,0.47183272,0.49530378,0.5144378,0.52989644,0.5501006,0.5652996,0.5815526,0.5927861,0.6060225,0.61275303,0.62155783,0.62609875,0.6317899,0.63831437,0.6422012,0.648071,0.6544819,0.003309315,0.0033250619,0.0033206397,0.0033427852,0.003312208,0.0033539785,0.003461649,0.003500741,0.0035840238,0.0035719934,0.0037357213,0.0038526943,0.0040629264,0.004256883,0.004421987,0.0046570767,0.004900187,0.0051079676,0.0053682467,0.0056230337,0.0060376795,0.006233373,0.006575317,0.0069297296,0.007263152,0.007487975,0.0077657183,0.008011834,0.008308407,0.008387922,0.008716544,0.008907933,0.009296753,0.009686249,0.010018667,0.010647741,0.011114581,0.011673501,0.012282384,0.013055033,0.013692294,0.014517967,0.015280139,0.016036766,0.016945083,0.017708525,0.018539442,0.01934813,0.02019177,0.021053841,0.02178659,0.022693824,0.023364019,0.023965525,0.024298787,0.02462421,0.02494698,0.024990479,0.025004331,0.025094997,0.025078336,0.025125893,0.02509672,0.025381498,0.025406135,0.025423266,0.025546232,0.025333934,0.025238425,0.024809869,0.02430701,0.023415023,0.022626994,0.021799358,0.020807873,0.019867849,0.018928943,0.018225351,0.01743429,0.016887037,0.016129741,0.015378834,0.014646791,0.013706605,0.01281382,0.011861559,0.010646868,0.009493842,0.0083641615,0.007516172,0.006766383,0.006219805,0.005743444,0.005328236,0.0051244283,0.004965817,0.0050319955,0.0050791716,0.005211951,0.0052118576
Wrap,0,50,3,0.75151753,0.73938775,0.7315202,0.7217365,0.7189796,0.7136373,0.7080688,0.70604515,0.7051901,0.7037144,0.7095782,0.7082899,0.70971066,0.7124133,0.7125017,0.7166671,0.717447,0.7122869,0.71138424,0.7047108,0.70200235,0.6892344,0.68381625,0.6729738,0.6632233,0.64560044,0.637539,0.6180005,0.6080143,0.5928,0.5819133,0.57117283,0.5563368,0.54425025,0.53746104,0.5236073,0.52078706,0.5087326,0.4999511,0.4912512,0.48128882,0.47222435,0.46160108,0.4504658,0.43836683,0.42281723,0.40758795,0.39088604,0.3704828,0.35093907,0.33023566,0.30653137,0.28403774,0.2589993,0.23508258,0.20986073,0.18537897,0.1609268,0.13755034,0.11284829,0.09347814,0.07201966,0.05925867,0.051646084,0.052529152,0.06653161,0.084413655,0.103445284,0.12535214,0.14652506,0.16707627,0.18957485,0.21264711,0.23561174,0.26003268,0.2823967,0.30624914,0.3288158,0.35346618,0.37869087,0.40296885,0.4245047,0.45321748,0.47396952,0.49428648,0.51271635,0.5299445,0.55009913,0.5652274,0.58020264,0.59125626,0.6037824,0.6092117,0.6220305,0.62698597,0.63387597,0.64031255,0.6410095,0.64756,0.65524554,0.0032866227,0.0033842004,0.003289178,0.0033265008,0.0032824818,0.0032480054,0.0033939753,0.0035291894,0.0035079713,0.0036160215,0.0036757633,0.00382402,0.004029857,0.0041744597,0.0043896185,0.0046966886,0.0049592354,0.005143713,0.0053285053,0.0056621167,0.006025117,0.006174328,0.0064920443,0.006859771,0.007268653,0.007498182,0.007753158,0.007954082,0.0081720995,0.008338577,0.0086296415,0.008832226,0.009202057,0.009626947,0.00998141,0.010640043,0.011077962,0.011640018,0.012289768,0.012982738,0.013730087,0.014530248,0.01534211,0.016070629,0.016972339,0.017670674,0.018569326,0.019336917,0.020167353,0.020979702,0.021792766,0.022730784,0.023490176,0.024150116,0.024534237,0.024907276,0.025106696,0.025159944,0.02516346,0.02521647,0.025298605,0.02529772,0.025410589,0.025607385,0.02577317,0.025758717,0.02570974,0.02566393,0.025327709,0.02485872,0.024308486,0.023561504,0.022678874,0.021769775,0.020716734,0.019774765,0.018834451,0.017865242,0.017197398,0.01661443,0.015844269,0.014961161,0.014259246,0.013398248,0.0126008475,0.011620807,0.0104597155,0.009393574,0.008235124,0.007425378,0.00670301,0.005995376,0.0055489657,0.005090494,0.0049786926,0.004830113,0.0048233657,0.0048709167,0.0049976693,0.0050847656
Wrap,0,51,3,0.7514275,0.73992664,0.73113793,0.7228976,0.719758,0.71292895,0.709895,0.7068182,0.7059186,0.7047003,0.7073786,0.709002,0.70888937,0.7108221,0.71188056,0.7156684,0.71791106,0.7117932,0.7103445,0.70432746,0.7024934,0.69489795,0.68335295,0.67375827,0.6588677,0.64669555,0.63562816,0.61948234,0.6075247,0.5955197,0.5808318,0.5703282,0.55814683,0.54444396,0.5369713,0.5228171,0.52108186,0.5081977,0.49730855,0.49236026,0.48027572,0.4719962,0.4600999,0.45156845,0.43814313,0.42259142,0.40844086,0.39014536,0.373563,0.35184282,0.32882443,0.30942854,0.28328446,0.26066697,0.2350757,0.2111852,0.18625386,0.16193198,0.138437,0.112982,0.09368064,0.074457094,0.05669778,0.050801415,0.054600324,0.067318425,0.08441064,0.10329333,0.12578395,0.14541247,0.1672028,0.19010282,0.21335444,0.23578931,0.2593145,0.2824494,0.30588102,0.32874504,0.35392258,0.378972,0.40318522,0.42584747,0.4516166,0.4731108,0.49469027,0.5130131,0.5324018,0.5498307,0.56512266,0.580485,0.59215933,0.6029729,0.61097324,0.62096304,0.62845623,0.6332197,0.6388006,0.6418164,0.64683634,0.65513957,0.003383617,0.0033823366,0.0034212538,0.0033334866,0.0034124146,0.0033894498,0.0034463336,0.0034603109,0.003555898,0.0035954327,0.0037278535,0.0038424148,0.0039940346,0.0042026816,0.0044018375,0.0046758326,0.004948509,0.005143476,0.005362801,0.0057333373,0.0060409512,0.006339663,0.00657009,0.0069258497,0.007258917,0.007557043,0.007820155,0.008008429,0.008326874,0.008442256,0.008657977,0.008933202,0.009312891,0.009632108,0.010144568,0.010677133,0.011118914,0.011726497,0.012294184,0.013098215,0.013803675,0.014582119,0.015329239,0.016294282,0.0171358,0.017813439,0.018716019,0.019494494,0.020385887,0.021285325,0.022054316,0.022987712,0.023606133,0.024205837,0.024648089,0.02503374,0.025267312,0.025444956,0.025417788,0.025416585,0.025448898,0.025482405,0.025666565,0.02577584,0.02581114,0.025921734,0.02581277,0.02570322,0.025343103,0.025013741,0.024454286,0.023579178,0.022695832,0.021919578,0.020889828,0.019896977,0.018950623,0.018139321,0.017410107,0.016822778,0.015995363,0.015315283,0.014607268,0.013685793,0.012713591,0.011787446,0.010559259,0.009478544,0.008300682,0.0074589765,0.0067060837,0.006164291,0.00563981,0.0053272066,0.005105024,0.00504511,0.0050676917,0.0051842146,0.005235847,0.005285245
Wrap,0,52,3,0.7532534,0.7398525,0.7317429,0.72182006,0.7206611,0.7146984,0.7112906,0.70955366,0.7056298,0.7041901,0.7103493,0.7100844,0.7104499,0.71210366,0.712693,0.7163104,0.7166456,0.7118625,0.7124493,0.7047384,0.7043553,0.69673675,0.6845314,0.67387426,0.6648397,0.64711785,0.6366291,0.61984974,0.60885537,0.5956332,0.5853375,0.5699948,0.5594646,0.5472718,0.536543,0.5262381,0.522714,0.5082187,0.50122875,0.4907084,0.4825771,0.4731294,0.46224135,0.4511251,0.43859935,0.42445558,0.40912536,0.3930866,0.37181422,0.35280576,0.3295982,0.30997804,0.2854808,0.25951442,0.23525943,0.21044679,0.18608744,0.1601899,0.13693342,0.112463966,0.09234681,0.07090949,0.059032433,0.048182223,0.053072896,0.06597465,0.08302719,0.103112206,0.12205145,0.14541413,0.16636392,0.19117528,0.21328127,0.23546503,0.2595718,0.28221804,0.30461213,0.3292835,0.35224554,0.37815,0.40134618,0.42494103,0.45230132,0.4728604,0.4928757,0.51203364,0.53181976,0.5493343,0.56376594,0.57882124,0.59130186,0.6043201,0.60981834,0.62101656,0.6277508,0.63325906,0.6387079,0.6420001,0.6477635,0.6557879,0.003281488,0.0033485529,0.0032965012,0.003242038,0.0032232539,0.003277647,0.003372065,0.0035212429,0.0035109345,0.0035850364,0.003727072,0.0037748578,0.0040014107,0.004182309,0.004348171,0.004686246,0.0049974346,0.005184233,0.0054102414,0.0057008355,0.006020525,0.0063679595,0.006629796,0.006874752,0.0072409627,0.007566154,0.0077325082,0.007942628,0.008315419,0.00841065,0.008695659,0.008938345,0.009231743,0.009591517,0.010003228,0.010581296,0.011122013,0.011674829,0.012317053,0.0130724255,0.013731802,0.014629936,0.015360877,0.016152957,0.01707051,0.017877657,0.018740008,0.0195812,0.020355484,0.021256162,0.021975966,0.022858473,0.023586797,0.02405994,0.02448983,0.024870494,0.025073566,0.025189979,0.025284382,0.025407378,0.025391856,0.025517168,0.025659686,0.025876598,0.02597669,0.026025996,0.026057832,0.02588161,0.025783485,0.025442677,0.024868581,0.024036977,0.023138318,0.022349354,0.02131508,0.020470314,0.019424863,0.018678086,0.017846385,0.017206162,0.016322628,0.015605412,0.0147605045,0.013904793,0.012964969,0.011993377,0.010718991,0.00968192,0.008461644,0.0075613223,0.006857505,0.006187288,0.0056014047,0.005145281,0.0049251015,0.004806736,0.0048187776,0.0047949394,0.004935719,0.004942501
Wrap,0,53,3,0.750412,0.74020344,0.73273826,0.72252345,0.7196683,0.71514374,0.71235967,0.7045252,0.70607907,0.7021788,0.71112907,0.7079806,0.71026874,0.71203667,0.71268916,0.71650165,0.71645516,0.7113743,0.71223646,0.70444846,0.7001618,0.6940728,0.6828655,0.67177945,0.66251254,0.6443217,0.6356456,0.6199121,0.6086294,0.593691,0.5791128,0.5707006,0.55741316,0.54398155,0.5320628,0.52417845,0.5175948,0.5082209,0.49688604,0.4895287,0.48143688,0.47048017,0.4605558,0.4498372,0.4370853,0.42225212,0.40845504,0.38870946,0.3715339,0.3510586,0.32968584,0.3072617,0.28397298,0.25974894,0.23384602,0.20998438,0.18542685,0.16077648,0.13686003,0.11395117,0.093155116,0.07430509,0.058576327,0.052092403,0.055413924,0.069910906,0.08618358,0.10622355,0.12605925,0.14701349,0.1678634,0.1908791,0.21362138,0.23672748,0.25916454,0.28185177,0.30654868,0.32846498,0.35194495,0.37750003,0.40281895,0.4237807,0.45242572,0.47068492,0.4930463,0.5153788,0.52872777,0.5496646,0.5642038,0.57822937,0.5910525,0.60116166,0.6093751,0.6207607,0.62593067,0.6323098,0.6364803,0.642207,0.64648855,0.654803,0.0035161378,0.0034961144,0.0033684236,0.003392755,0.003423873,0.003504868,0.0035448947,0.0036410957,0.0035938022,0.0036489393,0.0038733394,0.0039689993,0.004119835,0.004219087,0.0044525075,0.0047679846,0.0050449185,0.0052258926,0.0056131682,0.0059550493,0.0061868085,0.006489694,0.006712062,0.0071413796,0.007442081,0.007746576,0.008005275,0.008210012,0.008537274,0.008665874,0.008911226,0.009214279,0.009479991,0.00979254,0.010262187,0.010804903,0.011374869,0.011920898,0.012515476,0.013307035,0.0141102355,0.01487623,0.015641965,0.01653593,0.017397232,0.018201128,0.019109055,0.019900061,0.020780094,0.021634893,0.022418046,0.023303678,0.023930661,0.024517631,0.024900591,0.02516107,0.025467923,0.02549358,0.025550937,0.025537996,0.025670683,0.025609316,0.025573986,0.025702735,0.025777115,0.025888834,0.025977757,0.02592961,0.025671063,0.025247738,0.024676096,0.023899114,0.0230606,0.022150004,0.021029603,0.020143894,0.019272564,0.018413825,0.017609587,0.016975231,0.016253948,0.015465896,0.014748262,0.013789515,0.012846726,0.012015365,0.010731987,0.00966058,0.00847863,0.0075589926,0.0068076327,0.0061891465,0.005628539,0.0052377,0.005038665,0.004906859,0.004899025,0.0049758716,0.005056846,0.005131482
Wrap,0,54,3,0.7503662,0.73920876,0.7314712,0.72293067,0.7203329,0.71408075,0.70886004,0.7071046,0.70577693,0.703634,0.7077624,0.7100402,0.70864123,0.7120433,0.7106616,0.71406543,0.7174555,0.71242666,0.7110704,0.70419973,0.7023389,0.68933535,0.68230224,0.6724687,0.6590376,0.6445312,0.6331737,0.6181695,0.6051437,0.59217733,0.5817013,0.5659168,0.55498934,0.5420048,0.53364366,0.52287227,0.5185656,0.50358385,0.4959216,0.48777005,0.47923726,0.4704792,0.4594635,0.44981822,0.43569145,0.4212267,0.40427598,0.38868657,0.37135866,0.35093817,0.32972562,0.30791327,0.28429702,0.25940663,0.2352232,0.21164754,0.18629424,0.1627031,0.13987598,0.11414288,0.09488748,0.07604103,0.060183223,0.053744465,0.055423792,0.068369515,0.084810026,0.10324567,0.12606172,0.14622846,0.16780655,0.18986455,0.21236263,0.23674254,0.25898552,0.28188694,0.30608144,0.328517,0.35258904,0.378331,0.4022061,0.42494714,0.45303765,0.4740771,0.49353352,0.51290065,0.53224564,0.5504358,0.5649114,0.58111924,0.5925069,0.60292107,0.61179477,0.6210036,0.6262288,0.63177085,0.63916665,0.6411226,0.6478892,0.6546722,0.003543443,0.0036280912,0.0035422526,0.003448117,0.0034396767,0.003517505,0.0035922236,0.0036933974,0.0037210414,0.0037716348,0.003887376,0.004018073,0.0041836766,0.004306471,0.004469718,0.004748046,0.005115253,0.0052657523,0.0056089438,0.0059542134,0.0062103434,0.006417611,0.006793596,0.007109082,0.0075547444,0.00782157,0.008126073,0.008253109,0.00863552,0.00877497,0.009022173,0.009268482,0.009663973,0.009951072,0.0104154395,0.010889366,0.0114669455,0.0119782025,0.012577576,0.013370315,0.014006716,0.0149197765,0.015672637,0.016556466,0.01732143,0.018126601,0.018940162,0.019755974,0.020557843,0.021428272,0.02214273,0.022988562,0.023734136,0.02429393,0.024614787,0.025007986,0.025200596,0.025287757,0.025353448,0.02538401,0.025304394,0.025341807,0.025283262,0.025536343,0.025655964,0.025680084,0.025736425,0.02557201,0.025393743,0.024956059,0.024417287,0.023576139,0.022769008,0.021869877,0.020877086,0.019862456,0.01901267,0.018115276,0.017492212,0.016844949,0.016144048,0.015363214,0.014630836,0.0138247,0.012907522,0.01194518,0.010772048,0.009722938,0.008554433,0.007712414,0.0069028605,0.0062872637,0.005784304,0.00535185,0.00503176,0.0049528745,0.0049176384,0.0050194683,0.0050250595,0.0050751683
Wrap,0,55,3,0.75026816,0.7382754,0.7308785,0.7219008,0.71892846,0.7132897,0.7100172,0.70581746,0.7065452,0.70352995,0.7068477,0.71096027,0.70655555,0.7116069,0.7106179,0.71473837,0.71555614,0.71163183,0.71168244,0.7036244,0.69917834,0.68909085,0.68233794,0.67182004,0.65928537,0.6450235,0.6340163,0.6184951,0.6063226,0.59178746,0.57901055,0.56818616,0.55577415,0.54178494,0.53632194,0.5231232,0.51417625,0.5041288,0.4976069,0.48949936,0.48079148,0.46977496,0.45927295,0.45007795,0.43520033,0.4214952,0.40685937,0.39030552,0.37000492,0.3501625,0.33033052,0.3075142,0.28446582,0.25945815,0.23554742,0.21157537,0.18618217,0.16341206,0.1396012,0.114839695,0.09510711,0.075589456,0.06045869,0.05344174,0.055502314,0.06695731,0.08483938,0.10441732,0.1247001,0.14564094,0.16707759,0.1899786,0.21316107,0.23584929,0.25934002,0.28306395,0.30502826,0.32835218,0.3536109,0.37677523,0.40303862,0.42454952,0.45474774,0.4731487,0.4929929,0.5131855,0.5300842,0.5500817,0.5647579,0.58069074,0.59202635,0.6032492,0.60993725,0.62183803,0.6261716,0.6320617,0.6395032,0.6419282,0.64818287,0.6544803,0.0036471798,0.003663991,0.0035970735,0.0035390772,0.0035826077,0.0035785479,0.003655156,0.0037534013,0.0037768593,0.0037845385,0.0038679682,0.004049706,0.004183156,0.0043696626,0.0045414255,0.0048299176,0.0051513305,0.0054126736,0.00565285,0.005906638,0.0062804488,0.0064899107,0.0068155117,0.0071022846,0.007458005,0.0076917377,0.008015951,0.008236965,0.008515917,0.008636583,0.008898564,0.0091931,0.0095143635,0.009914027,0.010286289,0.0109042395,0.011391529,0.011945392,0.01262241,0.01337667,0.014086084,0.014914529,0.01564754,0.01653237,0.017332902,0.018209493,0.01905773,0.019906608,0.020648668,0.02159192,0.022338983,0.023232186,0.023871941,0.024536751,0.024845086,0.025234915,0.025476268,0.025469046,0.025441583,0.025476519,0.025542438,0.025464863,0.02557191,0.025684645,0.025730338,0.025836743,0.02582984,0.025670497,0.025499595,0.025029484,0.02458715,0.023636078,0.022835728,0.021951156,0.02088532,0.019836355,0.01893598,0.018155962,0.01746315,0.01673409,0.016008576,0.015214213,0.014617862,0.01377221,0.012811584,0.011960621,0.010743851,0.009716498,0.008605606,0.00761556,0.006837317,0.006279851,0.005708505,0.00533266,0.005068785,0.00495441,0.004951315,0.005011502,0.005070794,0.0050746775
Wrap,0,56,3,0.75063396,0.7397327,0.73128164,0.7219145,0.7193786,0.71351355,0.7075125,0.70833284,0.7052478,0.70351905,0.7094856,0.7068695,0.7084876,0.7084836,0.7104275,0.71507406,0.71663505,0.7109713,0.7107072,0.7018345,0.7016175,0.6940067,0.6818319,0.67373616,0.65920365,0.64748,0.632467,0.6192064,0.6063887,0.59174275,0.5814051,0.5664752,0.55536336,0.5451991,0.5325813,0.5232173,0.518489,0.5073509,0.49716166,0.48967424,0.4793768,0.46985614,0.45883253,0.44830456,0.43586093,0.42061314,0.4073377,0.39040682,0.3703206,0.35179403,0.32866448,0.3072912,0.28434786,0.26123485,0.23597777,0.21198198,0.18637119,0.16273236,0.13915883,0.115323074,0.094196096,0.074830696,0.06074993,0.05212564,0.05437614,0.06826293,0.08378115,0.1041724,0.12564094,0.14645173,0.1683974,0.19080721,0.21336302,0.23595989,0.25927976,0.28298,0.30525094,0.3289482,0.35431808,0.37906602,0.40279105,0.4245033,0.45336255,0.47359568,0.4953765,0.5134937,0.5299755,0.5486898,0.56639206,0.5806756,0.5924331,0.6024482,0.61309004,0.6217409,0.6257767,0.6333827,0.637369,0.64188474,0.646927,0.65540594,0.0035658258,0.0034976604,0.0034814766,0.0035533158,0.0035538462,0.003542168,0.0035868662,0.0036578209,0.0037373877,0.0037454746,0.0038528764,0.003944654,0.004096151,0.0043189,0.0044917427,0.0047889343,0.00508543,0.00523581,0.0056249998,0.0058732647,0.006243804,0.0065879924,0.0067840745,0.007181073,0.007427446,0.007639468,0.007937439,0.008051178,0.008397335,0.008608801,0.008851547,0.0090167085,0.009458495,0.0097796405,0.010096318,0.010738911,0.011232178,0.011768246,0.012413053,0.013196002,0.013847223,0.014578424,0.01528956,0.016226977,0.017085426,0.01786411,0.018768884,0.01968611,0.020454153,0.02137586,0.022154909,0.023012236,0.023682827,0.024369434,0.024689607,0.025046702,0.025209013,0.025349537,0.025347736,0.025446245,0.025423624,0.025428355,0.025374908,0.025613977,0.025687812,0.025782777,0.02583636,0.025656136,0.025449727,0.024997532,0.024363345,0.023528012,0.022610597,0.021821022,0.020748222,0.019826544,0.018926531,0.01815606,0.017431753,0.016766194,0.016101664,0.015366119,0.014650397,0.013717764,0.012836928,0.011942941,0.010767749,0.009596156,0.008500622,0.0076523786,0.0068235695,0.0062318034,0.005672507,0.0052541527,0.0050221384,0.004935896,0.0049119405,0.0049128453,0.004978153,0.005042876
Wrap,0,57,3,0.7501185,0.73936635,0.73100054,0.7218736,0.71985793,0.7133849,0.70956737,0.7061592,0.7033618,0.7038601,0.706199,0.70938957,0.70857483,0.7107091,0.7100309,0.7147817,0.7154163,0.708963,0.70952624,0.7037086,0.70236003,0.6810967,0.6819918,0.67298275,0.65853405,0.6461766,0.6347972,0.6171991,0.6056406,0.590981,0.5802489,0.56586623,0.55563354,0.54303163,0.53130955,0.5232062,0.5152936,0.5043392,0.49636132,0.48749053,0.47811285,0.46977785,0.45670885,0.44801205,0.43582368,0.4196917,0.40516075,0.39021155,0.37027642,0.35208204,0.32949308,0.30834574,0.28485662,0.26124027,0.23552425,0.21166478,0.18620062,0.16328661,0.13934909,0.11539649,0.09623562,0.07575176,0.06109718,0.05373276,0.056312848,0.07034312,0.086988784,0.104817905,0.12536699,0.14663465,0.169009,0.19028732,0.21364115,0.23687899,0.25906637,0.28299156,0.30555087,0.3306011,0.35423663,0.3779154,0.40295416,0.42524713,0.44983885,0.4730053,0.49353898,0.5122109,0.53035486,0.54735523,0.5656508,0.57997537,0.58977187,0.6020588,0.60988116,0.619974,0.6257124,0.6328638,0.6382913,0.64120483,0.64745796,0.6535751,0.0035081482,0.0034765564,0.0034418036,0.0034823238,0.0034099654,0.003404138,0.003533433,0.0036087174,0.0036025748,0.0037113489,0.0038917144,0.003958802,0.0040533887,0.004310387,0.00445054,0.004803938,0.005043232,0.005255626,0.005533198,0.0058261706,0.006178755,0.0064219143,0.0067455037,0.0070132096,0.007370278,0.0076366137,0.007905756,0.00811593,0.008425222,0.008528198,0.0087520825,0.009019207,0.00936838,0.009757899,0.010176068,0.010740054,0.011162366,0.011734523,0.012390921,0.013115105,0.013830559,0.014690052,0.015395371,0.016309883,0.01709827,0.017888067,0.018891593,0.019668184,0.020590495,0.021401983,0.022224184,0.02310781,0.023795495,0.024314756,0.024749266,0.02509601,0.025215691,0.025322022,0.025265852,0.025495235,0.0254227,0.025419276,0.025421245,0.025511803,0.02560987,0.025584418,0.02551157,0.025330033,0.025106011,0.02479225,0.02408198,0.023265474,0.022420304,0.021502897,0.020453006,0.01948944,0.018612556,0.017774235,0.017117796,0.016495947,0.015760923,0.0149987135,0.014290615,0.013535398,0.012632425,0.011697865,0.010658688,0.009470892,0.008383256,0.0074868244,0.0067184917,0.0060708094,0.00560763,0.0051696636,0.004953054,0.0049016736,0.0048559466,0.0050025275,0.0048879236,0.0051002004
Wrap,0,58,3,0.75021774,0.73908645,0.7315537,0.7223421,0.7212677,0.7138117,0.70781076,0.7046576,0.7054327,0.703092,0.7086882,0.70724034,0.70887613,0.71128327,0.70988595,0.71469957,0.7156174,0.710929,0.7101498,0.7011212,0.7016985,0.6909962,0.68085366,0.6683449,0.6575193,0.64173096,0.6330603,0.61778814,0.6037321,0.590922,0.5772897,0.56638455,0.55276215,0.5412908,0.5329502,0.51915044,0.5153064,0.5026131,0.49388042,0.48677114,0.47681597,0.4679331,0.45783493,0.4458874,0.43469894,0.41883332,0.4056485,0.38933158,0.37006304,0.3515356,0.32876313,0.30792224,0.28468442,0.26100832,0.23643425,0.21167655,0.18740141,0.164695,0.14094844,0.11608264,0.098853916,0.077432424,0.06365995,0.05676695,0.057189256,0.07009194,0.086314365,0.10483731,0.12506615,0.14493513,0.16719827,0.19121201,0.21301119,0.23583876,0.25826338,0.28139725,0.3051158,0.32906178,0.35306478,0.37719813,0.40294966,0.42576995,0.45043355,0.47186726,0.49126258,0.51369303,0.53119916,0.54864925,0.5647196,0.57892126,0.5905878,0.602874,0.6096779,0.6228998,0.6249817,0.63254297,0.63789546,0.64127475,0.64616734,0.654678,0.0035172754,0.0034969107,0.0035909908,0.0034738379,0.0035571994,0.0035671734,0.003552874,0.0036744387,0.0037160611,0.0037906456,0.0038917288,0.004055524,0.0041849245,0.0043793013,0.0045616142,0.004880652,0.005226971,0.005435512,0.005625556,0.0059111523,0.0062812404,0.006621897,0.006832508,0.0071419384,0.007497322,0.0077266153,0.008029054,0.008233262,0.008498119,0.008618494,0.008863307,0.00907802,0.009504569,0.009821978,0.010280086,0.010775545,0.011268226,0.011876906,0.012511838,0.013220603,0.014053306,0.014796769,0.015605582,0.01632071,0.017317567,0.0181042,0.018948488,0.01977453,0.020589007,0.021463431,0.022226095,0.02313428,0.023773132,0.024385082,0.024794657,0.025113473,0.025368271,0.02542827,0.025486967,0.025382262,0.025325462,0.025363265,0.025322726,0.025522811,0.025519319,0.025665917,0.025577238,0.0254125,0.025160987,0.024774622,0.024099663,0.023257041,0.022352234,0.021408413,0.020353347,0.019419994,0.018531505,0.017703008,0.017019765,0.016258415,0.015693149,0.014943622,0.014335124,0.013448028,0.012503809,0.011611258,0.010523212,0.009407408,0.008292845,0.007465973,0.006692362,0.0060917623,0.0056652,0.0051516076,0.0049651708,0.004929282,0.0049329456,0.0049673067,0.0050749467,0.0051298775
Wrap,0,59,3,0.7498466,0.7382879,0.7314759,0.7207073,0.71871775,0.7137467,0.70684344,0.7068248,0.70601267,0.703487,0.7079326,0.7066378,0.70625234,0.70913196,0.71007895,0.7138547,0.71570927,0.7099609,0.71031284,0.70080817,0.7006525,0.69167626,0.6807082,0.66758275,0.6578044,0.64177215,0.63244444,0.6173096,0.6033526,0.58951056,0.5792088,0.5643393,0.552097,0.54116476,0.53338915,0.5190458,0.5131605,0.50310737,0.4928941,0.4872748,0.4765627,0.4682571,0.4561173,0.44790363,0.43513247,0.4203501,0.40637836,0.38880056,0.37010077,0.35175535,0.32894453,0.3078787,0.28413415,0.2608799,0.23629504,0.21191038,0.18771644,0.1642509,0.14065091,0.11705231,0.09561593,0.07642578,0.06356156,0.056751624,0.058037143,0.06990194,0.08623233,0.104742885,0.12623289,0.14696564,0.16665646,0.1903081,0.2133302,0.23666346,0.25971147,0.28296062,0.3059781,0.32917425,0.35374352,0.3791026,0.4029243,0.42426744,0.451001,0.471716,0.49354225,0.5120677,0.5321496,0.5484121,0.5641707,0.58012015,0.5928796,0.60294276,0.61122674,0.6207382,0.6266178,0.6313649,0.6347333,0.64306986,0.6477444,0.65359765,0.003481987,0.0034699866,0.0035566126,0.0034448022,0.0035170042,0.0034806572,0.00351952,0.0036093695,0.0037143761,0.0037579755,0.0039099636,0.003999659,0.004124386,0.0043372093,0.004580034,0.0049175634,0.0052381074,0.00531685,0.005704628,0.005936495,0.006285416,0.006589841,0.0068424745,0.0072320704,0.007494548,0.007773203,0.008053611,0.008240533,0.008447991,0.008548614,0.008907297,0.009052044,0.009490248,0.009804932,0.010216048,0.01079412,0.011168099,0.011807948,0.01244603,0.013220746,0.013893564,0.0147719,0.015428271,0.016428113,0.01712962,0.0180118,0.018819762,0.01967674,0.020555487,0.02141726,0.022138502,0.02300885,0.023730615,0.024328046,0.024638519,0.025055002,0.025253937,0.02536921,0.025414215,0.025386136,0.025466233,0.025391756,0.025247648,0.025471833,0.025481528,0.025586655,0.025636766,0.02539969,0.025174748,0.024773136,0.02418348,0.023352405,0.02243212,0.021440959,0.020530317,0.019467741,0.018510152,0.017716331,0.017009076,0.016402215,0.015811522,0.014965243,0.014401799,0.013507378,0.012618662,0.011686464,0.0105720805,0.0093967365,0.00837612,0.007497198,0.006781788,0.006174234,0.0056738337,0.005253859,0.0050377557,0.0049793925,0.0049161566,0.005085983,0.005082569,0.0051418706
Open,0,0,4,0.7435244,0.7288167,0.7201661,0.70946,0.7050731,0.6994118,0.6949388,0.69163144,0.68556786,0.68559855,0.6856711,0.6883433,0.6868516,0.68854886,0.6871659,0.6883758,0.68927103,0.68412584,0.6822212,0.67636156,0.6722733,0.66086364,0.65641564,0.6461064,0.6343739,0.6196819,0.61073714,0.5979139,0.5844711,0.572304,0.5612631,0.55224144,0.5382208,0.5281163,0.5193297,0.5053496,0.50535107,0.49140242,0.48562995,0.47847405,0.47091946,0.46200335,0.45283398,0.44153032,0.43224657,0.41552088,0.4048938,0.38863787,0.36933964,0.3516827,0.3296909,0.31007144,0.28730986,0.26482958,0.24257597,0.21958388,0.1968467,0.17420673,0.15380514,0.13202146,0.11556415,0.101410724,0.09000416,0.08119014,0.07898857,0.08560631,0.09704662,0.11040983,0.125492,0.14449917,0.16405508,0.1858937,0.20725167,0.22959898,0.25347757,0.2780463,0.30059052,0.3267167,0.35067067,0.37850025,0.40313834,0.42482504,0.451853,0.47342524,0.49427584,0.51217777,0.5323024,0.5485598,0.56583285,0.58119845,0.59234977,0.60424775,0.61276215,0.62276065,0.6286353,0.63582695,0.6384042,0.6446749,0.6517581,0.6584977,0.0037654212,0.0038435732,0.0038420549,0.0038566908,0.0038800985,0.004024487,0.004106191,0.0042892355,0.0043883054,0.004442501,0.004657811,0.004860555,0.0050325454,0.005262407,0.0055116755,0.0057695727,0.0061702477,0.006361662,0.0064089177,0.006806246,0.007131619,0.007401964,0.007827754,0.008056453,0.008477122,0.008820442,0.00899162,0.009310496,0.0095162755,0.009792678,0.010056567,0.010184485,0.010523172,0.010839901,0.011191522,0.011644042,0.012265762,0.012739408,0.013364846,0.014206337,0.014932613,0.015715547,0.016444836,0.017137151,0.018015984,0.01848102,0.019335467,0.020156061,0.021112492,0.02188656,0.02260311,0.023349067,0.02408813,0.024587035,0.02486039,0.025249321,0.025432553,0.025345264,0.025439382,0.025431154,0.025241354,0.025115767,0.024987284,0.025029505,0.024996731,0.025014017,0.024971562,0.02473886,0.024412697,0.023934377,0.023404056,0.022525163,0.021538995,0.020673713,0.019882688,0.018968241,0.01806617,0.01756039,0.016823985,0.016284414,0.015735367,0.015110871,0.0144942915,0.013573584,0.012540675,0.01167566,0.010542068,0.009538224,0.008430843,0.0076136976,0.006856114,0.006214763,0.005849483,0.0054064873,0.005199872,0.0050266567,0.00504239,0.0049578254,0.005018671,0.005044463
Open,0,1,4,0.7406064,0.72862047,0.7199829,0.7096336,0.7066269,0.7008186,0.6924881,0.69103867,0.68887925,0.6852103,0.6866052,0.68995064,0.68775517,0.6888139,0.6867753,0.69192237,0.6915184,0.6865274,0.68201345,0.67453295,0.67412364,0.6617511,0.65440255,0.64761513,0.63376474,0.6233171,0.6113808,0.5964216,0.5856422,0.5749084,0.5626679,0.551066,0.53997475,0.5282958,0.51828665,0.509156,0.50306946,0.49488938,0.48496318,0.47781318,0.47074983,0.46246088,0.4522604,0.44232848,0.43043303,0.41748938,0.4042826,0.38834104,0.3694546,0.3502572,0.332795,0.31151834,0.2868409,0.2651602,0.24255785,0.22070624,0.19719502,0.17538886,0.15388723,0.13262494,0.11542584,0.09843691,0.08704427,0.08181594,0.076642014,0.08589034,0.095491044,0.11024284,0.1257694,0.14535797,0.16435683,0.1858121,0.20693226,0.23088057,0.25498888,0.2784537,0.30282927,0.32625538,0.3520434,0.3777894,0.40265694,0.42360863,0.45361546,0.47412273,0.4924478,0.51234555,0.5311876,0.55075985,0.5665105,0.5822525,0.59219986,0.607244,0.6141515,0.6239219,0.62920177,0.6354777,0.63804525,0.6467949,0.650612,0.65723306,0.0037975647,0.0038501648,0.003881593,0.0039734063,0.0040309564,0.0040904875,0.0041351384,0.0043334416,0.004356375,0.0044225478,0.0045633055,0.004774714,0.004985755,0.0051850867,0.005342826,0.0056542014,0.0059104622,0.006195013,0.0064729406,0.006754903,0.00712308,0.0074486383,0.007756171,0.008120325,0.008464636,0.008681932,0.008887746,0.008970722,0.00926572,0.009427108,0.00965959,0.009882976,0.010101308,0.010511258,0.010867726,0.0113291945,0.011897629,0.012480328,0.012962287,0.013768564,0.014455971,0.015280863,0.015889838,0.01673443,0.017518604,0.018323345,0.01928876,0.019964201,0.020864546,0.021730307,0.022534925,0.02327443,0.023868995,0.024486395,0.024933409,0.025242215,0.025250858,0.025405435,0.025374439,0.025411485,0.02517279,0.025150191,0.02507945,0.02528229,0.025522297,0.025309313,0.0252066,0.024946652,0.024606038,0.02419747,0.02353936,0.022726871,0.021769198,0.020876268,0.019826459,0.01901777,0.018065684,0.017293574,0.016834505,0.016141394,0.015492316,0.014811001,0.014195824,0.013299096,0.012279964,0.011290539,0.010211785,0.009192258,0.008237773,0.007416945,0.0066675423,0.006132034,0.005713212,0.005352369,0.0051058684,0.00496134,0.0049527576,0.0050292914,0.0050169965,0.0050262967
Open,0,2,4,0.7418296,0.72890615,0.72035885,0.7101054,0.7064681,0.700222,0.6936578,0.6922917,0.6868181,0.68491733,0.68860316,0.687789,0.6851634,0.688291,0.6886452,0.6889818,0.69008803,0.68586147,0.68741614,0.67867905,0.67689496,0.6679848,0.6590064,0.6459569,0.6367415,0.62106127,0.6136107,0.6003701,0.58758724,0.57485604,0.56272936,0.54915136,0.5403985,0.5294264,0.5223668,0.5075113,0.506116,0.49384207,0.48618245,0.48137537,0.47041383,0.46334562,0.45329654,0.44317147,0.43260887,0.4174642,0.40458992,0.38624245,0.37073898,0.35362455,0.3304624,0.31192136,0.28835288,0.2657009,0.24269167,0.21973786,0.19597241,0.17496936,0.15386824,0.13286622,0.11520329,0.09813394,0.08713917,0.07797332,0.07542027,0.084489,0.09541932,0.10798366,0.12656488,0.14560686,0.16521075,0.1861133,0.20872718,0.23085412,0.2542262,0.2780137,0.3023834,0.32673946,0.35072768,0.37646785,0.40027592,0.42447922,0.45239192,0.47311747,0.49451005,0.5147341,0.53250736,0.55092955,0.5663387,0.5813307,0.5940581,0.60920656,0.61293817,0.6232605,0.6290987,0.63620305,0.6418728,0.64584386,0.65127236,0.6594739,0.0037185352,0.0037847632,0.0038641838,0.0038489478,0.003968604,0.004067921,0.004155467,0.0043217544,0.0043177973,0.0045108804,0.0046448535,0.004795209,0.0049743406,0.0052428357,0.0054354663,0.005640058,0.0059473002,0.0062251245,0.006691255,0.0069059166,0.007265153,0.00760417,0.007978703,0.008191097,0.008621805,0.008950672,0.009163092,0.009310694,0.009649665,0.009753773,0.009995304,0.010174808,0.010488504,0.010905732,0.011257214,0.011730222,0.012261433,0.0128796445,0.013475743,0.0143260425,0.014941664,0.01577019,0.01663454,0.01738485,0.018328838,0.01903041,0.019896768,0.020613164,0.02146773,0.022327937,0.023111394,0.02383169,0.024535475,0.025068805,0.02529751,0.025637273,0.02581199,0.025805332,0.025723074,0.025837112,0.025697364,0.025638111,0.025604194,0.025710665,0.025745086,0.025778458,0.025743332,0.025669277,0.025326705,0.02479843,0.024126995,0.023367861,0.022285458,0.021274788,0.020287123,0.019357262,0.0184247,0.017634686,0.016864767,0.016342737,0.015663559,0.015045672,0.014268492,0.013448662,0.012471867,0.011533612,0.0104295835,0.0093747005,0.00834197,0.0074239867,0.0065936144,0.0060864757,0.005603227,0.005303369,0.0049998187,0.004907968,0.0048304945,0.004873355,0.0048919586,0.004897438
Open,0,3,4,0.74094075,0.7292071,0.7200985,0.7104234,0.70526534,0.69999576,0.6933912,0.69108087,0.68791026,0.6867584,0.6866178,0.6897584,0.68700683,0.6884003,0.68557656,0.68941134,0.6910359,0.6844657,0.6856556,0.67822707,0.67656595,0.6670606,0.65831226,0.64598817,0.63701606,0.6227956,0.6136227,0.5985805,0.5873105,0.57438195,0.5605365,0.55097353,0.54037416,0.5275748,0.523287,0.5091369,0.5043881,0.49488175,0.48635313,0.4776984,0.47126868,0.46223918,0.45220664,0.44263464,0.43130168,0.41847855,0.40487352,0.3880976,0.3705597,0.35384518,0.33043453,0.31258687,0.2885027,0.26656842,0.24325205,0.22042423,0.1974499,0.17546992,0.15318342,0.13250533,0.11532545,0.099088155,0.085164204,0.07859253,0.07684614,0.083591044,0.09395943,0.10969493,0.12586458,0.14446725,0.16482793,0.18657202,0.20818649,0.23148596,0.25514913,0.27880394,0.3017317,0.32556015,0.35128155,0.37645012,0.4025393,0.42709553,0.45253298,0.47321987,0.49594316,0.51327085,0.53403705,0.5522861,0.5671475,0.58226395,0.5940134,0.6074171,0.6141438,0.6236037,0.62959653,0.6370829,0.6406723,0.64804065,0.6514806,0.6593155,0.0036276402,0.0038218682,0.0037907078,0.0038894028,0.0038660276,0.0040248535,0.0041282885,0.0042461143,0.004366911,0.0044026594,0.0045934585,0.004836284,0.004984501,0.00516351,0.0053678514,0.0055785878,0.006008754,0.0061596674,0.0064844303,0.0067505506,0.007051038,0.007328771,0.00762631,0.007949161,0.008348519,0.008663794,0.008956056,0.009057751,0.009327561,0.00947992,0.00965714,0.009803529,0.01022509,0.010587184,0.0111163715,0.011570887,0.012063986,0.012681192,0.013266161,0.013989849,0.014676763,0.015446825,0.01623213,0.016997965,0.017793449,0.018630505,0.019419275,0.020094749,0.021060377,0.021920273,0.022700021,0.023472905,0.024134193,0.02465285,0.02498605,0.025319267,0.025442794,0.025413616,0.025437694,0.025467213,0.025439424,0.025275914,0.025196392,0.025259918,0.025381263,0.025469145,0.025338998,0.025219223,0.02502674,0.024510743,0.024054732,0.023248507,0.022455525,0.0214453,0.020315265,0.019461539,0.018518012,0.017625738,0.017071268,0.016619092,0.015963634,0.015284418,0.014635903,0.013683744,0.012735738,0.01180277,0.010660579,0.009667118,0.008593234,0.00757639,0.0068615396,0.006340933,0.005803927,0.0054380205,0.0050898627,0.0049570617,0.0048713507,0.0048995013,0.004886046,0.004881447
Open,0,4,4,0.7427835,0.72878003,0.7203319,0.70937073,0.7048933,0.698679,0.6926976,0.68974614,0.6866,0.6852456,0.684662,0.6864108,0.6843083,0.68704146,0.6860082,0.68870234,0.6880556,0.683546,0.6835607,0.67616326,0.6727126,0.66099733,0.6545475,0.64592385,0.6336891,0.6197958,0.6123849,0.5976657,0.5849974,0.57306117,0.56275135,0.55026245,0.5390045,0.5266872,0.5187563,0.50932425,0.5041252,0.49219936,0.48362494,0.47793546,0.4710186,0.46251452,0.45190746,0.44144478,0.4313805,0.4168746,0.40438983,0.38786444,0.37288758,0.35070568,0.33027223,0.3115961,0.28915393,0.26682958,0.2439386,0.22111253,0.19818938,0.17648079,0.15542151,0.13435163,0.11787389,0.100707255,0.0871486,0.080771826,0.078439824,0.084888175,0.09537695,0.10959051,0.12622152,0.14435655,0.16419266,0.18650374,0.2071275,0.23016964,0.25490806,0.2778003,0.30068544,0.3264387,0.35140324,0.37714216,0.40331596,0.42350662,0.45202103,0.4738701,0.49327093,0.5143944,0.5316594,0.54782295,0.56493604,0.5803486,0.5925495,0.60320675,0.6136385,0.6222314,0.62783974,0.63548046,0.63773364,0.64469564,0.6501961,0.65827465,0.003679476,0.0038073016,0.0038450866,0.0038507404,0.0039160834,0.0039916597,0.004100424,0.0043570204,0.004472816,0.00452932,0.0046404283,0.0048352233,0.0050341,0.005323931,0.0054999846,0.0057838946,0.0060175727,0.0063382336,0.006515621,0.006773989,0.007091043,0.0074029583,0.0077604637,0.007888165,0.008361509,0.008652843,0.008937968,0.009223,0.009426827,0.009643288,0.009903901,0.010026018,0.01039286,0.010755717,0.011158831,0.011668367,0.012174889,0.012825404,0.013344685,0.014104822,0.014794293,0.015729325,0.016552588,0.017133161,0.017886452,0.018631095,0.019429907,0.020098006,0.021125702,0.021887025,0.022757098,0.023589302,0.024262821,0.024906315,0.025038464,0.025653891,0.02584604,0.025633698,0.025766294,0.025586626,0.02552856,0.025531815,0.025409278,0.025510726,0.025538681,0.025607651,0.025521992,0.025461594,0.02523999,0.024695046,0.024167381,0.023164442,0.022227235,0.021307087,0.020280384,0.019367654,0.018115122,0.017555699,0.01668854,0.016260138,0.015648425,0.014899624,0.014257512,0.013479339,0.012472565,0.0114748515,0.010491797,0.009435843,0.008440787,0.007504887,0.006843629,0.0062722666,0.005856788,0.00556972,0.005223465,0.0052103973,0.0051564723,0.0051697153,0.0051674177,0.005273645
Open,0,5,4,0.7409424,0.7292087,0.7204001,0.70887625,0.70707446,0.69880027,0.6916948,0.6896643,0.68764204,0.6826952,0.68507665,0.68783915,0.6820966,0.68597215,0.686227,0.6885206,0.6879455,0.6831147,0.6828781,0.6758929,0.6727729,0.66700965,0.6571083,0.6444384,0.63567746,0.6203855,0.61126983,0.5988719,0.58594173,0.574898,0.56189686,0.55082977,0.5392189,0.5278496,0.52112234,0.509665,0.50386083,0.4936355,0.48572,0.47973433,0.47116783,0.46220523,0.4535992,0.44465742,0.43330652,0.4184503,0.4047174,0.39026698,0.3735023,0.35164055,0.33175415,0.31182015,0.29083964,0.2657756,0.24377365,0.22091375,0.19800314,0.17716402,0.15513925,0.13302787,0.116510496,0.10039776,0.08900244,0.08012839,0.076580144,0.08302535,0.095678695,0.10930486,0.12673795,0.14533223,0.16517511,0.1865716,0.20800486,0.23149814,0.25361717,0.27885497,0.30211604,0.32704383,0.35107192,0.37689936,0.40072078,0.42496568,0.45283714,0.47190914,0.49308243,0.5124161,0.52869844,0.5481154,0.56425875,0.5808111,0.5913894,0.6029444,0.61155486,0.6204068,0.62559766,0.63400507,0.6385316,0.64255154,0.6493259,0.65747494,0.0037789622,0.0038838421,0.0039073075,0.003970419,0.004009901,0.0040122806,0.004130461,0.004227186,0.004327004,0.0044195307,0.0045354194,0.0046997373,0.004848386,0.005101274,0.0053532566,0.005600614,0.0058952295,0.0061202,0.006447774,0.0066974484,0.006933422,0.007359939,0.007732073,0.007974341,0.008317227,0.0087222,0.008907829,0.009135407,0.009355235,0.0095262155,0.009795426,0.010036108,0.010382328,0.010714272,0.01112997,0.011719095,0.012201019,0.012867239,0.013536873,0.014129807,0.014936812,0.01574972,0.016580548,0.017403148,0.018227067,0.018988367,0.01976194,0.020584835,0.021353437,0.022285948,0.02301239,0.023812171,0.024416903,0.02492483,0.025317,0.02567893,0.025773028,0.025771119,0.025815899,0.025869112,0.025771294,0.025771681,0.025662247,0.025855238,0.025927769,0.026053807,0.026038975,0.025916355,0.02576024,0.02518098,0.024471207,0.02351643,0.022488791,0.02152016,0.020301217,0.01949571,0.018508589,0.01771216,0.016878648,0.016371831,0.015763907,0.0150858825,0.014348692,0.01344182,0.012447266,0.011508517,0.010378227,0.00940589,0.008431341,0.007523505,0.0067567113,0.006178387,0.0057711788,0.005448593,0.005193361,0.0051101344,0.005062778,0.005093918,0.005223635,0.0052251182
Open,0,6,4,0.74127465,0.7287479,0.71876585,0.7086918,0.70571256,0.69834405,0.6917243,0.689354,0.6865015,0.6855869,0.68507344,0.6869916,0.68503946,0.68598425,0.6850407,0.68770444,0.6883215,0.6834517,0.6830077,0.6750489,0.6713924,0.66580564,0.6544618,0.64208955,0.6325992,0.6208336,0.6103728,0.5957136,0.5864469,0.5715599,0.5595196,0.55034286,0.5384499,0.527027,0.5193657,0.5088138,0.505071,0.49336374,0.48443952,0.47706288,0.47003695,0.46134406,0.4526599,0.44360006,0.43187565,0.41726258,0.40448263,0.38971984,0.37138265,0.3536738,0.33206385,0.31149694,0.2899897,0.26790532,0.24497844,0.22218554,0.19884458,0.17796151,0.15652774,0.13633263,0.118281476,0.09911628,0.0878476,0.08072681,0.07806097,0.08431956,0.09536632,0.109564856,0.12631102,0.1453425,0.16447094,0.18684739,0.20894572,0.23126595,0.25374976,0.27973223,0.3033702,0.3267858,0.35169697,0.37809217,0.40400043,0.42627534,0.45165828,0.47320318,0.4931103,0.5123542,0.5315242,0.5494844,0.56450665,0.5806226,0.5928615,0.60371655,0.6109987,0.6215802,0.6292107,0.63444453,0.64100444,0.6411732,0.651178,0.6568953,0.0038957766,0.003922709,0.003968342,0.00410894,0.004055173,0.0041122157,0.004253549,0.0044088997,0.0044373763,0.004608611,0.0047749733,0.004897572,0.005063132,0.005283997,0.005425184,0.005746648,0.0060095824,0.0062686275,0.0065641296,0.0068725557,0.0071722507,0.007544044,0.007782729,0.008071223,0.008490895,0.008854323,0.009013017,0.009206417,0.009472545,0.009677869,0.009876069,0.0101062395,0.010400583,0.010806746,0.011261562,0.011789995,0.012196642,0.012755157,0.013404962,0.014188456,0.014846787,0.015728762,0.016538322,0.01731184,0.018158896,0.01895627,0.019629,0.02041268,0.02130583,0.022180522,0.022996815,0.02367693,0.024220377,0.024933819,0.025264472,0.02551377,0.025620814,0.025672512,0.025602408,0.025659775,0.025469463,0.025489517,0.0253889,0.0253655,0.025607811,0.025660206,0.025563594,0.02541775,0.025222357,0.02476909,0.024256166,0.023336241,0.022465028,0.021427799,0.020429177,0.019486383,0.018580576,0.017549584,0.016809778,0.016225088,0.01561053,0.014808029,0.014069936,0.01321921,0.012272606,0.011276332,0.010111435,0.009140488,0.008034401,0.0072327107,0.006533251,0.005949448,0.005460252,0.0051591336,0.004994025,0.0048976173,0.0048790467,0.004976363,0.0050000437,0.005006121
Open,0,7,4,0.74005485,0.72663146,0.7196302,0.70777065,0.70477915,0.6973982,0.69251585,0.68793947,0.6845201,0.682811,0.6879001,0.6845054,0.683981,0.68461883,0.6843761,0.6871898,0.6868834,0.683059,0.6813493,0.67432886,0.67183197,0.66502005,0.65363926,0.6473616,0.63318425,0.6176326,0.6116539,0.5958242,0.58509386,0.5729096,0.56227905,0.5507665,0.5395679,0.527919,0.5160162,0.51028395,0.50427043,0.49201798,0.4847417,0.47859833,0.4703881,0.46209887,0.45191348,0.44370353,0.43233237,0.41913226,0.40518066,0.38934365,0.3708373,0.35404345,0.33291882,0.3110805,0.28958973,0.26656452,0.24355908,0.22124602,0.19808254,0.17573707,0.15488265,0.13321678,0.11567966,0.099472366,0.09015804,0.079139754,0.078566924,0.08671509,0.09582296,0.109490514,0.12736753,0.14602359,0.16618152,0.18822728,0.2097432,0.23299839,0.25590232,0.2789366,0.30242085,0.32676834,0.3529878,0.37680662,0.40181035,0.42515513,0.4522071,0.4704179,0.4933979,0.51189685,0.5309047,0.5492788,0.56410974,0.57959497,0.59163177,0.60476893,0.61177385,0.62246597,0.62680894,0.6325954,0.64102155,0.64546776,0.6494606,0.6589896,0.004030111,0.0041063507,0.0040809284,0.00411222,0.0041977665,0.004231037,0.0042697205,0.0044688685,0.004573225,0.0045673274,0.0047591897,0.004889886,0.0049636136,0.005240223,0.0053811655,0.0056181676,0.005964975,0.006173315,0.006436097,0.006672865,0.0070098066,0.0074306373,0.0076465197,0.007991578,0.00837271,0.008638394,0.008887448,0.009030404,0.009353625,0.009526135,0.009861506,0.010024534,0.010413984,0.010745344,0.01112694,0.011656989,0.012188856,0.012817465,0.013473068,0.01420729,0.014875747,0.01577926,0.01658751,0.017485745,0.018225824,0.018991621,0.019764949,0.020560438,0.021438515,0.022315813,0.023029247,0.023778757,0.024491325,0.025071759,0.025358004,0.025711525,0.025898714,0.025897715,0.025961306,0.025966484,0.025910735,0.025826486,0.025713816,0.025776368,0.025844393,0.02575597,0.025741085,0.025522219,0.025204653,0.024625624,0.024029799,0.023157222,0.022239437,0.021175846,0.020065097,0.019103318,0.018159918,0.017319158,0.016577208,0.015964808,0.0153001,0.014550486,0.013780435,0.012917592,0.012002627,0.010989132,0.00999996,0.008964086,0.008004416,0.0070860893,0.0064599775,0.00591015,0.0054508257,0.0051782094,0.0050222175,0.004911005,0.004961543,0.0050495225,0.005100242,0.0051235585
Open,0,8,4,0.74162877,0.7280242,0.71910334,0.7093322,0.70509,0.6990305,0.6959239,0.68870074,0.6857062,0.68388003,0.6831972,0.6871916,0.68493843,0.6852748,0.6855,0.6871489,0.6876084,0.6830849,0.6814679,0.67502314,0.6719863,0.654016,0.65517724,0.6437056,0.63488543,0.62044835,0.6110425,0.59549534,0.5850761,0.57256126,0.5596078,0.55048645,0.5404087,0.5255876,0.51888657,0.51013076,0.5045584,0.4907366,0.4869512,0.47780374,0.47046286,0.4626735,0.4535591,0.44481,0.43227178,0.41810897,0.40537623,0.3895372,0.3736065,0.35317126,0.33141539,0.3135579,0.28889447,0.2674966,0.243252,0.22047599,0.19718459,0.1756323,0.15370667,0.13239034,0.114840366,0.10024339,0.08595927,0.0796971,0.07835125,0.0861591,0.09593383,0.11076986,0.1275974,0.1463309,0.16698515,0.18721794,0.20923589,0.23204772,0.25677663,0.27865452,0.30338198,0.3270618,0.35229936,0.3773169,0.40297383,0.427303,0.4517028,0.47314635,0.49742287,0.5149337,0.52920943,0.5491117,0.5658664,0.58070356,0.5938033,0.60353714,0.6124203,0.6219288,0.6286426,0.6335829,0.6405608,0.64471817,0.6493092,0.658439,0.0037475657,0.003903553,0.0039010819,0.003967738,0.0039351056,0.00404196,0.0041439156,0.0042517576,0.004264806,0.004378809,0.004532997,0.004718381,0.0049272454,0.005107648,0.005271073,0.005603867,0.005928393,0.0061405026,0.006448762,0.0067570363,0.00709423,0.0074063684,0.007852517,0.008043078,0.00849547,0.008767701,0.009013076,0.009251693,0.0095508825,0.009642331,0.009934072,0.010175843,0.010496855,0.010843033,0.011285741,0.011783945,0.012290292,0.012830546,0.013567011,0.014228604,0.014991539,0.015767097,0.016589085,0.017404845,0.018224692,0.019085184,0.019847833,0.020677088,0.021577677,0.022485055,0.023207938,0.024094788,0.024712084,0.025307853,0.025707683,0.02606108,0.026274228,0.026315864,0.0263164,0.026369222,0.026233733,0.026215462,0.026212808,0.026206255,0.026266463,0.026171524,0.0260883,0.025825005,0.025408542,0.024808541,0.024148764,0.023215637,0.022160556,0.021132655,0.020063989,0.019198801,0.018223964,0.017414179,0.016710082,0.016122388,0.015531694,0.014823968,0.014124273,0.013317155,0.012355903,0.011408277,0.010290183,0.009298627,0.00832138,0.007467444,0.0067397216,0.006202979,0.0058278027,0.0056167557,0.0053892704,0.0052932743,0.0052755577,0.005319579,0.005293602,0.0053641344
Open,0,9,4,0.742575,0.7289669,0.7212264,0.7092529,0.7053221,0.70021373,0.6915006,0.6910087,0.686783,0.6845218,0.68548125,0.6876982,0.6850735,0.6864034,0.6849316,0.68649983,0.68839824,0.6839187,0.6832406,0.675528,0.6731613,0.66633564,0.6558804,0.64650536,0.6328455,0.62228835,0.6109692,0.59732676,0.585955,0.57415813,0.56439775,0.5505256,0.53874743,0.52979654,0.519197,0.5129048,0.50462043,0.49276298,0.48618633,0.4782461,0.47112113,0.46216315,0.45357028,0.44437698,0.43211123,0.4172677,0.4055271,0.38866755,0.37081203,0.35276896,0.33081418,0.31319237,0.28747606,0.2651416,0.24268714,0.21991141,0.19667263,0.17449936,0.15245861,0.13050975,0.11528733,0.098134175,0.085404865,0.08040933,0.076105475,0.0851745,0.09526541,0.1101441,0.12729515,0.14552969,0.165373,0.187308,0.20868683,0.23197517,0.25474554,0.27901635,0.30215925,0.32818115,0.35242453,0.3783431,0.4039976,0.4229596,0.45421183,0.47255647,0.49543527,0.51293325,0.5327191,0.54997134,0.5655882,0.5811814,0.5935783,0.6035744,0.612205,0.6231225,0.62850386,0.63575417,0.6392555,0.64415705,0.65096104,0.6585569,0.0039506876,0.00402875,0.004008304,0.0040551303,0.004183408,0.004185808,0.0042941514,0.0044788797,0.004516425,0.0045799916,0.0048201983,0.0049191415,0.005059331,0.0053750817,0.005488623,0.005805294,0.0060604154,0.0064088698,0.0065289354,0.006758575,0.0070767254,0.007468539,0.007741015,0.008010192,0.008446829,0.008694775,0.008995362,0.009077932,0.009332382,0.009517878,0.00980554,0.009985965,0.010300704,0.010716701,0.011122708,0.011634834,0.012230879,0.012885948,0.013558529,0.014239578,0.014940243,0.015857164,0.016687043,0.017521948,0.018276319,0.019026052,0.019897781,0.020487888,0.021505121,0.022366388,0.02325526,0.024112368,0.024618557,0.025311487,0.02553533,0.025887974,0.025956033,0.025989544,0.026059883,0.026177801,0.025959685,0.026049247,0.026001602,0.025935205,0.026031107,0.025984978,0.025889793,0.025643867,0.02528377,0.024798244,0.024096742,0.023112522,0.022128846,0.021317165,0.020189103,0.01926732,0.018329395,0.017398437,0.016627328,0.016058402,0.015337161,0.014539392,0.014008584,0.0129992,0.012122249,0.011208315,0.0101423105,0.00914803,0.008077376,0.0072425324,0.006430458,0.0059689274,0.005634219,0.0052439123,0.005081892,0.0050041084,0.0050572897,0.0050797183,0.0052285222,0.005192363
Open,0,10,4,0.7427495,0.7296325,0.72025293,0.7106332,0.7085397,0.7001735,0.69199264,0.69270134,0.6888208,0.6864476,0.68963265,0.68864733,0.68534327,0.6880875,0.68868387,0.6895786,0.69045234,0.6849099,0.6817788,0.6741292,0.67473304,0.6564555,0.6566449,0.6439335,0.63654286,0.61949056,0.6136471,0.59483546,0.58599687,0.5738065,0.56095195,0.54885924,0.53966826,0.52603227,0.5232852,0.5077234,0.50658476,0.4946268,0.4850515,0.47782335,0.47077167,0.46304682,0.4519413,0.44283548,0.43173194,0.41705665,0.40385935,0.3876189,0.36863482,0.35096925,0.3318773,0.31009647,0.2875057,0.26507464,0.24320674,0.22019272,0.19680005,0.17523488,0.15341605,0.13350296,0.11524965,0.098251194,0.088804565,0.08049812,0.07821572,0.08386915,0.096501864,0.10929892,0.12746778,0.1450073,0.16521916,0.18680583,0.20769463,0.23105511,0.25353006,0.2778162,0.30224198,0.3258007,0.34928542,0.37449872,0.40166676,0.42435694,0.4518284,0.4724221,0.49367958,0.51414543,0.53257227,0.5494623,0.5659921,0.5809162,0.5928852,0.6068828,0.6119915,0.62265664,0.62696123,0.6364368,0.6377813,0.6449933,0.6506726,0.6590959,0.0036256823,0.0037286256,0.0037701188,0.003797301,0.0038978623,0.003936193,0.003961648,0.004133027,0.0042182654,0.0043459074,0.0045045763,0.00464782,0.004888671,0.0052218502,0.0054307953,0.005637638,0.0059844046,0.006221134,0.0065851565,0.0068922373,0.0072394484,0.0075218985,0.007829014,0.008160333,0.008671889,0.008945388,0.009196135,0.0093115615,0.009539919,0.009792874,0.009974905,0.01017234,0.010462113,0.010816492,0.011273484,0.011630249,0.012164783,0.012810576,0.013353191,0.014072076,0.014779738,0.015698008,0.016430726,0.01716394,0.01791823,0.018622397,0.01949676,0.020393046,0.021137066,0.022125173,0.022913605,0.023527477,0.02420374,0.02468017,0.024806822,0.025295727,0.025449898,0.025542669,0.025402514,0.025644666,0.025501858,0.02530896,0.0251998,0.02516943,0.025573496,0.0253837,0.025270762,0.02543149,0.02530749,0.024705186,0.0242142,0.02324044,0.022399664,0.021439992,0.020319022,0.019506648,0.018658001,0.01772346,0.017031033,0.016374402,0.015702708,0.014901229,0.014292341,0.013437798,0.012397047,0.011441916,0.010449753,0.009384447,0.008307774,0.007493647,0.0067576426,0.006191974,0.0057292003,0.005407674,0.0051122564,0.004985675,0.004976257,0.0049907463,0.004967235,0.005037743
Open,0,11,4,0.7418097,0.73170364,0.72188646,0.7114358,0.7084298,0.7004562,0.6939478,0.6910877,0.68977594,0.68654776,0.6865969,0.6882786,0.6839992,0.6878154,0.68734527,0.6888265,0.6885655,0.6837977,0.68557984,0.67540133,0.6744692,0.6684713,0.6573665,0.6463276,0.63496673,0.61808974,0.6144772,0.5987335,0.5862615,0.574418,0.5610717,0.5516654,0.538249,0.52747774,0.52151823,0.50790316,0.50540745,0.494197,0.48595443,0.481085,0.4716173,0.46198374,0.45347607,0.44482434,0.43266186,0.41825604,0.40501955,0.3884977,0.37119886,0.35210574,0.33333716,0.31162423,0.2898755,0.26610744,0.24246491,0.22018342,0.19725323,0.17503275,0.1553948,0.13213888,0.1148088,0.09658131,0.08814665,0.07797245,0.07684224,0.08318064,0.09558976,0.10911194,0.12747921,0.14660326,0.16432624,0.18698457,0.20859866,0.23122081,0.2541776,0.2782417,0.3018134,0.32704732,0.3519654,0.3778532,0.39956564,0.42480186,0.45175973,0.47386834,0.49298614,0.5158044,0.5303831,0.5503666,0.5658725,0.58148855,0.59275556,0.6054395,0.6109834,0.6231527,0.6279857,0.63452023,0.6406534,0.64581925,0.65028304,0.6592171,0.0038316643,0.0038823842,0.0039557633,0.0039066966,0.003964693,0.0040572113,0.0042354492,0.004277685,0.004458325,0.0045547285,0.0045844484,0.0047571044,0.004883587,0.005177673,0.00543004,0.005676858,0.005891378,0.00610449,0.006701363,0.006830241,0.0071952883,0.007512378,0.007923504,0.008188364,0.008582022,0.008798717,0.0091002295,0.00920305,0.009408631,0.009547993,0.009712903,0.00982305,0.010076109,0.0104795,0.010954748,0.01131744,0.011952729,0.012475096,0.013032021,0.013876255,0.014461952,0.015306855,0.01606014,0.016845249,0.017581152,0.018318554,0.019135816,0.01997871,0.020819243,0.021669455,0.022598445,0.023322936,0.023989813,0.02456856,0.024966244,0.025325289,0.02553504,0.025597923,0.025648242,0.025779173,0.02551977,0.025600264,0.025564576,0.025603479,0.025611565,0.025714442,0.025673356,0.025523238,0.02529343,0.024824869,0.024156336,0.023327602,0.022458808,0.021401871,0.020391269,0.019324215,0.01855663,0.017661603,0.01696659,0.016452333,0.015906971,0.015239689,0.014502905,0.0137327295,0.012808534,0.011832205,0.010757755,0.009728494,0.008660341,0.007733208,0.0069585666,0.0063158767,0.0058995993,0.005638262,0.005268059,0.0051656873,0.0051480476,0.0051776525,0.005161459,0.0051542013
Open,0,12,4,0.7407826,0.72958106,0.7187604,0.70997685,0.70574576,0.69894475,0.6944397,0.68922824,0.68739194,0.6863078,0.6870025,0.6857498,0.6853472,0.68553126,0.6861044,0.6881137,0.6896262,0.6831317,0.68397325,0.6731017,0.67364526,0.66394055,0.6544539,0.6423807,0.6330785,0.6195774,0.611188,0.59712154,0.5847804,0.5716631,0.56194764,0.55255985,0.5392433,0.5288204,0.519216,0.50661874,0.5052584,0.49282205,0.48416546,0.48033223,0.4697911,0.4614807,0.45196298,0.44428995,0.4322947,0.4181761,0.40452224,0.38879508,0.37153992,0.35422778,0.33320495,0.3129935,0.2894676,0.26776454,0.24418928,0.22177725,0.19843796,0.17623296,0.15507297,0.13522361,0.11614066,0.09950064,0.08709263,0.07920616,0.07747027,0.08530328,0.0934212,0.109170645,0.12674397,0.14556804,0.16483568,0.18737395,0.20918532,0.2334769,0.25577998,0.28004205,0.30217117,0.32894486,0.3523592,0.37710926,0.4056671,0.42640713,0.45150277,0.47353935,0.49365225,0.51282054,0.53111285,0.55055225,0.5652936,0.5817393,0.59264654,0.603282,0.61350155,0.62185085,0.62943274,0.6344244,0.6412079,0.6472345,0.6514026,0.6599919,0.0037233543,0.0038248308,0.00383995,0.003861825,0.00392943,0.004091749,0.0041285907,0.004301651,0.004412125,0.0045122867,0.0045481594,0.00481493,0.0048868884,0.005112432,0.0053182845,0.005529016,0.0059031215,0.0061007575,0.006676194,0.0068615475,0.0072242008,0.0074835424,0.007894084,0.008063477,0.008398463,0.008732497,0.008945791,0.009092102,0.009216868,0.0094225975,0.009659046,0.009831319,0.010103152,0.010471419,0.010782447,0.011222949,0.011816059,0.012318971,0.012921989,0.0136627145,0.014339904,0.01511023,0.015897918,0.016743049,0.017530477,0.018336805,0.019214764,0.019917417,0.020821929,0.02173114,0.022537181,0.023271983,0.023957929,0.02457813,0.024912907,0.025140945,0.025419353,0.02557516,0.025510952,0.025475817,0.025326842,0.025255747,0.02525084,0.02533074,0.025539752,0.025439763,0.025303809,0.025217026,0.024799164,0.024289137,0.023750167,0.022907943,0.02198064,0.02101364,0.019959252,0.01900599,0.018114874,0.017287474,0.016545363,0.016019043,0.015393495,0.014693632,0.013974541,0.013204827,0.012237727,0.011399901,0.010209387,0.009230133,0.0081456695,0.0073097902,0.00662869,0.006094501,0.0056895264,0.0053411694,0.0051789423,0.0051169703,0.005078473,0.0051832083,0.0052149724,0.005122681
Open,0,13,4,0.74131906,0.7284862,0.7192412,0.70936304,0.7057537,0.6998153,0.69581133,0.68984205,0.6855776,0.68281937,0.6883876,0.685322,0.6841207,0.6875918,0.68740153,0.6866488,0.6878184,0.6838088,0.68330437,0.6754809,0.6726244,0.66323173,0.65672,0.64395934,0.6343665,0.6218204,0.61232877,0.596683,0.58540094,0.573061,0.5628205,0.55039304,0.538269,0.52659136,0.51936823,0.5107766,0.5035944,0.4938899,0.4853264,0.47914815,0.47169733,0.46289656,0.45306742,0.4438433,0.4322475,0.41854677,0.4042658,0.38929614,0.37077042,0.35340855,0.3326918,0.31278712,0.28926274,0.26762655,0.24474478,0.22200578,0.19951546,0.17712425,0.15577245,0.13414823,0.11627889,0.09968581,0.08758615,0.07777672,0.07676184,0.0830614,0.09303426,0.10797663,0.1253416,0.14404048,0.16311155,0.18532018,0.2073661,0.23175311,0.25413895,0.27785233,0.30322757,0.32687962,0.3528274,0.37844557,0.40420446,0.4241914,0.45413253,0.47345936,0.49487957,0.5152645,0.53313464,0.55162174,0.5665343,0.5819312,0.59364146,0.6045815,0.61137784,0.6235735,0.6291816,0.6370499,0.6390737,0.64559895,0.65194046,0.65822804,0.0037210863,0.0037108897,0.0038056422,0.0038779345,0.003921915,0.0039774603,0.004046677,0.0041339607,0.0043024467,0.0043376973,0.004539517,0.004687645,0.0048265965,0.005142953,0.0052599823,0.005414563,0.00576174,0.006021959,0.0062644947,0.006541653,0.006847654,0.007099465,0.0074179624,0.0076254113,0.007973517,0.008360676,0.008505418,0.00866081,0.008938912,0.0090383375,0.009357856,0.00954723,0.009720359,0.010112523,0.010494443,0.010998979,0.011465618,0.012104925,0.01266336,0.013418841,0.014145973,0.015032847,0.01570297,0.01647249,0.017214946,0.017988075,0.018796079,0.01958069,0.020365225,0.0212936,0.022025201,0.02284918,0.02340358,0.024035463,0.024284763,0.024614045,0.02491119,0.024950054,0.02487887,0.024964903,0.024833623,0.02486947,0.024905743,0.024834199,0.025024595,0.024963748,0.024998363,0.024838034,0.024444826,0.023997677,0.023370184,0.022584148,0.021688981,0.020643177,0.019712554,0.018818349,0.017807588,0.017038083,0.016470207,0.015911877,0.015327789,0.014585241,0.0140747335,0.013139714,0.012279054,0.011370297,0.010360335,0.00934123,0.008310406,0.0074311174,0.006720366,0.006207018,0.0058644633,0.0054621045,0.0051794406,0.0051317737,0.005167715,0.005156761,0.005094304,0.0052265446
Open,0,14,4,0.73993874,0.72844523,0.7172618,0.70837307,0.70358676,0.69846594,0.6927747,0.68673354,0.687672,0.68422425,0.6847969,0.6869814,0.6849146,0.68710953,0.68585473,0.6883931,0.6885051,0.68305254,0.68176854,0.676027,0.6727649,0.6659338,0.65492606,0.6463428,0.6355714,0.61975527,0.6109518,0.59557647,0.585159,0.5728072,0.56024903,0.5491974,0.53794116,0.52789205,0.51951903,0.50689054,0.5044264,0.49323073,0.4869947,0.47912386,0.47068316,0.4629716,0.45092747,0.4443239,0.43166658,0.41855165,0.4052509,0.38943636,0.3740271,0.3514328,0.3337589,0.31214783,0.29058245,0.26721266,0.24368966,0.22167364,0.19876055,0.17601082,0.15475796,0.13336807,0.11548483,0.09930388,0.086878635,0.07752352,0.07633935,0.08366932,0.09372139,0.1081249,0.12669271,0.14548133,0.16508041,0.1879227,0.20877743,0.23312624,0.2555138,0.27992806,0.3035855,0.3296193,0.35399276,0.3771102,0.40356016,0.4268479,0.45361862,0.47536916,0.49427575,0.5134273,0.5318497,0.55015063,0.5671203,0.58086216,0.593367,0.6040314,0.61302125,0.6233537,0.6289496,0.63755,0.64165276,0.6448442,0.650721,0.65861005,0.0037870589,0.0038931388,0.0038591838,0.003937308,0.003990995,0.0040640975,0.00410085,0.0041925693,0.0042976285,0.004327656,0.004518708,0.0046955184,0.00478077,0.0050645443,0.0051337774,0.005477103,0.005777012,0.005958796,0.006251255,0.0064934804,0.0067215203,0.007179645,0.0073649758,0.0076954314,0.0080848755,0.0082911365,0.008462553,0.008590667,0.008827997,0.00899924,0.009253587,0.009345483,0.00960318,0.010014761,0.0103475,0.010787787,0.011295444,0.011864234,0.012544872,0.013167047,0.0139282765,0.014725489,0.01523809,0.016266104,0.016947368,0.01780082,0.01859807,0.019290907,0.020127688,0.021017835,0.021750966,0.022538682,0.023157317,0.023697564,0.024043381,0.024370719,0.024438236,0.024461702,0.024674585,0.024718812,0.02465368,0.024430793,0.024515714,0.024554217,0.024679797,0.0247398,0.024654381,0.0246085,0.02423125,0.023733165,0.023107754,0.022459993,0.021563385,0.020842068,0.019771034,0.019109616,0.018216016,0.017412513,0.016828677,0.016325295,0.015660416,0.015044881,0.014387272,0.013609923,0.012655461,0.011741149,0.010701535,0.009679462,0.0086656185,0.007700439,0.0070121596,0.0064185457,0.00606984,0.0055766185,0.0054112105,0.005209717,0.0052192356,0.0052712793,0.005231541,0.0052214274
Open,0,15,4,0.74193823,0.72815084,0.72017366,0.7077463,0.7047899,0.6991392,0.6928562,0.6906647,0.6878542,0.6846503,0.687312,0.6885831,0.68746966,0.68883634,0.6872856,0.6878572,0.6901321,0.68454677,0.684544,0.67533684,0.67352206,0.6659226,0.65628666,0.6452281,0.6344853,0.6210106,0.60925806,0.5975916,0.5850151,0.5728889,0.55949545,0.54934084,0.5380644,0.52880573,0.5190936,0.51005507,0.50617236,0.49131277,0.48640487,0.47979861,0.47169217,0.46204028,0.4517801,0.44352362,0.4324799,0.41899872,0.40450427,0.39102504,0.37205184,0.35251567,0.3345738,0.31306285,0.29125106,0.26860106,0.2446768,0.22143923,0.19893818,0.17602272,0.15408444,0.13301368,0.11418969,0.09777558,0.08620636,0.07825313,0.07441107,0.08322184,0.092163265,0.108070545,0.12454275,0.14453116,0.16477484,0.18644619,0.20848684,0.23174153,0.25591707,0.2800743,0.3028735,0.32812732,0.3517615,0.37912536,0.4048998,0.42477804,0.45483238,0.47434253,0.4956113,0.5155724,0.53203064,0.55123377,0.56577665,0.5824078,0.59431297,0.6045184,0.6140069,0.62444234,0.62839085,0.6368034,0.642358,0.6449967,0.6509418,0.65890926,0.0037031074,0.0038224459,0.003836565,0.0038345254,0.0039081112,0.00404741,0.004097149,0.004276221,0.004345532,0.0044042976,0.004577557,0.0047295955,0.0048960852,0.0051054726,0.005213197,0.005415146,0.005776629,0.0059794663,0.0061357147,0.0063368613,0.0065992726,0.0069373557,0.0072606443,0.0075309766,0.007951445,0.008185044,0.00841812,0.008444611,0.008767591,0.008970902,0.009197809,0.009381022,0.009712988,0.010202921,0.010490915,0.011087253,0.011599849,0.012100023,0.012727694,0.01344195,0.014034544,0.014817517,0.015543737,0.016356712,0.017142199,0.017924776,0.018713418,0.01955045,0.020294607,0.021159897,0.022034217,0.022713821,0.023422422,0.023985047,0.024349988,0.024615332,0.024786294,0.02470808,0.024788352,0.024844907,0.024736067,0.024643663,0.02461641,0.024762725,0.024836369,0.024831645,0.024883268,0.024749089,0.024567958,0.024110252,0.023682347,0.022775555,0.022030443,0.02096426,0.01999089,0.019146899,0.018303417,0.017556228,0.016890867,0.016443275,0.015961222,0.015276181,0.014579178,0.013702354,0.012723563,0.011817542,0.01074044,0.009794951,0.00876125,0.007860213,0.007087578,0.0065463865,0.006132907,0.005743906,0.005489884,0.0053057396,0.0053016576,0.005320487,0.0052338657,0.0052773356
Open,0,16,4,0.74060977,0.7269204,0.7194418,0.7088624,0.7057234,0.69871527,0.69021875,0.690178,0.6853568,0.6844845,0.68611753,0.68724865,0.68752724,0.6874813,0.68686646,0.6878902,0.6890767,0.6839236,0.68247485,0.6765314,0.6736476,0.6662942,0.6542313,0.64975476,0.63192403,0.6221425,0.6128225,0.5973915,0.5848279,0.57337415,0.5617641,0.5503946,0.53777915,0.52768433,0.5179009,0.5099009,0.5012827,0.494889,0.4853286,0.48170167,0.47153652,0.46258256,0.45454007,0.44430244,0.43266067,0.4201631,0.40525538,0.38915384,0.37223274,0.35284665,0.33434972,0.31323847,0.2915588,0.26705992,0.24487951,0.22191618,0.19826905,0.17584963,0.1551392,0.13267423,0.115645535,0.09794302,0.08397254,0.07618824,0.07489721,0.082326986,0.09275221,0.10733903,0.12669559,0.14532125,0.16525526,0.187942,0.20949525,0.23274802,0.25602797,0.27975407,0.30420706,0.32806304,0.35490626,0.37805125,0.40422744,0.42774284,0.45393768,0.47487855,0.4935002,0.51308703,0.5321311,0.5501159,0.56538355,0.5818132,0.5933973,0.6056252,0.61401963,0.62347806,0.6284133,0.6328001,0.642072,0.64299375,0.6521212,0.657756,0.0037707374,0.00384367,0.0038714549,0.003943347,0.0040199347,0.004080535,0.004094696,0.004261589,0.004308817,0.0044407737,0.004555977,0.0046845092,0.0049264794,0.005149198,0.005317795,0.005431959,0.0057718586,0.0059396587,0.006150546,0.006395291,0.0067778635,0.0070935506,0.0073322956,0.007571959,0.007882887,0.008252858,0.008389989,0.008501973,0.008762046,0.0089816,0.009202791,0.00938823,0.009740416,0.010034514,0.010496293,0.010932107,0.011414183,0.012099423,0.012642182,0.013392327,0.014108527,0.014808743,0.015604545,0.0162668,0.017116085,0.017811833,0.018607466,0.019374376,0.020177802,0.021073151,0.021765873,0.02252684,0.023099195,0.02366719,0.02400107,0.024253951,0.024492797,0.024561962,0.024559256,0.024577778,0.02442756,0.02437279,0.024490912,0.024546651,0.024512203,0.024685137,0.024601992,0.024475401,0.024483094,0.02397411,0.023581097,0.022684082,0.021923438,0.021104328,0.0201577,0.019159012,0.018374206,0.017587917,0.01693683,0.01643282,0.015882267,0.015244455,0.014440666,0.013599602,0.012593446,0.0116378395,0.010632473,0.009750891,0.008661546,0.0077807875,0.0070991763,0.0065380177,0.0061419266,0.0057971845,0.0055136653,0.0053189807,0.0053349417,0.0053364933,0.005329165,0.00533374
Open,0,17,4,0.74091625,0.72798973,0.7187432,0.708868,0.7055893,0.69877577,0.6936609,0.6898454,0.68775725,0.68269193,0.68938327,0.68529856,0.6855724,0.6866526,0.68589276,0.6888959,0.6888165,0.6852005,0.6844346,0.6747372,0.67535317,0.66562945,0.6567214,0.6440552,0.6347537,0.62357116,0.61088395,0.59841734,0.585069,0.57286495,0.56159246,0.55277,0.53850734,0.528578,0.5199246,0.5093678,0.5069782,0.4922467,0.48616225,0.48019287,0.46991554,0.46201524,0.45258343,0.44192308,0.43086103,0.41790494,0.403856,0.38833088,0.36982164,0.35196713,0.33203745,0.31242737,0.2886969,0.26609612,0.24259198,0.21935463,0.19614394,0.17439944,0.15324442,0.13104597,0.11331535,0.09624247,0.08379931,0.07799678,0.07597811,0.083521195,0.09510567,0.10898033,0.12777282,0.14658767,0.1662082,0.18739592,0.21011713,0.23348229,0.25668234,0.28038177,0.3045399,0.33029148,0.35408437,0.38007143,0.40605858,0.42882827,0.45545712,0.47697088,0.49906194,0.51362884,0.53544694,0.55178183,0.566737,0.5829278,0.5940865,0.6059736,0.6139767,0.62424415,0.63088286,0.6357736,0.6397269,0.64598155,0.6494437,0.65732133,0.0037710653,0.0038050178,0.0037955923,0.0038549264,0.003916224,0.003969155,0.00414443,0.0042453194,0.004352257,0.004403343,0.0044925497,0.0046626283,0.004876821,0.0051153866,0.0052421805,0.0055182218,0.0057324655,0.006018669,0.00636536,0.0066328165,0.006896334,0.007140814,0.007455215,0.007707614,0.008017081,0.008286892,0.008539541,0.008570643,0.008906184,0.008951407,0.009264666,0.009422292,0.009660979,0.01004845,0.010503276,0.010991385,0.011486403,0.011963641,0.012703627,0.013345901,0.014029119,0.014853535,0.015473973,0.01625633,0.017122516,0.017886553,0.018638879,0.019357346,0.020163383,0.02104369,0.021816092,0.022574466,0.023237493,0.023733934,0.02414914,0.024527162,0.024753066,0.02478968,0.024857279,0.024889445,0.024783064,0.024773287,0.024887178,0.025038214,0.025118126,0.025110401,0.024995603,0.024860641,0.024594385,0.02402615,0.023537997,0.022796439,0.02194185,0.021081707,0.0200351,0.019123647,0.018240198,0.017431777,0.016798342,0.01635887,0.015839487,0.015096182,0.01454813,0.013714438,0.012840185,0.011857927,0.010885475,0.009830134,0.008748682,0.007814219,0.0070901425,0.006490775,0.0060441024,0.0056335973,0.0053287055,0.005201882,0.0051278956,0.0051367246,0.0050625186,0.005174584
Open,0,18,4,0.7412437,0.72755146,0.71996236,0.70923173,0.70448285,0.6976649,0.6913749,0.68956625,0.6851611,0.6822464,0.6850254,0.68776596,0.6855817,0.6878726,0.6849865,0.6869012,0.6893519,0.68320024,0.68317586,0.6750069,0.67426336,0.6671268,0.6566822,0.6464989,0.6331785,0.62065,0.6132733,0.5994019,0.5870941,0.5735744,0.5640593,0.5527633,0.5407503,0.5291758,0.5192223,0.51213217,0.50567824,0.49463198,0.48540366,0.47860178,0.47149694,0.46207288,0.45094404,0.443268,0.43041027,0.41771382,0.40223482,0.38728118,0.3687924,0.35262644,0.32997325,0.3090118,0.28803566,0.2640632,0.24198642,0.2183675,0.19586962,0.1738926,0.15282796,0.13142131,0.11369098,0.096293636,0.08616544,0.08038251,0.07753061,0.08573228,0.09551297,0.11102645,0.12804063,0.14623627,0.16537324,0.18828808,0.20926608,0.23283343,0.25622085,0.2801157,0.30494398,0.3291468,0.35346586,0.37998563,0.40288764,0.42908844,0.45515427,0.4755502,0.49540588,0.51458734,0.5334905,0.5515935,0.5690671,0.5823287,0.59396327,0.60813993,0.6155932,0.62415594,0.6312588,0.6378732,0.6388547,0.64654297,0.65162104,0.6594586,0.0034190845,0.0036216099,0.003529209,0.0036273827,0.0036624584,0.0037700105,0.0038423112,0.0039768755,0.0041365013,0.0041941847,0.0043669785,0.004573157,0.0047250693,0.0049742,0.005125658,0.005249256,0.005665608,0.0059043914,0.006172046,0.006397092,0.006742497,0.0070094247,0.0073653874,0.0075227,0.007882518,0.008113925,0.0083446065,0.00845197,0.008747946,0.008851906,0.0091046225,0.009290931,0.009631001,0.009934987,0.0102288155,0.0108453045,0.01134384,0.011845045,0.012396369,0.013065249,0.013836308,0.01461129,0.015319804,0.016129207,0.016821167,0.01756403,0.018308572,0.019133305,0.019856356,0.020813733,0.021457566,0.022212088,0.022972737,0.023523381,0.023957413,0.024301462,0.024672411,0.024725746,0.02464139,0.02468955,0.024608666,0.024468364,0.02447931,0.024528649,0.02445497,0.024615759,0.0246311,0.024375536,0.024138499,0.023662416,0.02311396,0.022320822,0.021460563,0.020576553,0.019555954,0.018609282,0.017754275,0.017056156,0.016382584,0.015874565,0.015217732,0.014617102,0.014027856,0.013170147,0.012283117,0.011276686,0.01029947,0.009314253,0.008381719,0.0074662515,0.006810608,0.0062526586,0.005885009,0.005508968,0.005284465,0.005144163,0.005091825,0.005134081,0.0050977147,0.005122112
Open,0,19,4,0.7403021,0.7266285,0.7192251,0.7086103,0.7035041,0.6967822,0.6892343,0.688578,0.6850273,0.6851689,0.68485755,0.6851072,0.68503934,0.6864591,0.6839143,0.6865222,0.68693125,0.6830705,0.68287843,0.6731017,0.672722,0.66517556,0.65533936,0.6461915,0.63476074,0.61993355,0.61252457,0.595685,0.58465874,0.57208985,0.56109154,0.55101424,0.53875273,0.52904373,0.5236561,0.50901306,0.5028573,0.49584308,0.4862793,0.48014697,0.46996385,0.4624023,0.45133176,0.44251394,0.43194896,0.41715854,0.4033145,0.38894653,0.37162814,0.34994158,0.3311089,0.31077084,0.28655535,0.26604107,0.24212413,0.2197767,0.19637196,0.17434984,0.1535602,0.13162494,0.1143278,0.09920369,0.085479416,0.08056314,0.07716801,0.08399076,0.09625295,0.10953232,0.12805046,0.1463148,0.16734773,0.18756,0.20989768,0.2336428,0.2564587,0.27969912,0.30507404,0.3295869,0.35474935,0.3793956,0.405037,0.42736164,0.45450148,0.47435322,0.49629033,0.5129506,0.5333065,0.55171996,0.56610787,0.5822371,0.59382296,0.6049353,0.61258554,0.6238495,0.63081783,0.63478214,0.64370686,0.645594,0.6521236,0.65913266,0.0034619567,0.0035194138,0.0035430784,0.0036045704,0.0036815563,0.0037769158,0.003940706,0.0040371562,0.0040746816,0.0042439,0.0043913457,0.0046010744,0.004725802,0.0049546445,0.0050670262,0.0053527807,0.005633445,0.005873865,0.006157599,0.0064178417,0.006709241,0.007022017,0.0073514036,0.007542693,0.00791551,0.00815096,0.008399229,0.008495209,0.008839229,0.008941147,0.009121669,0.009386143,0.0097004445,0.010000853,0.01041038,0.0108804675,0.011414946,0.011978362,0.012575435,0.013312029,0.013967342,0.014739646,0.015440393,0.016242955,0.017076353,0.017786372,0.018534461,0.01925478,0.020174664,0.020980962,0.0217245,0.022455564,0.023132438,0.023679959,0.024049038,0.024320306,0.024494413,0.024519881,0.024505686,0.02459463,0.024483021,0.02442729,0.024309954,0.024384752,0.024471,0.024565574,0.024501037,0.024497133,0.024162276,0.023660464,0.023050169,0.022234544,0.021359378,0.020412099,0.019395795,0.018535445,0.01763147,0.016914248,0.016299825,0.01581809,0.015251402,0.014557869,0.014025778,0.013158641,0.012363594,0.011410933,0.010440042,0.009473708,0.008480985,0.0075467657,0.0069561163,0.006392391,0.0059237634,0.005606018,0.0053997575,0.0052651833,0.005276875,0.005283545,0.005271409,0.0052722227
Open,0,20,4,0.7405018,0.72981894,0.7188903,0.7097334,0.70504934,0.69961065,0.6930554,0.6884421,0.687187,0.68486977,0.68756557,0.6862735,0.6835,0.6850591,0.6855759,0.6885944,0.68713444,0.6834155,0.6839588,0.6739251,0.67239815,0.6656436,0.6545289,0.6450199,0.63298273,0.61753106,0.6122029,0.5953183,0.58439624,0.57360035,0.5622487,0.5506955,0.53796583,0.52853274,0.51800716,0.51030236,0.50381833,0.49299353,0.48512292,0.4786276,0.4686135,0.46084335,0.45053843,0.44128543,0.4300533,0.4162557,0.4033621,0.38532445,0.36895066,0.35051775,0.3309875,0.31242877,0.28811565,0.26545182,0.24402343,0.22050132,0.19668645,0.17574644,0.15427732,0.1331604,0.115312085,0.0993263,0.08860176,0.07827321,0.07767487,0.08491482,0.09679694,0.108996026,0.12775134,0.14635466,0.1659719,0.18640852,0.21033795,0.23271267,0.25613028,0.2791326,0.30401337,0.32814017,0.3537855,0.37812415,0.40236813,0.42648086,0.4549477,0.472801,0.49384707,0.5135683,0.5341089,0.5519095,0.56654423,0.58268476,0.5931947,0.6061951,0.61239487,0.6239874,0.6291708,0.6350564,0.6374772,0.6461505,0.6512458,0.6578866,0.003529478,0.0035762694,0.0036913161,0.0037096923,0.0038470482,0.0038490458,0.0039869617,0.0041883485,0.0042429077,0.0044042016,0.004475681,0.0047486266,0.0049161264,0.0051173395,0.0052803797,0.0055275043,0.005729611,0.0059918794,0.006336853,0.006559524,0.006815061,0.007167436,0.0074291946,0.007711675,0.007981565,0.008249962,0.008470622,0.008562297,0.0088865515,0.009005953,0.009139183,0.009359026,0.009704732,0.010157861,0.010551254,0.010997456,0.011575373,0.012047862,0.012707457,0.013421867,0.013917887,0.0148991775,0.015586223,0.016252823,0.016952472,0.018033827,0.018625267,0.019245537,0.020116579,0.021100244,0.021967502,0.022777775,0.023309937,0.024038428,0.024352811,0.024746,0.024961915,0.025026796,0.025104525,0.025000082,0.025014376,0.024890345,0.024836631,0.024869101,0.02482353,0.024830999,0.024725541,0.02461402,0.024361279,0.023944635,0.02335907,0.022464573,0.021529632,0.020509675,0.019534545,0.018682513,0.017955426,0.017130643,0.016474508,0.015926618,0.015396302,0.014718368,0.014147845,0.013091764,0.012424834,0.011578431,0.010560131,0.009596152,0.008537204,0.0077719437,0.0070380857,0.006444951,0.005984174,0.005682241,0.00539258,0.0052891592,0.0052210926,0.005252191,0.005205686,0.0052054143
Open,0,21,4,0.7406322,0.7272247,0.7188329,0.7089799,0.7045941,0.699394,0.69164884,0.68998194,0.68414754,0.6844111,0.6838915,0.6870039,0.6846518,0.68501914,0.6867056,0.6871098,0.6882156,0.6837828,0.6835315,0.6730927,0.67401516,0.6648605,0.65499914,0.6449438,0.63341767,0.61972064,0.6100444,0.59705746,0.5838508,0.57190746,0.5622016,0.54906404,0.53866094,0.5258957,0.520808,0.50853616,0.50110966,0.49512625,0.48695996,0.47744435,0.47126833,0.46181476,0.45193478,0.44204098,0.43060702,0.41613954,0.40353996,0.3875651,0.3708361,0.34976682,0.33118367,0.3095464,0.28781027,0.26651534,0.24260928,0.21966834,0.19668382,0.17524424,0.15289512,0.13275355,0.11613956,0.0994612,0.088039875,0.07885347,0.07783562,0.084957846,0.094973154,0.11032216,0.12546979,0.14482741,0.16503914,0.18778181,0.20879228,0.23297612,0.25690413,0.28028476,0.3038929,0.32976517,0.35338593,0.3785272,0.40343955,0.4253862,0.45430958,0.47495905,0.49637994,0.5164042,0.5285811,0.5509717,0.56724274,0.5809211,0.5941658,0.6056555,0.6141225,0.62360513,0.62945426,0.63604945,0.6400379,0.6463752,0.6502824,0.6575959,0.0036377066,0.0037464425,0.0037319702,0.0038399894,0.003913613,0.003945297,0.0040488844,0.0042048544,0.0042987303,0.0044130785,0.0046123336,0.004782771,0.0049484903,0.0050988332,0.005294519,0.005522741,0.005886618,0.006089376,0.006447177,0.006725414,0.0069957306,0.0072954176,0.0075777373,0.0077692834,0.008151173,0.008276341,0.008584872,0.008671447,0.008849654,0.008989272,0.009107951,0.009323446,0.009625876,0.009954619,0.010428759,0.010823308,0.011282301,0.011881958,0.0124643715,0.0131648965,0.013829795,0.014594455,0.015409765,0.016133603,0.016858615,0.017684925,0.018643972,0.019313587,0.020101879,0.021055859,0.02184434,0.022580625,0.023267921,0.023916801,0.02417058,0.024570525,0.024702337,0.024752315,0.024774885,0.02480538,0.024675986,0.024707554,0.02461008,0.0245881,0.02456927,0.024633618,0.024636682,0.024409384,0.02413274,0.023569435,0.023100764,0.022256978,0.021375675,0.020478442,0.019424668,0.018532306,0.017653415,0.01692362,0.016224824,0.01571904,0.015117461,0.014432649,0.013878886,0.013081901,0.012235829,0.011354178,0.010273275,0.0092906235,0.008270986,0.007402521,0.0066976342,0.0061868876,0.0057444917,0.005382819,0.005117265,0.0050589964,0.005032211,0.0050627794,0.005063867,0.0050254804
Open,0,22,4,0.7413146,0.72747594,0.7188505,0.7093181,0.70639265,0.699297,0.6926364,0.68892944,0.6863259,0.68377656,0.68793374,0.6864764,0.6826109,0.68711925,0.6838209,0.6874838,0.688957,0.6828751,0.6827925,0.6759309,0.6718529,0.66082096,0.6541136,0.6446371,0.63215375,0.6217838,0.60948706,0.5943906,0.58428055,0.57151735,0.5605643,0.548491,0.53833264,0.5285326,0.5169136,0.50964093,0.5030658,0.4927152,0.4855359,0.47844166,0.4716231,0.4612061,0.4514446,0.4414372,0.43114,0.41820303,0.40381712,0.38800105,0.3722495,0.35135937,0.3303577,0.31180418,0.28891778,0.26652643,0.24317318,0.22030921,0.1970057,0.17487791,0.15405044,0.13235444,0.113999724,0.09943634,0.085814424,0.08030538,0.0771996,0.084943525,0.09484245,0.10995994,0.12878689,0.1454374,0.16617544,0.18776672,0.20953558,0.23262599,0.2578409,0.28050682,0.3039617,0.32828614,0.3538681,0.37857544,0.4055643,0.4234593,0.45322517,0.47429347,0.49569836,0.51591784,0.5321002,0.5505659,0.5675817,0.5821356,0.5942722,0.6073594,0.61326545,0.62293434,0.6288257,0.6365257,0.6405595,0.64436924,0.6507344,0.65774983,0.003669228,0.0036789312,0.0038235618,0.0038419717,0.0039480655,0.003983185,0.003993972,0.0042012054,0.004255183,0.0043776664,0.004579494,0.004690856,0.0047420505,0.004998769,0.005194372,0.00548626,0.00575871,0.005951695,0.0062178723,0.006451242,0.0067168158,0.006983357,0.0072477777,0.0075492193,0.0077937744,0.008096567,0.00835455,0.008442806,0.008684552,0.008738005,0.00899792,0.009160685,0.009413817,0.009723671,0.010192788,0.010725558,0.0112379845,0.011835455,0.012316971,0.013080056,0.013662759,0.0144397225,0.015085488,0.015891813,0.016752873,0.01747666,0.018245518,0.019034702,0.019912308,0.020795166,0.021515176,0.022306964,0.022946239,0.023535633,0.023847336,0.024222054,0.02440342,0.02454637,0.024448164,0.024480391,0.02450026,0.024462877,0.024556993,0.024579069,0.024545237,0.024607537,0.024418,0.024227023,0.02381706,0.023437362,0.022839963,0.021973427,0.02114976,0.020131767,0.019151974,0.01823925,0.017376138,0.016665956,0.016073171,0.01567026,0.015183705,0.014464527,0.0139124915,0.013158493,0.012318626,0.011405208,0.010346394,0.009455071,0.008495283,0.007718087,0.0069754557,0.006381081,0.0059769563,0.005567017,0.0052922913,0.005188698,0.0051051015,0.0051557994,0.0051254877,0.005081064
Open,0,23,4,0.7404039,0.727424,0.71851474,0.7083963,0.7036094,0.6964671,0.6906505,0.6892459,0.6835908,0.6811607,0.6853739,0.6847561,0.6821546,0.6859785,0.68394125,0.68688303,0.6877001,0.68106,0.682783,0.6743615,0.6725189,0.6605115,0.6568017,0.6451751,0.63259107,0.61950517,0.6093938,0.5941046,0.58443236,0.5716589,0.5602637,0.5507999,0.53727615,0.52589405,0.517545,0.5098861,0.5015768,0.492728,0.48426288,0.47993794,0.4712565,0.46201175,0.4520145,0.4420323,0.4304062,0.41583335,0.4031607,0.38883835,0.37079373,0.35202578,0.33175522,0.31001976,0.28932822,0.26555243,0.24351911,0.2205922,0.19780967,0.17522432,0.1537468,0.13221197,0.11587318,0.10015122,0.09040419,0.08133661,0.07828358,0.087274306,0.0970602,0.10991398,0.1278375,0.14570034,0.16685651,0.18695356,0.20902307,0.23290367,0.25530574,0.27863002,0.3021625,0.32760468,0.35254103,0.37656718,0.40381578,0.4258652,0.45394322,0.47350785,0.49495342,0.51544225,0.53092843,0.5505425,0.56556976,0.5806837,0.5918468,0.60506356,0.61145407,0.6232023,0.62979054,0.63462585,0.64239985,0.64297146,0.6525056,0.6582991,0.0034579935,0.0035568562,0.0035293796,0.0035708863,0.003672856,0.0037707994,0.0038305589,0.0039578048,0.003969357,0.004072521,0.0042495737,0.0043687248,0.0045902655,0.0047826823,0.0049379,0.005257724,0.005504592,0.0057522976,0.0061088176,0.0063593867,0.006521306,0.0068364968,0.007275152,0.007456141,0.007898825,0.008098959,0.00827733,0.008439241,0.008656849,0.008836212,0.009048137,0.009265879,0.009511408,0.009919207,0.010277988,0.010810591,0.011289463,0.011854303,0.012413393,0.013208657,0.013784507,0.014500328,0.015197966,0.015990537,0.016710151,0.017551951,0.018346306,0.019128997,0.019966058,0.020872828,0.021572474,0.022384375,0.023078661,0.023606587,0.023924423,0.024193212,0.024546526,0.024483584,0.024656467,0.024645336,0.024540348,0.024468608,0.024226101,0.024400447,0.024417207,0.024481032,0.024345165,0.024266966,0.024129286,0.023587352,0.023221567,0.022474393,0.02166762,0.020594161,0.01968167,0.018761713,0.017895535,0.017216146,0.016608547,0.01603497,0.015415911,0.014807716,0.0142288245,0.013386323,0.012468131,0.011634175,0.010667955,0.009545793,0.008518148,0.007556091,0.006906187,0.006378279,0.0059301667,0.0055384478,0.005330501,0.005295755,0.005233441,0.005309423,0.005294896,0.0052540847
Open,0,24,4,0.7409361,0.72855043,0.7184754,0.7087395,0.7064918,0.69850004,0.6927003,0.68903196,0.686864,0.6845494,0.6865872,0.68329525,0.68469316,0.685525,0.68430054,0.6879627,0.68652,0.68353164,0.68015033,0.6742277,0.67319053,0.6597536,0.65468544,0.6421736,0.6326011,0.6214773,0.60978484,0.5955167,0.5848499,0.57015973,0.5585742,0.548372,0.5370589,0.52625823,0.51870275,0.5059792,0.50547653,0.49156433,0.48369578,0.47578153,0.46862203,0.46067566,0.45185256,0.44231132,0.4304686,0.41640985,0.4038228,0.3873349,0.3695027,0.35338584,0.3328044,0.31108096,0.28946275,0.2659934,0.24289939,0.22036795,0.19748071,0.17498426,0.15450071,0.13443704,0.1154268,0.09950554,0.08726369,0.08188471,0.07962156,0.08505457,0.09756132,0.10971117,0.1274317,0.14648865,0.16546373,0.18752283,0.20851012,0.23263976,0.2555893,0.2792427,0.3042882,0.32830682,0.35258704,0.3792364,0.40376127,0.42514372,0.45221183,0.47619194,0.49431968,0.512471,0.53264225,0.5505618,0.5659349,0.58189845,0.593388,0.6047912,0.61341524,0.62332815,0.629093,0.6367057,0.6407984,0.6470974,0.65208393,0.66050434,0.0033624447,0.0035073706,0.0035302457,0.0035428477,0.0036340181,0.003768249,0.0038686718,0.0039870865,0.0040621655,0.0040990673,0.004359334,0.0044297795,0.0046626395,0.0048970315,0.0050172694,0.0052761226,0.005523952,0.0058111483,0.006027269,0.0063192677,0.0066818316,0.006892121,0.0072715716,0.0075584566,0.0077926097,0.008031263,0.008273567,0.008395555,0.008649137,0.008728236,0.008913303,0.009198552,0.0093656415,0.009776362,0.01015343,0.010624888,0.011170943,0.0116720935,0.012220489,0.012894794,0.013676777,0.014348434,0.01512378,0.01595625,0.016631203,0.017399276,0.018251274,0.019001104,0.019778466,0.020613926,0.02138618,0.022151196,0.022830864,0.023396138,0.023925778,0.024251547,0.024403429,0.024397556,0.024472982,0.024420956,0.024349162,0.024342565,0.024318717,0.024277221,0.024412734,0.024548277,0.024456142,0.02429925,0.023997381,0.023621652,0.023106672,0.022173887,0.021193944,0.02033202,0.019373732,0.018526675,0.017705698,0.017049022,0.01637724,0.01585886,0.01537885,0.014633952,0.014109034,0.013270738,0.012475306,0.011445373,0.010504265,0.009534565,0.008484469,0.0075992635,0.006750529,0.006228606,0.005800707,0.0054959734,0.005273607,0.00510621,0.0050680162,0.0051119565,0.0051186797,0.0050366465
Open,0,25,4,0.7415891,0.72814023,0.7195471,0.7087294,0.705263,0.69937843,0.6913913,0.6877995,0.6882059,0.6836729,0.6850043,0.6872984,0.68397033,0.68627053,0.685418,0.68737835,0.68782777,0.68306416,0.68282545,0.6748701,0.67340124,0.6662693,0.6557687,0.64433146,0.63283414,0.6215274,0.61181265,0.59766877,0.58635324,0.5740221,0.5631094,0.5494579,0.5388742,0.5268554,0.5191037,0.5096007,0.5035864,0.49226636,0.48665145,0.47789705,0.46932545,0.46103036,0.45205456,0.44144922,0.42946756,0.41532326,0.40133673,0.38545308,0.36705765,0.3493282,0.32856762,0.30823082,0.28564668,0.2630009,0.2403277,0.21790822,0.19521981,0.173423,0.15397306,0.13219418,0.11600348,0.09813921,0.0896424,0.08025611,0.080790974,0.08743422,0.097007394,0.1107489,0.12829396,0.14662716,0.16524969,0.1867797,0.20869635,0.23165305,0.25565442,0.27763528,0.30373332,0.32827178,0.35274377,0.377463,0.4040439,0.42357346,0.45419422,0.47482055,0.49517938,0.5137404,0.5352744,0.5502575,0.5671419,0.5827983,0.5944935,0.6085193,0.61372095,0.6250558,0.6293754,0.63636595,0.63840145,0.64708614,0.65160215,0.66018707,0.0035739592,0.003641175,0.0037532446,0.0037430206,0.0037857243,0.0038390863,0.0039428053,0.004065514,0.0040876614,0.0042129797,0.0043286337,0.004510652,0.004666882,0.004951783,0.0051682466,0.0053439685,0.005673763,0.0057532974,0.0060599893,0.0063460777,0.0065767067,0.0068852394,0.007207814,0.0073772497,0.007719344,0.007883094,0.00818528,0.008244886,0.008482968,0.008540082,0.008895447,0.009060023,0.009377159,0.009684303,0.010112411,0.010589815,0.011127656,0.011659565,0.012262719,0.012911647,0.013541961,0.01435818,0.0151106445,0.015864877,0.016654478,0.0174013,0.018219579,0.018927509,0.019742878,0.020662315,0.021452298,0.02208504,0.02269779,0.023343088,0.023698537,0.023895063,0.02420494,0.024219766,0.024145985,0.024169672,0.023986919,0.023888119,0.023957008,0.023926044,0.023952348,0.02409368,0.0240631,0.024018439,0.023781708,0.02340802,0.022901095,0.022111593,0.02127089,0.020478945,0.019549547,0.018701114,0.01786263,0.017040063,0.0164329,0.016066188,0.015355365,0.014623312,0.01417411,0.013260957,0.012418428,0.011534862,0.010642251,0.009675161,0.0086680455,0.0077525373,0.0070105097,0.0064802016,0.005960606,0.0056440807,0.0053430228,0.005228142,0.0051639904,0.0051961984,0.0051632496,0.005150861
Open,0,26,4,0.7412514,0.7278826,0.72005296,0.7088595,0.7053426,0.69809,0.69208246,0.6904104,0.68516266,0.6841649,0.6856402,0.68729115,0.68641186,0.68803746,0.68437195,0.6870503,0.6881501,0.68260044,0.6810322,0.67589116,0.6747338,0.666177,0.6570432,0.6461979,0.63470346,0.6207873,0.6114447,0.5974855,0.58562607,0.57155937,0.5609933,0.5517318,0.5392839,0.5270406,0.51888144,0.5082161,0.49976763,0.4935727,0.48405293,0.47779325,0.47044146,0.46060556,0.4501928,0.44195104,0.42920646,0.4153853,0.4035632,0.38488942,0.36798874,0.35042402,0.3291475,0.30708766,0.28645638,0.26396495,0.24071975,0.21914232,0.19577423,0.17463832,0.15399574,0.13302758,0.11697914,0.102145664,0.090344064,0.08121821,0.08040402,0.086202554,0.096684985,0.110837035,0.12743744,0.1455163,0.16569632,0.1864563,0.20952444,0.23297004,0.25546843,0.27830347,0.30418307,0.32783002,0.35230675,0.37704304,0.40447038,0.42648625,0.45407155,0.47411725,0.4927246,0.51528734,0.532557,0.55030626,0.56718856,0.5821544,0.59458363,0.6060102,0.6154032,0.6241209,0.6292635,0.6378205,0.6427735,0.64581466,0.6517346,0.6604396,0.0036033662,0.0035996526,0.0036758233,0.0037097784,0.0038381163,0.003944219,0.0040272907,0.0041377596,0.004191375,0.0042525395,0.004503899,0.0046016793,0.0047916993,0.0049942704,0.005153593,0.0053008506,0.005692909,0.0058778934,0.0062411395,0.006410708,0.006752184,0.007081309,0.007419696,0.007642288,0.008044515,0.008342542,0.008550439,0.008712109,0.00896345,0.009175296,0.009422117,0.009624946,0.00992455,0.010342599,0.0107452385,0.011210736,0.01168818,0.01227101,0.012995904,0.013635868,0.014349543,0.015156946,0.015832102,0.016639553,0.017406741,0.018221054,0.01893063,0.019589653,0.020402221,0.021142459,0.02190464,0.02270203,0.023425397,0.02387869,0.024020607,0.024469528,0.024682557,0.024584867,0.024662448,0.024572402,0.024383772,0.024296528,0.024326803,0.024311865,0.024392692,0.02439322,0.02429322,0.024212925,0.023841748,0.023373114,0.022742303,0.022016855,0.021027481,0.020179054,0.019202918,0.018463153,0.017577497,0.01680939,0.016142523,0.015640771,0.015142808,0.014500877,0.013857486,0.01309327,0.012148698,0.011352075,0.010340792,0.00935114,0.008381915,0.0074836058,0.006841827,0.006278512,0.0058832103,0.005544466,0.005297801,0.005150955,0.0051816544,0.0052494626,0.005263709,0.0052796626
Open,0,27,4,0.7390164,0.7287183,0.7190542,0.70830697,0.70649445,0.6977598,0.69252646,0.68953377,0.6863148,0.6848681,0.68670374,0.6839851,0.68511677,0.68624455,0.6858236,0.6881788,0.68790174,0.6827094,0.68203795,0.6734674,0.6748204,0.66580313,0.65556747,0.64431596,0.6317362,0.6205445,0.6108623,0.594366,0.58495027,0.5724512,0.56047064,0.5489278,0.5390839,0.52677375,0.5178381,0.5094494,0.50301105,0.49243745,0.48375013,0.47658268,0.4696519,0.46188536,0.45112032,0.44147214,0.4309788,0.4152053,0.40121236,0.38552427,0.36802825,0.35186312,0.3297085,0.30921242,0.2879589,0.26439476,0.24097638,0.21871239,0.19660805,0.17492928,0.15444764,0.13304643,0.1149874,0.100449935,0.088196486,0.08074584,0.079912275,0.08575998,0.09794236,0.111868165,0.13135165,0.14836396,0.16721328,0.18947771,0.21015312,0.23283124,0.25743535,0.28003964,0.30574444,0.32907376,0.3531476,0.37572336,0.40522045,0.42682263,0.45279917,0.47431344,0.49484667,0.51158905,0.53332084,0.5491266,0.56556445,0.5817223,0.59372747,0.60433555,0.61412275,0.6222154,0.6298268,0.6368922,0.63927877,0.6480124,0.6503551,0.65800554,0.0037419777,0.003766669,0.003796221,0.0038193245,0.0038579877,0.0039483663,0.003955934,0.004168951,0.004240726,0.0043289443,0.004554497,0.0047232728,0.004919669,0.0051264986,0.005384388,0.0056104376,0.0058046705,0.0061142882,0.0061369394,0.0064226966,0.0067486675,0.007094086,0.0073507456,0.0075536952,0.007929757,0.008192803,0.008381495,0.008510433,0.008711952,0.0088508185,0.009114398,0.00933783,0.009731325,0.010037666,0.010442717,0.011002098,0.011502495,0.01210497,0.012711927,0.013513712,0.014141451,0.015005606,0.015736097,0.016612563,0.017299926,0.018038869,0.01878174,0.019525412,0.020343253,0.02122674,0.02195121,0.022675155,0.023296848,0.023959978,0.024195945,0.024479013,0.024542322,0.0245935,0.024567861,0.02458473,0.024443597,0.024345733,0.02443172,0.024261955,0.024183424,0.024366306,0.024163427,0.02389932,0.023586927,0.022975875,0.022387268,0.021467896,0.020545125,0.019735249,0.018918447,0.018015184,0.017154753,0.016484011,0.015890077,0.015333152,0.014844734,0.014166247,0.013530317,0.012540229,0.011665621,0.01074455,0.009832452,0.008815279,0.007848666,0.007120864,0.006427939,0.0059432713,0.005543397,0.0053350045,0.0049826205,0.0048389877,0.0049185837,0.005027469,0.0051357923,0.0051029273
Open,0,28,4,0.7402874,0.7275297,0.71914667,0.7085235,0.7049432,0.69766,0.69130677,0.6889644,0.6852528,0.681901,0.6832137,0.68520033,0.6819087,0.68322414,0.68304366,0.6843962,0.6854328,0.6800432,0.67908984,0.6725214,0.671914,0.66455007,0.65316427,0.64486384,0.6326694,0.6185559,0.6108929,0.59556705,0.5840559,0.57178974,0.56163156,0.548388,0.5394624,0.5279304,0.51774514,0.5105637,0.5041419,0.49319974,0.48509267,0.4765944,0.47072786,0.4602156,0.45197362,0.4425528,0.42982394,0.41497093,0.40251,0.38670656,0.36869958,0.35167202,0.33028942,0.31006417,0.28611994,0.2642789,0.24135607,0.21923497,0.1963876,0.17417894,0.15308064,0.13305135,0.1166793,0.100690134,0.08776926,0.081762664,0.0808016,0.08725565,0.097599655,0.11097943,0.12905668,0.14764002,0.16716962,0.18843575,0.21057338,0.23400347,0.2576969,0.28203958,0.30471066,0.33025375,0.35397834,0.37895745,0.40432706,0.4267829,0.4532293,0.4740149,0.49417078,0.5120192,0.53300345,0.54989296,0.5660534,0.5811848,0.5931468,0.6049458,0.6145329,0.62136495,0.6286684,0.6355514,0.6408102,0.64700824,0.6504602,0.65967864,0.0036800925,0.003758059,0.0037628934,0.0038370441,0.0038956027,0.003915069,0.003982346,0.004231059,0.0041910917,0.004346236,0.0044367313,0.0046047424,0.0047384487,0.0049202144,0.0051074903,0.0052484744,0.00555268,0.0057846904,0.00618659,0.0064826948,0.006656245,0.0070552845,0.007338255,0.007588366,0.007913656,0.008249611,0.008478839,0.008592345,0.00880637,0.009083879,0.009329829,0.009417807,0.009861543,0.010184111,0.010612138,0.011107836,0.01160643,0.012208201,0.012774742,0.013486323,0.014335303,0.015032852,0.015913317,0.016759519,0.017490737,0.018278902,0.019012598,0.019681472,0.02059745,0.021482749,0.022236789,0.022911707,0.02357886,0.024153545,0.02448906,0.024966592,0.025116393,0.025013441,0.02497312,0.024888264,0.024707614,0.024851892,0.024857571,0.024794348,0.024750654,0.02477184,0.024499493,0.024414951,0.024083927,0.023487335,0.023091136,0.022161206,0.021248005,0.020327803,0.019381743,0.018592384,0.017702274,0.017022893,0.016407296,0.015907096,0.015341554,0.014538601,0.013869213,0.013126286,0.012170293,0.011333623,0.010221218,0.009216597,0.0082550375,0.007348664,0.0064858985,0.0061236834,0.0056590782,0.0052234367,0.0050825793,0.0049633663,0.0050383382,0.005012436,0.005078608,0.005083272
Open,0,29,4,0.73958236,0.7265851,0.71801263,0.7086668,0.70410097,0.69805217,0.6922267,0.6883025,0.68441504,0.6825969,0.6834697,0.68768424,0.68413323,0.6845506,0.6842079,0.68689877,0.6868049,0.6815634,0.67881656,0.6733985,0.6700599,0.65491223,0.65124494,0.6455386,0.63221693,0.620088,0.60831255,0.5958837,0.58333194,0.57202786,0.5593802,0.54873747,0.5374406,0.5272772,0.5168351,0.5094451,0.50132734,0.49334314,0.48320088,0.47676727,0.46907997,0.46122122,0.44978708,0.44203582,0.42911822,0.41605422,0.40237343,0.3873348,0.36827967,0.35166684,0.33073667,0.3103067,0.28643078,0.26499635,0.24247071,0.21981482,0.19653906,0.17508428,0.1550451,0.13249186,0.116183095,0.101560466,0.08907995,0.082406305,0.08059115,0.08854063,0.09932341,0.11031544,0.13002536,0.14706224,0.16768406,0.18834329,0.21014358,0.23282418,0.25629792,0.27956277,0.3047312,0.3278394,0.3534659,0.3784325,0.40409544,0.42548427,0.45425978,0.47488695,0.49333575,0.51314276,0.53240716,0.55077106,0.56681335,0.58197147,0.5924922,0.60595673,0.61174494,0.62273586,0.62817067,0.6329194,0.64156634,0.64642704,0.6510134,0.6581567,0.0036425965,0.00370173,0.003802929,0.0037885709,0.0038858654,0.0039661136,0.0040504453,0.004212791,0.00416543,0.004308611,0.0043712053,0.004604315,0.0047178515,0.0049700057,0.005112794,0.005391113,0.00572594,0.005910585,0.0061510606,0.0064101913,0.006735688,0.0070239976,0.007340242,0.0077197705,0.00815317,0.008399233,0.008598035,0.008748272,0.0090443995,0.009241977,0.009526628,0.009710836,0.009971728,0.010405621,0.0108406395,0.011294243,0.011856396,0.01241305,0.012989768,0.013653217,0.014399506,0.015383547,0.016064173,0.016871883,0.017598568,0.018287148,0.019192854,0.019977897,0.020895569,0.02165919,0.02250889,0.02316493,0.023919867,0.02438086,0.024685774,0.025005467,0.025088077,0.025142351,0.025112899,0.025208678,0.025165057,0.025052916,0.025104674,0.025078446,0.025123356,0.025175065,0.025082838,0.024990754,0.024686648,0.024169765,0.023593254,0.0227083,0.021824224,0.020800252,0.019792657,0.018904451,0.018047055,0.017245661,0.016569052,0.01610326,0.015396155,0.014676541,0.01429387,0.013511222,0.012468508,0.011442321,0.010382877,0.009460722,0.0084367795,0.007485458,0.0067412956,0.0062005464,0.00570879,0.0054100556,0.005128138,0.0050029564,0.005011472,0.005036571,0.0050387476,0.005088679
Open,0,30,4,0.7397594,0.72884554,0.7190437,0.70840526,0.70561045,0.6973696,0.69157445,0.6876356,0.6834034,0.68204767,0.6814295,0.6836648,0.68235016,0.68237644,0.6818961,0.6872723,0.68612945,0.6802104,0.6817483,0.67415804,0.67384344,0.65511835,0.6542224,0.6448844,0.63279,0.6217807,0.6102207,0.59327084,0.58453405,0.57225573,0.5591193,0.54759425,0.53754425,0.5259175,0.517902,0.5047487,0.5036908,0.4916469,0.4844886,0.47662503,0.4682555,0.458956,0.44941646,0.43979576,0.42775735,0.41466555,0.4006949,0.3841727,0.36690763,0.34976137,0.32657164,0.3079818,0.2863241,0.26393014,0.24057576,0.21897675,0.19626528,0.17522039,0.15401556,0.13487378,0.11873922,0.10240347,0.09067727,0.08263635,0.081471294,0.087244645,0.09826538,0.11235836,0.13012536,0.14778626,0.16638531,0.18891291,0.21092542,0.23272595,0.25710583,0.27920082,0.30344626,0.3284591,0.35194921,0.3786901,0.40326446,0.42678496,0.45331445,0.47394463,0.49422076,0.51498884,0.5315507,0.5505832,0.56620693,0.5800672,0.59257823,0.6048295,0.6132557,0.6231946,0.6288818,0.63590664,0.64158744,0.6450036,0.6523305,0.6602424,0.0035578562,0.0036396598,0.003709384,0.003694657,0.0037064266,0.0037910864,0.0038914524,0.003956506,0.0039575347,0.004077546,0.0042481977,0.004286017,0.0044607385,0.0047350256,0.0049274545,0.0052408455,0.0055127214,0.005709413,0.0061534047,0.006428866,0.006721288,0.0069861324,0.007341358,0.007650273,0.008007657,0.00834939,0.008630713,0.008705435,0.009001991,0.009200081,0.009383223,0.00962306,0.009932945,0.010346422,0.010746535,0.011260442,0.01184913,0.012432255,0.012987846,0.013780641,0.014517695,0.0153370835,0.016036011,0.016860606,0.017585546,0.018411675,0.019191815,0.019955743,0.02071411,0.021654401,0.022321716,0.02304548,0.023739222,0.024152426,0.02454335,0.024879724,0.024976347,0.025037594,0.025098804,0.025014652,0.024991592,0.024886386,0.024905873,0.024777569,0.025033271,0.025159761,0.024965553,0.024804432,0.024552524,0.024046686,0.023477942,0.02268152,0.021843553,0.02085836,0.019874856,0.019000014,0.0180642,0.017228652,0.016580446,0.016016744,0.015507951,0.014780791,0.014164736,0.013400938,0.012315767,0.011413705,0.010359826,0.00935043,0.008284265,0.0073860665,0.0067053754,0.006130247,0.005656492,0.005289454,0.005043843,0.004967184,0.004935901,0.005043352,0.005003305,0.00503741
Open,0,31,4,0.73980093,0.7276627,0.7189616,0.7083083,0.7054875,0.69903326,0.691962,0.68960565,0.6859497,0.68397033,0.68429065,0.6854272,0.6842362,0.68728346,0.6838822,0.6873266,0.6873188,0.6824613,0.6816992,0.67287165,0.67183733,0.66484255,0.654044,0.64500046,0.63163364,0.618595,0.6094122,0.59626985,0.58381516,0.5712999,0.561544,0.5482047,0.53766006,0.52705294,0.51630294,0.50898206,0.5007634,0.49130982,0.4794774,0.47626126,0.46737903,0.45878848,0.44904673,0.44047493,0.42735028,0.41495305,0.4009269,0.3854462,0.36833203,0.34887072,0.32777995,0.31085807,0.28527993,0.26435852,0.24198656,0.21896604,0.1970042,0.17502345,0.15500998,0.13370238,0.11576455,0.102003075,0.089518376,0.08240791,0.080759555,0.08709756,0.09725166,0.11109377,0.12863912,0.14631446,0.16746064,0.1882088,0.21004267,0.23265742,0.25593796,0.28066275,0.30446452,0.32925224,0.35292417,0.3801308,0.403505,0.42769027,0.4533936,0.4743792,0.4944315,0.5146784,0.53148174,0.549982,0.5666255,0.5822124,0.5942748,0.6041789,0.61295825,0.62287617,0.6301621,0.6342259,0.64179593,0.64488685,0.6505441,0.65934277,0.0034375389,0.003599535,0.003571707,0.0036611871,0.0036703497,0.0038178803,0.0038144325,0.003948734,0.004038193,0.0041446425,0.0042529493,0.004396423,0.004533852,0.0047907215,0.0049806302,0.0052209618,0.0055330573,0.005817186,0.0060619195,0.006326268,0.0066552344,0.007053565,0.0073457747,0.007667257,0.008038918,0.008278386,0.008516845,0.008796507,0.009028302,0.0092329355,0.009500243,0.009704653,0.010109656,0.010439352,0.01085001,0.011340838,0.011834095,0.012410699,0.013068837,0.0138380015,0.014437135,0.015312929,0.016024137,0.016749406,0.017576274,0.018477488,0.019198239,0.019954422,0.02079,0.021649132,0.0224096,0.023067627,0.02378767,0.024375796,0.024610281,0.024943894,0.025032695,0.025119433,0.025099084,0.025171237,0.025145376,0.025042826,0.025111068,0.025092104,0.025109814,0.025210682,0.025069293,0.02495288,0.024698012,0.024161343,0.023605766,0.02277777,0.021906963,0.020893887,0.019829094,0.018916035,0.01811019,0.017273633,0.01661935,0.016057203,0.015451829,0.014793075,0.014164129,0.013241047,0.012320635,0.011379422,0.010253404,0.009342324,0.008339468,0.0074214954,0.0066792946,0.0061427457,0.005706605,0.0053386283,0.005024689,0.0049084015,0.004965724,0.0049200496,0.005004066,0.004950529
Open,0,32,4,0.74031407,0.72810924,0.718204,0.7083748,0.7039051,0.6978147,0.6910848,0.6886303,0.6847408,0.6827855,0.6878396,0.68578357,0.6857661,0.68597096,0.68517405,0.6860818,0.6874578,0.68217385,0.68150973,0.6756147,0.674043,0.6654165,0.65743643,0.64550096,0.63301176,0.62127864,0.6112189,0.5976168,0.58485144,0.5715399,0.5606107,0.54942846,0.5391352,0.52514654,0.5172343,0.5094734,0.50027865,0.49293563,0.48418325,0.47703382,0.46785697,0.45877007,0.4498043,0.44013816,0.42900836,0.41398165,0.39990628,0.3840816,0.36597738,0.34714672,0.3281717,0.3062191,0.28560942,0.2611835,0.23906003,0.21646625,0.1933995,0.1723513,0.15209188,0.13126397,0.11691683,0.101050936,0.09052764,0.08388728,0.081499584,0.08964047,0.09831806,0.11449956,0.12980758,0.15023966,0.1679965,0.18885437,0.21140511,0.2345121,0.25731522,0.27994052,0.30500636,0.33044982,0.35384217,0.37761423,0.40483376,0.4268779,0.45434827,0.473628,0.49656904,0.5127678,0.53161025,0.55023134,0.566115,0.5821052,0.59385365,0.6065191,0.61162484,0.6246453,0.62938493,0.63417953,0.6420031,0.6444797,0.65051425,0.6575798,0.0036590272,0.0037399542,0.0036838306,0.0038082441,0.0036819123,0.0038090518,0.0038477513,0.0040367055,0.0041224584,0.004206844,0.0043556546,0.0045390073,0.004657382,0.004901113,0.00505322,0.005304942,0.0056192656,0.0058066896,0.0062274085,0.0065168003,0.006809788,0.0071725575,0.007466946,0.007830095,0.008209649,0.008463099,0.008666921,0.008846792,0.0091012055,0.009241265,0.009497827,0.009721307,0.010036586,0.010505823,0.010875815,0.011420593,0.011935684,0.012577344,0.013160446,0.013862342,0.0145763,0.01537104,0.016147899,0.017000115,0.017873317,0.018682798,0.019493733,0.020198522,0.021093477,0.022027763,0.022822473,0.023578444,0.024219118,0.02469303,0.025079908,0.025337704,0.025482204,0.025542567,0.025536908,0.025613395,0.025582576,0.025501315,0.025456792,0.025418181,0.02541967,0.025471702,0.025396092,0.025124812,0.024886455,0.024290413,0.023721058,0.022879085,0.021884186,0.020940851,0.019912496,0.01904904,0.018227465,0.017387856,0.016611565,0.01596837,0.015510301,0.0148172965,0.014128333,0.013160584,0.012278979,0.01126357,0.010198104,0.009183485,0.00825556,0.007238523,0.0064940234,0.0059823333,0.005459503,0.0050508725,0.0047327685,0.004683148,0.0046935496,0.004697502,0.004767014,0.004781993
Open,0,33,4,0.7400321,0.728303,0.71906346,0.7086465,0.7054948,0.697543,0.69245595,0.6883574,0.68568605,0.68489635,0.68587065,0.6838086,0.6839319,0.68496525,0.68334997,0.6870346,0.6879899,0.682119,0.67800844,0.6729473,0.67169136,0.6634714,0.6539569,0.6402503,0.6333558,0.61970305,0.6104525,0.5935877,0.5836176,0.57066745,0.5584514,0.54837,0.5372324,0.52655274,0.5212706,0.5045958,0.50327617,0.48939016,0.48279637,0.47778746,0.46734673,0.4585712,0.45039713,0.4404249,0.42817476,0.41383287,0.40199682,0.385405,0.36672005,0.34913898,0.32801092,0.30759987,0.28687307,0.26411825,0.24071836,0.21878465,0.19708623,0.17489816,0.15474674,0.13427027,0.11842876,0.10157655,0.089907795,0.083431326,0.08178579,0.08817501,0.099553734,0.11250025,0.13087435,0.14842081,0.16681314,0.18949567,0.20996585,0.23393089,0.25635234,0.28120834,0.30436945,0.32948104,0.3529261,0.3770762,0.40294397,0.42760676,0.45203274,0.4772304,0.4966578,0.51338905,0.5324235,0.54926425,0.5657929,0.58152527,0.59350634,0.6035492,0.61149216,0.62160516,0.628463,0.6351627,0.63911104,0.6455896,0.6514472,0.6592374,0.0036527708,0.0037966212,0.0037880014,0.0038923004,0.0039061017,0.0039621186,0.0040809154,0.004163964,0.0042097736,0.004332217,0.0044222763,0.0045465333,0.0048211096,0.0049923123,0.005124347,0.005469862,0.005756335,0.0059864116,0.006100756,0.0064496608,0.006791345,0.007159829,0.0074627944,0.0076920907,0.008062434,0.008355937,0.008687149,0.008707571,0.009009171,0.009146902,0.009407129,0.009696439,0.00995878,0.010359285,0.010804273,0.011234083,0.011751514,0.012294147,0.013008882,0.013716718,0.014437835,0.015206171,0.016017715,0.016763812,0.01755342,0.018316668,0.019159283,0.019883558,0.020768909,0.021525538,0.022366704,0.02296508,0.023680609,0.024332287,0.024646986,0.024917586,0.024981512,0.024914326,0.025155013,0.025116244,0.0250048,0.025005333,0.024926411,0.02482537,0.025003958,0.025053745,0.02485849,0.024776448,0.02444761,0.024006976,0.02333568,0.022489691,0.021557784,0.02063511,0.019641064,0.018972458,0.018088868,0.017329251,0.01644883,0.015959868,0.0153340995,0.014664627,0.013946047,0.013148957,0.012283438,0.011299883,0.010421582,0.0091573745,0.008230938,0.007495561,0.006706421,0.006109674,0.0056150453,0.0052276673,0.0050552366,0.004839362,0.004817797,0.0048964387,0.004879893,0.004912629
Open,0,34,4,0.74001503,0.7272557,0.71988744,0.7090547,0.70517564,0.6982981,0.6934691,0.6878631,0.68380105,0.6831008,0.683149,0.6860027,0.6836406,0.68590486,0.6840674,0.6860628,0.68701327,0.6822406,0.67997664,0.6734134,0.6732908,0.66446906,0.65496653,0.64241517,0.6327647,0.6187032,0.6114485,0.5949268,0.58430815,0.5727944,0.56034136,0.5475481,0.5374807,0.527606,0.5190107,0.51008946,0.5025065,0.49181223,0.48269993,0.47578162,0.46961182,0.46007785,0.44861603,0.43945855,0.42854404,0.41370934,0.40099567,0.3841072,0.36768293,0.34963104,0.32792345,0.30979398,0.28746107,0.26360902,0.2420111,0.2188294,0.19602628,0.17438404,0.15301572,0.13354076,0.115698166,0.100802556,0.090299636,0.08064416,0.08017222,0.08781185,0.0995534,0.11369563,0.13002844,0.14937896,0.16840695,0.18924478,0.21182182,0.23403415,0.25823113,0.28149214,0.3058563,0.33044806,0.35377288,0.3799103,0.40480238,0.42485115,0.45359114,0.47508058,0.49438885,0.5136009,0.5343173,0.5492914,0.56574696,0.5827707,0.59283966,0.6065431,0.6110736,0.6224729,0.62758243,0.6348822,0.6387478,0.6452566,0.6499349,0.65761787,0.0036975201,0.0037755056,0.0038014739,0.0038574715,0.0039340854,0.003930647,0.0040617557,0.004169923,0.004162552,0.0042800675,0.0044915583,0.0046122894,0.00472103,0.0049943835,0.0051384782,0.0053933505,0.0057310816,0.005981754,0.00631605,0.0066298116,0.0068945643,0.0072509353,0.0075431652,0.00786035,0.008231834,0.0085112285,0.008730361,0.00884752,0.009119105,0.009277135,0.009502031,0.009586233,0.009970894,0.010334284,0.010788262,0.011243155,0.011784933,0.012339769,0.012987287,0.013598579,0.0142692095,0.01516999,0.01578538,0.016572604,0.017367117,0.018061625,0.018986467,0.01966226,0.020530112,0.021415163,0.0221095,0.022867287,0.02345896,0.024039028,0.024418462,0.024776213,0.024927707,0.024918005,0.024986029,0.025116265,0.025047118,0.025030447,0.024921475,0.024969857,0.025060179,0.02508924,0.025009403,0.024845978,0.024555715,0.02412102,0.023536636,0.022654433,0.021743903,0.02075318,0.019759355,0.018811898,0.018034475,0.01723698,0.016582234,0.016041774,0.015450674,0.014708214,0.014104745,0.013255821,0.012252922,0.011307397,0.010262506,0.009288585,0.008281579,0.007354874,0.006564491,0.006067713,0.0056522433,0.0052912347,0.004989162,0.004905606,0.0048712357,0.0048910542,0.0049182544,0.0049944725
Open,0,35,4,0.7385144,0.72693866,0.71949697,0.7076809,0.7048316,0.6970586,0.69081414,0.6875486,0.6858151,0.6844877,0.68422693,0.68606544,0.684475,0.6855496,0.68407923,0.6864191,0.68845934,0.68314445,0.6826314,0.67171276,0.672507,0.6599697,0.6552414,0.64546275,0.63327575,0.6208286,0.61104107,0.59824306,0.58514464,0.57177687,0.56228256,0.5475335,0.5384401,0.5280808,0.5178226,0.5065233,0.50422287,0.4924791,0.48393705,0.47770718,0.4721918,0.46161982,0.45027164,0.4415469,0.42908564,0.4158883,0.4020428,0.3866593,0.36808807,0.3508332,0.32769933,0.30719748,0.2861994,0.26418674,0.24041352,0.21862964,0.19595072,0.17359728,0.15220892,0.13148397,0.11535734,0.10021364,0.090065144,0.07970202,0.08009555,0.08793033,0.09822471,0.11184292,0.12956595,0.14832172,0.16839035,0.18961477,0.21268356,0.23653735,0.25933334,0.28138274,0.30692568,0.32926175,0.35651946,0.38047224,0.4048663,0.42624122,0.45335335,0.475525,0.49368453,0.5143637,0.5337377,0.552591,0.56639576,0.58172786,0.59198976,0.604402,0.61211425,0.6220859,0.62835366,0.6371405,0.63971967,0.64398974,0.6519643,0.65838534,0.0036276884,0.0036622132,0.0037428332,0.0037090315,0.0038189068,0.003849725,0.0039818245,0.0041274643,0.0041485857,0.0043176175,0.0043970454,0.004446334,0.0046341293,0.004834733,0.0050144135,0.005225633,0.005656949,0.0058642197,0.0062736194,0.0064991238,0.0068349303,0.007054063,0.007418286,0.0076261577,0.0079439245,0.008313138,0.008529742,0.008590255,0.008879687,0.008994688,0.0092704715,0.009535227,0.009804556,0.010158102,0.01049112,0.010991201,0.011499069,0.012183644,0.012658078,0.013463351,0.014100336,0.01487197,0.015540387,0.016341167,0.017159782,0.017869996,0.018597763,0.019312577,0.020173827,0.02110564,0.021771865,0.022387529,0.023150144,0.023883484,0.023934698,0.024246134,0.02436959,0.024590062,0.024715548,0.024767764,0.024679808,0.024776133,0.024619352,0.024687579,0.024882304,0.02485826,0.024758082,0.024665847,0.024383226,0.023896253,0.023399089,0.022617709,0.021780627,0.02054788,0.01955755,0.018705996,0.01775026,0.017079853,0.016467515,0.015889706,0.015299469,0.014547162,0.014084629,0.01306039,0.012164797,0.011179294,0.010061324,0.009108955,0.008143537,0.0072391746,0.006557655,0.006069488,0.005588505,0.005271653,0.0049843537,0.0049572564,0.0048743384,0.004914591,0.004890038,0.0050441963
Open,0,36,4,0.73867136,0.72769135,0.71888995,0.70763177,0.7041861,0.69758344,0.69329655,0.6888899,0.6847624,0.6819736,0.6844525,0.6840073,0.6837577,0.68415123,0.6839223,0.68530333,0.6876164,0.6823586,0.68051267,0.6751313,0.6713879,0.6601437,0.6552971,0.64402705,0.63306516,0.6203244,0.61126554,0.59599566,0.5848093,0.5731154,0.56002563,0.5503472,0.53766865,0.52813834,0.51771426,0.511248,0.5022913,0.49270198,0.48478723,0.47763377,0.4689309,0.46151724,0.45182338,0.4418344,0.42795193,0.416115,0.40029117,0.38585764,0.36981857,0.348854,0.32790422,0.3095251,0.2865153,0.2644695,0.24155189,0.21867308,0.19623703,0.1747699,0.15368524,0.13262482,0.115993574,0.09928032,0.08978144,0.081709325,0.07953074,0.08570666,0.09752886,0.11158501,0.13012427,0.14807613,0.16841279,0.18903418,0.21063885,0.2341258,0.25762415,0.28127602,0.30468225,0.3298814,0.35360163,0.37839252,0.4039856,0.42764398,0.45368302,0.47576994,0.49592695,0.5144448,0.53293663,0.5511492,0.5670782,0.5826484,0.5952218,0.6050593,0.6134285,0.6227634,0.62952113,0.6343386,0.6398975,0.64459664,0.6503569,0.6589986,0.0033181016,0.0034328406,0.0035120065,0.0035656656,0.003627171,0.0036709036,0.003835485,0.0039318516,0.0039943275,0.004137792,0.004242223,0.0043243873,0.0045250645,0.0047759535,0.0049797078,0.0052344357,0.00559523,0.0057419976,0.0059618955,0.006248882,0.0065599484,0.0067816153,0.0071641905,0.007367269,0.007790446,0.008118701,0.008325236,0.008449668,0.0087428605,0.008900779,0.00910914,0.009411151,0.009613736,0.009992293,0.010377146,0.01088008,0.011366497,0.0119092055,0.012539806,0.013221864,0.013896476,0.014694464,0.015365853,0.01608793,0.016831603,0.017648805,0.01836356,0.01916023,0.01988535,0.020735424,0.02151298,0.022225697,0.0228854,0.023360012,0.023603596,0.023992555,0.024029497,0.02433978,0.024431957,0.024556104,0.024380358,0.024430148,0.024294926,0.024386562,0.024343748,0.024577387,0.024426546,0.024240391,0.023985522,0.023478078,0.023028156,0.02216173,0.02129093,0.020343198,0.019401614,0.01859296,0.017784536,0.017127711,0.016440636,0.016036056,0.015584512,0.014953244,0.0143540725,0.013575408,0.012668717,0.011789526,0.010599921,0.009624735,0.008747028,0.0077098343,0.006881627,0.006330396,0.005833764,0.00552217,0.005178556,0.005065424,0.0049934117,0.0049164975,0.004835956,0.004890733
Open,0,37,4,0.73968375,0.7268659,0.71736354,0.70745283,0.70502263,0.69708276,0.69294226,0.6870883,0.6849616,0.6828267,0.6861092,0.6844362,0.6835163,0.68445677,0.6844017,0.6859301,0.68653965,0.6806209,0.67988384,0.6736784,0.67188394,0.6635662,0.65302724,0.6447275,0.6325486,0.6192869,0.6110506,0.595139,0.5847943,0.5724037,0.5617304,0.55094445,0.53773195,0.52814484,0.5186091,0.50714546,0.5044943,0.49183074,0.48558965,0.47609222,0.47017193,0.45982456,0.45133623,0.4418728,0.4290479,0.41568744,0.40258765,0.38745704,0.36939397,0.3502178,0.32884076,0.30967146,0.2879299,0.26461473,0.24229498,0.2197686,0.19665837,0.17452063,0.15393691,0.13312507,0.11479861,0.09865488,0.09029297,0.08040217,0.07848867,0.087374605,0.097906515,0.11193743,0.13040686,0.1491448,0.16842684,0.18969195,0.2115683,0.23366867,0.25692093,0.2805652,0.30477396,0.3291886,0.35433355,0.37832117,0.40483785,0.426687,0.4548803,0.4753083,0.4960235,0.5140791,0.53320277,0.55111814,0.5656916,0.5817751,0.59361356,0.6059535,0.61277735,0.62316537,0.62880576,0.63584363,0.64050657,0.6455026,0.6499343,0.65903336,0.0033703703,0.0034129797,0.0034646173,0.0034839353,0.0036852837,0.0037251376,0.0038058434,0.0039005901,0.003921295,0.0039628395,0.004119807,0.0042823246,0.0045394995,0.004703296,0.0048736287,0.005158964,0.0053978297,0.0056398716,0.0058712447,0.006195058,0.0065376447,0.0068790806,0.007210544,0.007399947,0.007707796,0.008002095,0.008299564,0.00846782,0.008707773,0.008806867,0.008983561,0.009252089,0.00963918,0.010011142,0.0102911005,0.010811976,0.011333739,0.011907875,0.012509617,0.013189579,0.013870223,0.014591361,0.0152828535,0.015971124,0.016768085,0.01759478,0.018309578,0.01908381,0.019876156,0.020845799,0.021480761,0.022278512,0.022906706,0.023511017,0.023929618,0.024318492,0.024451537,0.02466017,0.024687883,0.024518155,0.024668656,0.024472266,0.024461817,0.024493644,0.024610413,0.024791736,0.024772378,0.02469468,0.024458446,0.023953196,0.023375388,0.022602448,0.021825802,0.020826211,0.019881217,0.01889885,0.017877541,0.017263472,0.016650096,0.016008679,0.015441901,0.014851233,0.014271601,0.01347494,0.012497952,0.011666233,0.010584902,0.009714803,0.008651396,0.0077130035,0.0069610616,0.0063434397,0.0058474545,0.0053935824,0.005102161,0.0049905134,0.0049774903,0.0049712947,0.0048527387,0.0048794546
Open,0,38,4,0.73915607,0.72723776,0.7176268,0.7078512,0.70384485,0.697393,0.6887709,0.6875392,0.68459964,0.68076473,0.6829032,0.68572,0.6854654,0.6834019,0.6835157,0.6861595,0.6854495,0.68234694,0.68156946,0.671757,0.671641,0.6598843,0.65442264,0.6441492,0.6329725,0.6202803,0.6108217,0.5960818,0.5843498,0.5725294,0.55857056,0.5484735,0.5363631,0.5278016,0.51786023,0.50815374,0.50334466,0.49266693,0.48358682,0.47947794,0.46902242,0.46097168,0.4513077,0.44164187,0.42933366,0.41527918,0.40108833,0.38555992,0.36996132,0.34918877,0.32820576,0.30983958,0.28675744,0.26490736,0.24106842,0.21879895,0.1964688,0.17357206,0.15345977,0.13193028,0.115498684,0.09940386,0.088529386,0.08047802,0.079300694,0.08650657,0.09854868,0.11235128,0.12913369,0.14794593,0.16687216,0.18895519,0.2117162,0.23440775,0.2575224,0.28233263,0.30536577,0.32961413,0.35456383,0.37991267,0.4051075,0.42889267,0.45321023,0.47506052,0.494196,0.5140334,0.53148675,0.55015105,0.5662817,0.58066076,0.5927358,0.604008,0.6111825,0.6230332,0.63029325,0.6349726,0.6391118,0.6448738,0.6508573,0.6594252,0.003467129,0.0035650912,0.0035866576,0.0036962098,0.0036815768,0.0037231846,0.0038272333,0.0040042964,0.0040310817,0.004187457,0.0043371855,0.0045266114,0.0046481406,0.00481378,0.0049545397,0.0052229916,0.005495038,0.0057508564,0.0059038345,0.00606117,0.0063949237,0.006691566,0.0069922493,0.0072563468,0.0076858182,0.007920223,0.008208636,0.008338283,0.008668926,0.008810151,0.009019671,0.009220573,0.009581428,0.00999234,0.010366749,0.010779484,0.011281759,0.011829783,0.012459328,0.013190533,0.013832351,0.014662382,0.015336908,0.016141295,0.016942862,0.017773405,0.018519295,0.019256992,0.020008823,0.020874094,0.02145519,0.022085702,0.022718068,0.023396295,0.023747666,0.024040395,0.024337888,0.024458773,0.024360234,0.024500234,0.024373792,0.024298217,0.02426672,0.024291683,0.024379482,0.02455982,0.024534723,0.024433339,0.024230093,0.02376148,0.023278369,0.022477968,0.0214892,0.020644737,0.019643975,0.018868458,0.017999329,0.017402219,0.016841259,0.016294342,0.01575359,0.015111612,0.014371355,0.013620235,0.012708341,0.01181484,0.010741804,0.009817381,0.00875621,0.0078001237,0.0069786254,0.0064072614,0.0059222197,0.0055019385,0.00524891,0.005100549,0.0050297696,0.004984538,0.0049794125,0.005010458
Open,0,39,4,0.7391099,0.7281031,0.7188658,0.7080408,0.70410055,0.6988109,0.6900141,0.68841505,0.6837733,0.68191373,0.6838714,0.684397,0.6836944,0.68521255,0.68242705,0.68671274,0.6869585,0.6813557,0.6821835,0.6729098,0.67294246,0.6624138,0.6551097,0.6449498,0.63285583,0.6198964,0.6105485,0.59606326,0.58469486,0.5726044,0.5613097,0.5479709,0.53684485,0.5279547,0.51808023,0.5103285,0.5043444,0.4915828,0.48367265,0.4795405,0.46932492,0.46011072,0.4510746,0.44228962,0.43006712,0.41657323,0.40321293,0.38701156,0.37075412,0.34843582,0.32967708,0.31149495,0.28684223,0.26507878,0.24231544,0.21926948,0.19600792,0.17369331,0.15217121,0.13184027,0.11396508,0.09956424,0.08705385,0.08051177,0.07791364,0.085825935,0.0962654,0.1121983,0.13108101,0.14809333,0.16823997,0.1902741,0.21206544,0.23553853,0.2582606,0.28128323,0.30548647,0.32979748,0.35452795,0.38169834,0.4047606,0.42582023,0.4539863,0.47353122,0.49463746,0.5139387,0.53083766,0.54867727,0.5658051,0.5811205,0.5930578,0.6031518,0.6134894,0.62294835,0.6298803,0.63335276,0.6408804,0.64470327,0.6516707,0.6589514,0.0035261011,0.0036322142,0.0036410827,0.0037168239,0.0037804917,0.0039445213,0.0039204853,0.0040330444,0.004118688,0.0043044207,0.004471767,0.004520437,0.0047316183,0.004895595,0.0050017256,0.0053144414,0.005539993,0.005818038,0.005918088,0.0061026174,0.006415664,0.0067314217,0.0070204865,0.007318028,0.007568169,0.007830021,0.008119315,0.008277127,0.0086004995,0.008763896,0.008990788,0.009165733,0.009530163,0.00989943,0.010359449,0.010853932,0.011402384,0.011973584,0.012489199,0.013274307,0.013866665,0.014535451,0.015370131,0.01609141,0.016766535,0.017485332,0.018411012,0.019083714,0.019853594,0.02056037,0.02139251,0.021979082,0.02273429,0.023189068,0.023539227,0.023912786,0.024050945,0.024147913,0.02412228,0.024186911,0.024203004,0.02425622,0.024143519,0.02422696,0.024214687,0.024235802,0.02454048,0.024233865,0.024180964,0.02365796,0.023066593,0.022285813,0.021113899,0.020381857,0.019517848,0.018698834,0.017864356,0.017068153,0.016321959,0.015865667,0.01548078,0.014919347,0.0141827185,0.013408115,0.012554908,0.011533207,0.010539231,0.009544604,0.008690357,0.007756618,0.0069187935,0.0063214656,0.0059174374,0.0054837908,0.0051866025,0.005058929,0.005062733,0.004972671,0.0049478626,0.0049883663
Open,0,40,4,0.74000174,0.7273605,0.7180127,0.7075792,0.70382273,0.6967052,0.69122285,0.6856571,0.6844797,0.68045896,0.68515617,0.6829159,0.6804784,0.68429273,0.6831615,0.6849682,0.68569344,0.67971444,0.6804522,0.67452437,0.67111945,0.66477424,0.65394986,0.6444877,0.63126826,0.6212645,0.6087097,0.59537935,0.5837997,0.57077134,0.5603965,0.55061877,0.53657806,0.52810925,0.51943016,0.5086844,0.50154465,0.4924695,0.485034,0.47870487,0.47103706,0.4604669,0.45066446,0.44181103,0.43002602,0.4177063,0.40311205,0.38813886,0.3689428,0.35136783,0.33214226,0.31043363,0.28762412,0.26452368,0.24249396,0.21891034,0.1966008,0.1744725,0.15304801,0.13166164,0.11519054,0.099937975,0.087223046,0.08050573,0.07865383,0.0860739,0.09765684,0.11122439,0.12994938,0.14729117,0.16901143,0.18874355,0.21233796,0.23498082,0.25689825,0.28132746,0.30472663,0.3296999,0.35272413,0.37877098,0.4051161,0.42654392,0.45698056,0.47275713,0.4943025,0.5134434,0.5322623,0.5495845,0.5659907,0.582124,0.59242374,0.6052863,0.6117196,0.62135667,0.62948686,0.6357703,0.6413308,0.64444196,0.65228933,0.65774614,0.0033265776,0.003421465,0.0033748453,0.0035353962,0.003532733,0.0036718862,0.0037611616,0.003807193,0.0038882326,0.004012832,0.004177173,0.004333679,0.0044529904,0.0047465367,0.004884728,0.005090738,0.005405914,0.00555569,0.0059992867,0.0062915045,0.006435561,0.0067986757,0.0070086457,0.0073052114,0.007550507,0.007940718,0.008156749,0.008303437,0.008405214,0.008675722,0.008865633,0.009064376,0.009327134,0.009667781,0.009953389,0.0106209265,0.011026193,0.011639148,0.012139203,0.012922441,0.013547978,0.01420907,0.014929118,0.01566673,0.016500818,0.017211527,0.01801157,0.01882211,0.01964057,0.020550238,0.0212805,0.021972988,0.022491679,0.023152456,0.023485925,0.023932254,0.024172109,0.02416122,0.024315666,0.02425721,0.024291197,0.024355039,0.024503278,0.024355887,0.024582928,0.024836225,0.024764827,0.02461055,0.024328504,0.023939276,0.023400547,0.022632392,0.021958867,0.021019856,0.020064192,0.019237064,0.018304674,0.01749441,0.016786302,0.01622457,0.015721783,0.015124539,0.014518101,0.013653166,0.012684695,0.011847126,0.01089363,0.009748829,0.008738286,0.0079221735,0.0072332383,0.00663773,0.0060846163,0.0057231667,0.0053624734,0.005248178,0.0051684612,0.005165204,0.0051697297,0.0051045544
Open,0,41,4,0.73827505,0.72654474,0.718342,0.70815116,0.7056403,0.69710404,0.69141936,0.68882424,0.6840015,0.68025523,0.6844685,0.68092936,0.682784,0.68301934,0.6836973,0.6856715,0.6864337,0.68141985,0.6820888,0.6731209,0.67144185,0.6583401,0.6514123,0.6436309,0.6318905,0.62102425,0.6099243,0.59744084,0.5846135,0.5732524,0.5608668,0.5491141,0.5410989,0.5281243,0.51955515,0.5081346,0.5039166,0.49259526,0.48390937,0.47790688,0.4707604,0.4610374,0.4509859,0.440512,0.42906636,0.41524446,0.40308538,0.3871434,0.37088227,0.34843358,0.32969922,0.31042165,0.28648236,0.26631966,0.2427014,0.2200964,0.19695318,0.17516978,0.15433253,0.13386601,0.115915634,0.100404434,0.08813096,0.080417484,0.078978404,0.08591558,0.098598376,0.110082455,0.12826228,0.146734,0.16517268,0.18754865,0.21035127,0.2339781,0.25622258,0.28090897,0.3043535,0.32871395,0.35286888,0.379026,0.40616626,0.427791,0.45386794,0.47460985,0.49456978,0.51322776,0.5344723,0.5512291,0.5657182,0.58181024,0.59296423,0.60354745,0.6125815,0.62308794,0.6309062,0.63440865,0.64193594,0.64395237,0.6501572,0.6605331,0.0033492162,0.003429145,0.0034233965,0.0034427762,0.00356876,0.0035969052,0.0037070792,0.0038255495,0.0037691498,0.0039543877,0.0040344684,0.0040580384,0.004294088,0.0045654844,0.0047825095,0.0049654213,0.005188327,0.0054134694,0.0059026615,0.0061802478,0.0064782514,0.0066795447,0.007006056,0.007366446,0.0076739783,0.007906614,0.0081377635,0.008232079,0.008458125,0.008552754,0.008746128,0.008918014,0.009248719,0.009539981,0.0099490965,0.010328812,0.010842426,0.011334717,0.011823596,0.012620567,0.013216777,0.013910884,0.01455474,0.015223158,0.016075883,0.016838145,0.017578175,0.018263534,0.01927692,0.01995467,0.020759597,0.021443395,0.022112392,0.022881094,0.023332646,0.023566581,0.02390686,0.02382824,0.023870936,0.02393879,0.023841476,0.023833409,0.023706833,0.023750972,0.024037562,0.02417573,0.024176382,0.024096336,0.023695463,0.023238588,0.022825466,0.022251107,0.021641392,0.020761812,0.01968239,0.01888223,0.01785019,0.017266683,0.016707128,0.016217316,0.01562215,0.015145062,0.014623739,0.013828758,0.012864257,0.011850721,0.010807563,0.009857162,0.008695698,0.007869051,0.0070989197,0.00653515,0.006071755,0.00570153,0.0053587775,0.005129486,0.0051032207,0.0050651934,0.0051602595,0.005125711
Open,0,42,4,0.74035424,0.7271872,0.7196115,0.70816773,0.7046336,0.6976421,0.6923994,0.68855274,0.68284506,0.68140125,0.68684566,0.6835015,0.6820079,0.6844552,0.6825745,0.6855956,0.6860023,0.68213785,0.67925406,0.6747469,0.6716233,0.6548965,0.65496206,0.64385337,0.6328375,0.61952746,0.61052436,0.59522444,0.5845473,0.57187486,0.5596967,0.5502231,0.5404159,0.5274205,0.5164429,0.5091749,0.50232846,0.49355614,0.4829795,0.4771824,0.46927434,0.45949885,0.45136935,0.4403997,0.4292564,0.41449293,0.40068138,0.38616875,0.36679024,0.34957296,0.32921472,0.30851483,0.28742322,0.26308453,0.24216054,0.21951145,0.19720396,0.17492387,0.15501173,0.13302778,0.117214836,0.10092574,0.08844647,0.08232072,0.079456374,0.08726878,0.09694474,0.10984443,0.12799285,0.14526403,0.16703476,0.18816066,0.21041487,0.23454383,0.25779507,0.2808352,0.30411372,0.3304529,0.3549691,0.37741873,0.4045668,0.4254457,0.45379278,0.47102442,0.4938877,0.5144313,0.5338828,0.5515466,0.566768,0.58288527,0.5935373,0.60705215,0.61325204,0.6246484,0.6308626,0.6369684,0.6407983,0.6472716,0.6517804,0.6578959,0.0035356171,0.0036356396,0.0036394193,0.0036832565,0.0036897454,0.003689842,0.0038717655,0.0039828313,0.004078843,0.0040701544,0.004268468,0.004359189,0.004465725,0.0046958104,0.0048130318,0.0051843044,0.0054410924,0.005665859,0.006030471,0.0063350876,0.0065443898,0.006858505,0.007187601,0.0074563883,0.0077872365,0.008156835,0.008293488,0.008398879,0.008675722,0.008856457,0.008979698,0.009216395,0.009564583,0.00978051,0.010212804,0.010719759,0.0111446,0.01172017,0.012298995,0.0130507285,0.013545605,0.014149459,0.014864368,0.01565572,0.016411144,0.017047733,0.017847518,0.018586705,0.019309804,0.020194994,0.021094812,0.02174679,0.022506332,0.023214791,0.023619557,0.024031864,0.024200166,0.024201402,0.024008278,0.024072457,0.023993012,0.02390757,0.023934372,0.023954973,0.024027055,0.02409154,0.024079317,0.02399797,0.023723839,0.023226462,0.022572711,0.021979315,0.020850724,0.019899705,0.01907432,0.018192526,0.017304225,0.016747402,0.016161295,0.01563262,0.01512657,0.014635528,0.013930598,0.013102075,0.012167032,0.0113630425,0.010407703,0.009450349,0.008510444,0.0076965895,0.0070319246,0.0065224967,0.0060579525,0.005718104,0.0054353676,0.0053419843,0.0052449363,0.0053419867,0.005196441,0.005228135
Open,0,43,4,0.74044424,0.7278753,0.7189788,0.7090598,0.70424587,0.6968175,0.6922304,0.6881686,0.6862572,0.68338543,0.68624544,0.6869941,0.68404186,0.6848485,0.6837627,0.6868892,0.6876669,0.6820246,0.68083954,0.6717856,0.6710552,0.663894,0.6536101,0.6445655,0.634118,0.6190914,0.6109381,0.5958923,0.58493984,0.5725517,0.55973226,0.55040604,0.53814983,0.5265404,0.51711875,0.5054908,0.5025514,0.491318,0.48467857,0.47656134,0.4686758,0.4602277,0.4492848,0.44078404,0.4291178,0.41636512,0.40270004,0.38613114,0.3683819,0.35048532,0.32973367,0.30969137,0.28793743,0.2651858,0.24150963,0.21949393,0.19582781,0.17518958,0.15301596,0.13251162,0.115692414,0.099041894,0.08686665,0.08104415,0.07880479,0.08713068,0.09850721,0.11084538,0.1299158,0.14818154,0.16684079,0.18944927,0.21177305,0.23471805,0.25879854,0.28223696,0.30533424,0.32905748,0.35557503,0.3794475,0.40439734,0.4288535,0.45302272,0.47595954,0.4954439,0.51601946,0.5314443,0.55028355,0.56636924,0.58208,0.593199,0.6040919,0.6138523,0.62296396,0.6293372,0.63582665,0.6404519,0.6460688,0.65024704,0.6592555,0.0036112973,0.0036005974,0.0036020142,0.0036934167,0.0037773985,0.0038375703,0.0040321783,0.0040914207,0.0040925606,0.0041284277,0.0042517916,0.004453775,0.0045926236,0.0048587685,0.004979685,0.005221843,0.005495846,0.005752745,0.006016386,0.006223182,0.00659747,0.0068051806,0.007156333,0.0074379896,0.007755126,0.00812754,0.008278637,0.008395601,0.008728299,0.008830359,0.009145016,0.00935119,0.009563496,0.009913979,0.0103119165,0.010686945,0.01118729,0.011661442,0.012211953,0.012916929,0.013610443,0.014327007,0.015062111,0.015796304,0.016540049,0.017260415,0.017975958,0.018816262,0.019621354,0.020441325,0.02120857,0.021837153,0.022575988,0.023128534,0.023443991,0.023902431,0.023995468,0.024078626,0.024075264,0.024284383,0.024075858,0.024005344,0.023950709,0.023894645,0.023976186,0.02398777,0.023929203,0.02384728,0.023552358,0.022948032,0.02231789,0.021678792,0.020761145,0.019839516,0.018946428,0.018120661,0.017374143,0.01665886,0.016158283,0.015761802,0.015227652,0.014576434,0.013812884,0.013066397,0.012219982,0.011505804,0.010431866,0.009434006,0.008392666,0.0077221366,0.0069534252,0.0063822893,0.0059464225,0.0055723023,0.005270218,0.0051525794,0.00514348,0.005148213,0.005105096,0.005123816
Open,0,44,4,0.741381,0.7278593,0.71827435,0.7083763,0.70466727,0.6985555,0.69097877,0.68928975,0.68616945,0.6837528,0.6859461,0.68437463,0.6842009,0.6849587,0.6855673,0.6862508,0.6882229,0.68211424,0.68239814,0.6751929,0.6732297,0.66170275,0.6549699,0.64452845,0.6314153,0.62185234,0.60890245,0.5950433,0.58455515,0.5720221,0.5623709,0.54912925,0.5377632,0.5292325,0.5161672,0.51106197,0.5030809,0.49018103,0.4830899,0.47662243,0.46784827,0.4592654,0.44946927,0.43994343,0.42815906,0.41545752,0.40070763,0.3855012,0.36887553,0.3478867,0.32797506,0.30952784,0.28716904,0.26445723,0.2421949,0.21962252,0.19609708,0.17498192,0.15447152,0.13286273,0.11575565,0.10085654,0.08820087,0.08163604,0.08025314,0.08785633,0.09666572,0.11181533,0.12999839,0.14793603,0.1687733,0.18958126,0.21122468,0.23374915,0.25866458,0.28201288,0.3056889,0.3310166,0.35527086,0.38125086,0.40425286,0.42894453,0.45439252,0.47521582,0.4959024,0.51558757,0.53318566,0.550403,0.5657311,0.5813008,0.5936277,0.6049436,0.61390805,0.6225461,0.6287137,0.6346865,0.639893,0.6475057,0.65032685,0.6594276,0.0034668797,0.003514584,0.003579502,0.0037085305,0.0037189866,0.003809456,0.0038469275,0.0039691473,0.0041297753,0.0041419375,0.004286368,0.0045070234,0.004514159,0.00474256,0.004823169,0.005028334,0.0053333105,0.0055109365,0.0059215017,0.0062334635,0.0065506385,0.0068212147,0.0071308734,0.007324551,0.007615217,0.007914772,0.008156786,0.008237094,0.008514245,0.008597405,0.008805737,0.009075897,0.009362898,0.009766832,0.010052227,0.010568792,0.011021982,0.011496862,0.012071984,0.012799825,0.013431094,0.014165315,0.01488164,0.015657267,0.016495464,0.017130865,0.017831184,0.0186118,0.019453706,0.020211512,0.020990053,0.02186544,0.022517534,0.023145521,0.023449402,0.023864608,0.023939006,0.02403059,0.0240974,0.024162443,0.02406538,0.02410152,0.024205765,0.024242194,0.024249569,0.024361167,0.024549056,0.02427237,0.024017008,0.023481987,0.022972662,0.02219492,0.021376105,0.020427572,0.01935711,0.01866247,0.017787432,0.017112235,0.016456332,0.016034737,0.015407873,0.014766314,0.014089719,0.013271838,0.012492076,0.011673074,0.010545009,0.009673686,0.008655302,0.0078013605,0.0070475503,0.0064386893,0.005985924,0.005550576,0.0052707777,0.005055314,0.0050358046,0.005083424,0.0050479765,0.005097336
Open,0,45,4,0.7390596,0.7277786,0.7185247,0.70723486,0.70373166,0.6972126,0.69141096,0.6874732,0.6856308,0.6825547,0.68665326,0.6863204,0.6830652,0.6845839,0.6847815,0.68658304,0.6870961,0.6820785,0.6802733,0.6733486,0.6711172,0.6600013,0.65465397,0.6442908,0.6333593,0.62037724,0.61229855,0.5971076,0.5846054,0.57251585,0.56175584,0.5490469,0.5390129,0.52860206,0.5196468,0.5098191,0.49939516,0.49224925,0.48472178,0.47700745,0.46945542,0.4609191,0.44956428,0.4392451,0.42960984,0.41618717,0.40022507,0.38785285,0.3702162,0.3479479,0.3306449,0.30885682,0.2866059,0.2644375,0.24117988,0.21879871,0.19674481,0.17435294,0.15367849,0.13245252,0.115604214,0.09978727,0.08983463,0.08104485,0.07851858,0.08661865,0.09785062,0.11226547,0.12892497,0.14764592,0.16734116,0.1901132,0.21102333,0.23533586,0.2582802,0.2809825,0.30560306,0.33031753,0.3546149,0.38088065,0.40540287,0.4284058,0.4528981,0.4769539,0.4958763,0.5134921,0.5339741,0.5517889,0.56648344,0.58226264,0.5946547,0.6044476,0.6134113,0.62355,0.62989527,0.63787997,0.638597,0.6445583,0.65230596,0.657569,0.0031650232,0.0033245406,0.0033290787,0.003373591,0.0034034855,0.003503714,0.003534233,0.0036370845,0.0036657297,0.0037788805,0.0038837919,0.0039683464,0.0040855594,0.004207972,0.0044555906,0.0046694307,0.0048831687,0.0051416247,0.0055253324,0.0057978793,0.006055852,0.006342011,0.006679781,0.006869705,0.0072574043,0.00755393,0.007722459,0.007943803,0.008191598,0.008309214,0.008587351,0.008822875,0.009117946,0.009400334,0.009839777,0.010236592,0.010689818,0.011254147,0.011776393,0.012385327,0.013094893,0.01399192,0.014667854,0.015325624,0.016027872,0.016752418,0.0175391,0.018290993,0.018923765,0.019766536,0.02043917,0.021074055,0.021746563,0.022215184,0.022611057,0.022941884,0.023129439,0.02330158,0.02334037,0.023517165,0.023490544,0.023592355,0.023591336,0.023761231,0.02396671,0.024249386,0.024033785,0.0239719,0.023647143,0.02341875,0.022840211,0.021820912,0.02121798,0.020531794,0.01948925,0.018807633,0.018063288,0.017391108,0.016633792,0.016176423,0.015726684,0.015205936,0.014530547,0.013809008,0.012908102,0.011919258,0.010828262,0.00985821,0.008799245,0.007885655,0.0070749978,0.0063869865,0.005941756,0.005524674,0.0052387323,0.005043678,0.004962553,0.0050390447,0.004990467,0.004994519
Open,0,46,4,0.7396588,0.7276778,0.71747214,0.70821595,0.704523,0.69815576,0.6907298,0.6874542,0.6856302,0.68192285,0.6829517,0.6858196,0.6840471,0.6829216,0.6853755,0.6879409,0.6884412,0.6826218,0.68209124,0.6746509,0.67416257,0.6650874,0.65580153,0.6460365,0.63492435,0.6214172,0.61249113,0.597764,0.5844594,0.5727501,0.56373394,0.54809785,0.53751224,0.5260244,0.5215459,0.510174,0.50508416,0.4937813,0.48471367,0.47824663,0.46948275,0.46123493,0.45100304,0.44162187,0.4296239,0.41541728,0.40448016,0.38536522,0.3694298,0.3469514,0.3306869,0.30957845,0.2861965,0.26620945,0.24227266,0.21893203,0.19549829,0.17317371,0.15240198,0.13237889,0.113745674,0.09850898,0.08786416,0.08080719,0.07755007,0.08676124,0.099114776,0.11188842,0.13000958,0.1492772,0.16824564,0.19096006,0.21061413,0.23491524,0.2577335,0.28196993,0.30638954,0.33084932,0.3539433,0.3793335,0.40469676,0.42660308,0.45511112,0.47621152,0.49641535,0.513209,0.5352738,0.55140275,0.56723034,0.58237827,0.5936761,0.60465544,0.61380166,0.6227606,0.6296148,0.63703275,0.6409335,0.64491194,0.64996046,0.65994585,0.0031720337,0.0033107544,0.0033221964,0.0033699735,0.0035096356,0.0035400945,0.003616233,0.0037488793,0.0038105557,0.0037934084,0.0039313515,0.0040980545,0.0041727717,0.004300449,0.004457231,0.004752676,0.004948282,0.0051485104,0.0054355306,0.0056988453,0.0060148938,0.0061594388,0.0065178843,0.0067351917,0.007142424,0.007356642,0.007560319,0.0077658687,0.007946003,0.008176267,0.008370143,0.008501171,0.008847551,0.009139089,0.00957085,0.010126954,0.010480399,0.0110204015,0.011711144,0.012425762,0.013037845,0.0137850875,0.014418621,0.015181203,0.01594034,0.01669887,0.017468045,0.018208902,0.01903541,0.019842293,0.020712102,0.021483675,0.022278052,0.022910198,0.023339868,0.023668217,0.023919974,0.024013804,0.024022821,0.024133898,0.024024056,0.024006905,0.023935257,0.024087505,0.024234332,0.024293551,0.024285825,0.0242397,0.024057766,0.023625692,0.023244547,0.022473885,0.021495825,0.020533007,0.019621115,0.018904788,0.017987184,0.017355531,0.016727522,0.01623439,0.015677486,0.015140729,0.014576624,0.013783418,0.01285327,0.011954798,0.010942269,0.009928324,0.008813827,0.007966961,0.007155664,0.006556838,0.006117706,0.0056178207,0.0053931563,0.0051581077,0.0051519847,0.005119333,0.0051280386,0.0050726035
Open,0,47,4,0.73962224,0.7266628,0.716314,0.70786494,0.7031234,0.6972523,0.691905,0.6858825,0.6842861,0.6837543,0.6824464,0.6846724,0.68318784,0.68453354,0.68321985,0.6861387,0.6867512,0.68081135,0.68426657,0.6743185,0.6733801,0.65560955,0.6552034,0.64599144,0.63190275,0.6221523,0.6120953,0.59788024,0.5852817,0.5719619,0.56174237,0.5499817,0.53852755,0.52835894,0.5212176,0.5075639,0.502894,0.4913843,0.48315427,0.47641534,0.46905667,0.46072873,0.44867465,0.43943965,0.42944717,0.41554433,0.40121824,0.38699922,0.36907125,0.34965566,0.3299036,0.30896705,0.2869567,0.26453993,0.24168786,0.21917379,0.19644956,0.17460518,0.15242957,0.13197482,0.11623922,0.09870478,0.08965939,0.080309846,0.08057594,0.087912224,0.097730406,0.11259031,0.13072558,0.14821847,0.16643672,0.18945222,0.21179198,0.23451334,0.2584607,0.28097397,0.30510315,0.33008888,0.35438952,0.3788036,0.404236,0.42981392,0.4536157,0.47443596,0.4945152,0.51431245,0.53022283,0.5503866,0.56517106,0.5810205,0.5926292,0.60322505,0.61095375,0.6221312,0.6287094,0.63685894,0.64021355,0.6449955,0.64968544,0.6587059,0.003084798,0.0032153716,0.0032096577,0.0032285457,0.003414371,0.0033873052,0.0034787103,0.0036407216,0.0036915094,0.0037798795,0.00389752,0.003994963,0.004219356,0.0043681827,0.0046638683,0.004848204,0.0050922367,0.005358877,0.0056628073,0.0058927885,0.006211497,0.006486721,0.0068390486,0.007114332,0.0075006015,0.007815642,0.008063498,0.0082542375,0.00841708,0.008550985,0.008815855,0.009063686,0.009356909,0.0096183,0.010084113,0.010529867,0.010871664,0.011395026,0.011993967,0.012660468,0.013303433,0.014046998,0.014662385,0.015569037,0.016431717,0.017068628,0.017783467,0.018656073,0.019458096,0.020235619,0.020882947,0.021653978,0.022369936,0.023023479,0.023342535,0.023779567,0.023879936,0.023968898,0.024114026,0.024154205,0.024242416,0.024217976,0.024255672,0.024200084,0.024332969,0.024329236,0.024552621,0.024381766,0.024178931,0.023769721,0.023341693,0.022600593,0.02157291,0.020585204,0.019643238,0.018954318,0.018131688,0.017426226,0.016838193,0.016298488,0.01583157,0.015223764,0.014551968,0.013768029,0.012775706,0.011930935,0.0107854875,0.009774107,0.008624123,0.007728954,0.006936191,0.0062534786,0.0058060484,0.0053857923,0.0051006847,0.004944146,0.004855735,0.004946908,0.004832571,0.0048919176
Open,0,48,4,0.73975897,0.7257615,0.71835464,0.7074047,0.70341766,0.69669014,0.6918765,0.68724567,0.68492067,0.6818941,0.68414253,0.6848795,0.68275154,0.6853258,0.683277,0.6872657,0.6864574,0.6808204,0.6835974,0.673976,0.67105466,0.6624864,0.6541445,0.6451045,0.63227004,0.62115675,0.6086208,0.59671557,0.583976,0.57173914,0.56266093,0.54873776,0.5387485,0.5254834,0.51865935,0.5084425,0.5040076,0.49125773,0.48491207,0.47728902,0.4690446,0.46021667,0.45033732,0.44119352,0.42903388,0.41451186,0.4000893,0.3860949,0.3688282,0.34631297,0.32799727,0.30902576,0.28533995,0.2647619,0.24111287,0.21861178,0.19578786,0.1744143,0.15394856,0.13288687,0.11484489,0.10047998,0.089890085,0.082596794,0.081214964,0.088123955,0.09863897,0.113654494,0.13081467,0.14882253,0.16855086,0.19045563,0.21074054,0.23417829,0.25689676,0.28077945,0.30490404,0.32823253,0.35229886,0.37793896,0.40224603,0.42660666,0.45387203,0.47430757,0.49514577,0.51501787,0.531672,0.5508544,0.56725323,0.580591,0.5943796,0.6045289,0.61458653,0.6240704,0.63124806,0.6348273,0.64263177,0.6455991,0.6509585,0.660137,0.0032927196,0.0033853112,0.0033661216,0.0034737117,0.003536593,0.003508151,0.0036801365,0.0036899666,0.0038081794,0.0038667873,0.0040249205,0.0040762364,0.004237039,0.0045386814,0.0046987613,0.0048542726,0.00510062,0.00532295,0.005705474,0.005906741,0.006241498,0.006596387,0.006864574,0.0071189934,0.007440167,0.007756948,0.007996059,0.008238071,0.0084661795,0.008570541,0.008976815,0.00913172,0.009337369,0.009796141,0.010173695,0.010685675,0.011228111,0.01171576,0.012321482,0.013080666,0.013742166,0.014508747,0.015111528,0.015972212,0.016755257,0.017530808,0.01826503,0.018978273,0.01981592,0.020602219,0.021471815,0.02202536,0.022692414,0.023207327,0.023650408,0.023882201,0.02403224,0.02414136,0.024156608,0.02413527,0.024046447,0.024039824,0.023962583,0.023872599,0.023998551,0.024093322,0.024066046,0.023870371,0.023706688,0.02314937,0.022672469,0.021926733,0.021085974,0.020140672,0.01924609,0.018441249,0.0177012,0.017118745,0.016455624,0.015994558,0.015570043,0.014958307,0.01443722,0.013687735,0.012749256,0.011870987,0.010889034,0.0098631475,0.008846666,0.007863169,0.0071415193,0.0065742536,0.0060440027,0.0057062907,0.005323884,0.0051949867,0.005140829,0.0051116636,0.0050074146,0.005026245
Open,0,49,4,0.7401275,0.72820246,0.7177481,0.7085508,0.7054109,0.69650537,0.6904828,0.68815297,0.685202,0.6819578,0.6858188,0.68619305,0.68160367,0.68465424,0.68447536,0.6864705,0.6866745,0.6818426,0.68128806,0.6740922,0.67406684,0.66146606,0.6547193,0.6460134,0.6337786,0.6193038,0.61065686,0.5965812,0.58556855,0.57360345,0.56103534,0.55123156,0.5381554,0.5271784,0.5181729,0.50939524,0.5007046,0.49227807,0.4858742,0.47894058,0.46936694,0.46077183,0.4500008,0.44028598,0.42955557,0.4156051,0.40202382,0.38436887,0.3675364,0.34477505,0.32893425,0.30662346,0.28574455,0.26179215,0.23944643,0.21704558,0.1943328,0.17259178,0.15231615,0.13050027,0.11579012,0.09949801,0.09034097,0.08177403,0.08278094,0.088936225,0.100947455,0.11475649,0.13188279,0.1491728,0.17006032,0.1911941,0.21198246,0.23527774,0.25702265,0.28060472,0.30553126,0.32877654,0.35348052,0.37793344,0.4036848,0.42560336,0.45443246,0.4741931,0.4944955,0.5146961,0.5307646,0.5505197,0.5648328,0.581368,0.59241825,0.6048813,0.6116384,0.62466305,0.6290469,0.63530076,0.6414973,0.64329666,0.6524714,0.657871,0.003125059,0.0033249555,0.0033323974,0.003363896,0.0034744497,0.0034580496,0.0035430444,0.0036492036,0.0037832323,0.0038480386,0.003891916,0.0040118913,0.0040992103,0.0042787227,0.0044743204,0.004726311,0.005029929,0.0051585045,0.0057347342,0.0060118916,0.0063086,0.006509336,0.0068487306,0.0070573445,0.0074458644,0.007661948,0.00793175,0.0081075765,0.008326104,0.008482959,0.008818963,0.009005683,0.009267203,0.009611876,0.010024882,0.01047147,0.01090701,0.011491492,0.012102687,0.012827451,0.013509495,0.014263865,0.015010769,0.015855705,0.016709445,0.017349062,0.018134473,0.018824106,0.019619254,0.020391252,0.021244382,0.021901153,0.022485431,0.023132166,0.02340381,0.0239283,0.024059195,0.023987373,0.02421232,0.024229452,0.024128845,0.02418425,0.024184113,0.023983125,0.02407475,0.024115812,0.02402824,0.023890804,0.0237013,0.023296878,0.022681417,0.02186557,0.021028437,0.020052077,0.019202948,0.018519709,0.017779134,0.017243303,0.016656391,0.016127177,0.0155695705,0.014994929,0.014374749,0.0135690635,0.0127111245,0.011825507,0.01072627,0.009721645,0.008663789,0.0077186995,0.00688692,0.00637144,0.00586924,0.005491291,0.0051763784,0.0050731273,0.004969103,0.0049844882,0.00501966,0.0051234546
Open,0,50,4,0.73901993,0.72700447,0.7180133,0.70885414,0.7041305,0.69785684,0.6885652,0.6880122,0.6855678,0.68096346,0.68615395,0.68280864,0.6821083,0.6831061,0.6828296,0.6855841,0.68608135,0.6811335,0.6806672,0.6752746,0.67350936,0.66044134,0.6540373,0.64615285,0.63275903,0.62220156,0.610637,0.5959925,0.585558,0.5721307,0.5628165,0.5503928,0.5387092,0.52899987,0.51910776,0.50855154,0.5055577,0.49121454,0.48439932,0.47842032,0.47089255,0.46132442,0.45039526,0.44240254,0.42881826,0.41571423,0.40213975,0.3865828,0.36901936,0.3491597,0.3288933,0.30877617,0.28746337,0.2645915,0.24083667,0.2180222,0.19571196,0.17408688,0.15274426,0.13151072,0.11515005,0.09970756,0.08828462,0.08101418,0.080858074,0.08723172,0.100312136,0.11360257,0.13104321,0.14997698,0.1677696,0.18973663,0.21085657,0.23361258,0.2574391,0.2801701,0.30483967,0.32668066,0.35243765,0.37762794,0.40265664,0.42681172,0.45283782,0.47402883,0.49482352,0.5140362,0.5323615,0.5507234,0.56683296,0.5826651,0.5944271,0.60429215,0.61259645,0.6230712,0.6303652,0.6357433,0.6421589,0.6445845,0.65258026,0.6591456,0.0031675166,0.0032007294,0.0033134774,0.003371427,0.0034711093,0.0035246117,0.0035065738,0.003603643,0.0037451673,0.0038225881,0.003938446,0.0040319,0.004131001,0.0043975506,0.0045238533,0.0048104236,0.0050473125,0.0053352118,0.0054954514,0.0057477388,0.006113735,0.006320011,0.0067193205,0.0069554546,0.007343129,0.0075740325,0.007906887,0.008037486,0.008327049,0.008470014,0.008736218,0.008956226,0.009240307,0.009592785,0.010073884,0.010523878,0.010955418,0.011406984,0.012029159,0.012904837,0.013459026,0.014089813,0.014878994,0.01563482,0.016415728,0.017051654,0.017905032,0.018717293,0.019565968,0.020345977,0.021298826,0.022078896,0.022780377,0.023383776,0.023566645,0.023966027,0.024141628,0.024363875,0.024250485,0.024371646,0.024301702,0.024282219,0.024321517,0.024458682,0.024474747,0.024436671,0.024524268,0.024269711,0.023924347,0.023466256,0.022834573,0.022098696,0.02125411,0.020225603,0.01914025,0.01838429,0.017619718,0.016947702,0.01636855,0.01591641,0.015393715,0.014769168,0.014202548,0.013378797,0.012588734,0.011771042,0.010792206,0.009930282,0.008865509,0.007982805,0.007146375,0.0065334034,0.0060425773,0.005601325,0.0052717025,0.0051734066,0.005078296,0.005058145,0.0050107767,0.0049973023
Open,0,51,4,0.74063724,0.72716093,0.7196101,0.7089881,0.7047981,0.69777286,0.69416744,0.6875715,0.6867098,0.6817417,0.68433017,0.6861078,0.68455076,0.68437326,0.6846613,0.68695664,0.6872577,0.6818717,0.6814005,0.67164683,0.6704864,0.65967715,0.65418446,0.6418008,0.63517916,0.61990434,0.60928446,0.59642977,0.58464515,0.5714681,0.5603082,0.54644257,0.53699976,0.52699417,0.5168363,0.5104617,0.5029933,0.49105826,0.48491523,0.47749546,0.46972793,0.45944855,0.45103413,0.4412569,0.4300248,0.4167445,0.40260914,0.38655046,0.36797944,0.35088903,0.3300455,0.3093643,0.2873679,0.26399195,0.24130142,0.2187255,0.19498257,0.17349727,0.15258284,0.13125972,0.11425244,0.09904235,0.088002115,0.08021349,0.08013247,0.08928591,0.10034451,0.11414488,0.13210373,0.15003236,0.17066303,0.19086249,0.21374655,0.23507923,0.25808147,0.28125504,0.30529183,0.32868516,0.3549113,0.3781178,0.40468472,0.4270494,0.45219302,0.47177008,0.4941043,0.51113963,0.53130007,0.55057836,0.5649009,0.5813621,0.59250224,0.6064911,0.611853,0.62385786,0.63052756,0.6352906,0.6379416,0.64638585,0.6494132,0.65865254,0.0032984305,0.0033728078,0.0034427487,0.0034486342,0.0035090433,0.0035736903,0.0036890714,0.0038943128,0.003946427,0.0039925445,0.0041179424,0.0043405998,0.0045467736,0.004706124,0.004957089,0.0052575953,0.0054812105,0.0057737282,0.0059667956,0.006332618,0.006615413,0.006886292,0.0071757575,0.007416472,0.0077772895,0.00797144,0.008285704,0.008374226,0.008588053,0.008761942,0.009056898,0.009311776,0.00958118,0.009968404,0.010231773,0.0108145485,0.011244109,0.011831792,0.0123449825,0.013074663,0.013768765,0.014526033,0.015372552,0.016115146,0.016957166,0.01770623,0.0183925,0.019156864,0.020039622,0.02084616,0.021551631,0.02226538,0.02278151,0.023413263,0.023739876,0.024114808,0.02431777,0.024411544,0.024464322,0.024512881,0.024415798,0.024349397,0.02436136,0.024311895,0.024414152,0.024410756,0.024366936,0.024183944,0.023842668,0.023391481,0.022926003,0.022123238,0.02134625,0.020346353,0.019371836,0.018607246,0.017857207,0.0171597,0.016607584,0.016123557,0.015590696,0.014960035,0.01442537,0.013610717,0.012797969,0.011884382,0.010820964,0.009838043,0.008789046,0.007765827,0.006977575,0.0063632997,0.0058759586,0.005505752,0.0052145566,0.0050796014,0.004955179,0.0049983994,0.004909895,0.0049685217
Open,0,52,4,0.74058205,0.72765267,0.7195064,0.7083721,0.7049439,0.6981398,0.6928825,0.6880741,0.6851158,0.68385404,0.6856507,0.6858861,0.6844731,0.68432385,0.68209594,0.68728834,0.68803555,0.6816304,0.6826474,0.67400086,0.6735286,0.6623824,0.6536511,0.6449929,0.63229394,0.61860365,0.61191696,0.5936668,0.5845591,0.57283616,0.55980426,0.54970926,0.5387889,0.5268309,0.518242,0.50974995,0.50568795,0.49392146,0.48579422,0.47790888,0.46948406,0.46126562,0.45174265,0.44323975,0.43089947,0.4166692,0.4040447,0.3855242,0.37040254,0.34948537,0.3306976,0.30849022,0.28697097,0.26406124,0.2407295,0.21889415,0.19541033,0.1740264,0.15159295,0.13136254,0.114120014,0.097387545,0.086694606,0.08048644,0.07984082,0.08638303,0.09895499,0.11321609,0.13111308,0.1504035,0.16935512,0.19063166,0.2129347,0.23559673,0.2586706,0.28131357,0.30543712,0.3295081,0.3555244,0.37783492,0.4042418,0.42795277,0.45393902,0.4746538,0.49489835,0.51468533,0.53033227,0.5512173,0.5666889,0.5819685,0.59259135,0.6043783,0.6129576,0.6227848,0.6279194,0.63598275,0.64065415,0.6455336,0.6498118,0.6596733,0.0031732954,0.0033216286,0.0033260453,0.0034758328,0.003458012,0.0035037245,0.0036050181,0.003846783,0.003919551,0.004087378,0.0040532122,0.004257923,0.0044426,0.004554422,0.004793449,0.005105938,0.005316444,0.0053998926,0.005974801,0.0062757856,0.006628673,0.0068161897,0.007167255,0.0073761363,0.0076643135,0.007917304,0.0080996305,0.0081778625,0.008530384,0.008706317,0.00894976,0.009101885,0.009600162,0.0098512415,0.010184234,0.010754813,0.011312839,0.011759523,0.012244666,0.013030306,0.013541071,0.0142220305,0.01500046,0.015787758,0.016527401,0.017361147,0.018032756,0.018721666,0.019528287,0.020433579,0.021162577,0.021820636,0.02251331,0.023241738,0.02354043,0.023917269,0.024126679,0.024327066,0.024378506,0.024488725,0.024510205,0.024437474,0.0244353,0.02434788,0.024485623,0.024726616,0.02474272,0.024564348,0.024268206,0.023800552,0.023161974,0.022407332,0.021488143,0.020674817,0.019652328,0.018813737,0.01790728,0.017059902,0.016402986,0.016065374,0.01537565,0.014857576,0.014167177,0.013524376,0.012583883,0.011667463,0.010543094,0.009552276,0.008533569,0.0076450505,0.0069109146,0.0062894714,0.0059051146,0.00546707,0.005136735,0.0049313135,0.0048611355,0.0048764977,0.0048466967,0.0049047247
Open,0,53,4,0.74148285,0.72697884,0.71970737,0.7088609,0.70569026,0.6991437,0.692816,0.6885835,0.68553853,0.68266815,0.6863832,0.684144,0.68369126,0.6834698,0.6849606,0.6852569,0.6862726,0.6819534,0.6801383,0.67086244,0.67117846,0.65936726,0.653767,0.6434499,0.6329221,0.6188275,0.6100174,0.59445333,0.5842283,0.57171583,0.5615054,0.5491038,0.53953165,0.5273504,0.51975316,0.5096199,0.503344,0.49337634,0.48471949,0.4786097,0.47030327,0.46179065,0.4505054,0.44014814,0.43046182,0.416458,0.40309325,0.38644028,0.37039834,0.34793356,0.329198,0.31073275,0.2867827,0.26390317,0.24153031,0.2188489,0.19615321,0.17365451,0.15263258,0.13138533,0.11346874,0.09783949,0.086386286,0.080237515,0.07767742,0.08731307,0.09640014,0.113458626,0.13124189,0.14985526,0.16869922,0.19139875,0.21257098,0.23479088,0.25934103,0.28306764,0.30619273,0.3306713,0.35545835,0.3806983,0.40364963,0.42980832,0.45493302,0.47465375,0.49561438,0.51434463,0.53271395,0.5484478,0.5669045,0.5815086,0.5936352,0.6037855,0.6136229,0.6242484,0.6280725,0.635978,0.6381764,0.642807,0.6503797,0.6573827,0.0031843742,0.003224733,0.003353789,0.0034803157,0.003513789,0.0035011866,0.003500175,0.0037903597,0.00382204,0.0038383964,0.004104057,0.004301784,0.0044022393,0.0047013913,0.0049513658,0.0051366673,0.0053988313,0.00571266,0.0057117064,0.005940911,0.006299379,0.0065580513,0.0069044125,0.0071314457,0.0075417846,0.007687648,0.008018492,0.0081552435,0.008513314,0.008590125,0.008902043,0.009130271,0.009524253,0.009864839,0.010216838,0.010618975,0.011096212,0.011699024,0.012170917,0.012949676,0.01351325,0.01432077,0.015083699,0.015659403,0.016503658,0.01731559,0.018014476,0.018719185,0.019562015,0.020418968,0.021268465,0.022050612,0.022716658,0.023409689,0.023768017,0.024150161,0.024248403,0.024271017,0.02437566,0.02439456,0.02426917,0.02425076,0.024170667,0.024177281,0.024186801,0.024191322,0.024152143,0.023927104,0.023587313,0.023156479,0.022628963,0.021818515,0.021016609,0.020079808,0.019058606,0.01825366,0.017453838,0.016863024,0.016184805,0.015733043,0.0151670715,0.01462945,0.014066461,0.013250056,0.012370054,0.011547913,0.010419111,0.009346639,0.008451761,0.007509783,0.0067573544,0.006191199,0.0057324436,0.0053665466,0.005109406,0.005046942,0.0049002613,0.0048879446,0.0049078204,0.004900002
Open,0,54,4,0.7402337,0.72754747,0.7184048,0.7073369,0.70422024,0.695939,0.6894353,0.68815696,0.68496406,0.68194515,0.6832542,0.6849799,0.6818959,0.68388706,0.68206865,0.6857425,0.68448,0.6808301,0.6818859,0.67180306,0.6704033,0.66353965,0.65457165,0.6446157,0.6333073,0.6207896,0.6106901,0.59710586,0.5839978,0.5715448,0.5607358,0.550281,0.5378089,0.5273334,0.51962835,0.5099857,0.5018022,0.4935224,0.48450658,0.4789395,0.47023317,0.46238017,0.45197967,0.4424761,0.43106562,0.41697162,0.4025876,0.3899112,0.37026578,0.3499154,0.3309176,0.30886495,0.28720877,0.26386642,0.24204352,0.21814744,0.19555244,0.17360342,0.15234615,0.13180825,0.11435774,0.09779895,0.08871219,0.080759995,0.07866219,0.08779685,0.09814845,0.112704374,0.13103738,0.14858288,0.16869263,0.18959475,0.21274742,0.23574843,0.25837672,0.28163972,0.30615023,0.32981342,0.35459548,0.37999156,0.40496787,0.42503208,0.45401767,0.4736214,0.49557814,0.51466304,0.5294635,0.55052066,0.56600887,0.581617,0.59232706,0.6060131,0.61209744,0.6238438,0.63216496,0.63558465,0.6423584,0.6442521,0.6522432,0.65791816,0.0034252624,0.0034719326,0.0035423157,0.003561295,0.0037378713,0.0036770697,0.0037275897,0.0038918122,0.0040247836,0.004160988,0.004281043,0.0043336353,0.0044791726,0.0047515943,0.00485516,0.005168681,0.005356443,0.005648452,0.005741262,0.0059532975,0.006416856,0.0067387572,0.0070379158,0.007223354,0.0075721657,0.007839073,0.008036584,0.00817107,0.008453981,0.008640825,0.008956289,0.009163497,0.0094928695,0.009921904,0.010251762,0.010837283,0.011276822,0.011870933,0.012405067,0.013106292,0.01378809,0.014625087,0.015290723,0.016037323,0.01689448,0.017658072,0.018361196,0.01912831,0.019954395,0.020807112,0.021421188,0.022118477,0.022709344,0.023317028,0.02375482,0.024145214,0.024234453,0.02432934,0.024338953,0.0243767,0.024289444,0.024196664,0.024223356,0.024219895,0.024368774,0.024176206,0.024092408,0.023842955,0.023528682,0.023006324,0.022475773,0.021726478,0.020804586,0.019932993,0.01904471,0.018269649,0.017424624,0.01668935,0.016085593,0.015611669,0.015181765,0.014580632,0.014016616,0.0132894805,0.012455365,0.01158916,0.01054426,0.009570776,0.008598158,0.007681887,0.0068821176,0.0062457714,0.005858188,0.0054703755,0.005170593,0.0050652483,0.0049949354,0.004970663,0.005012745,0.005011759
Open,0,55,4,0.7396682,0.7275539,0.7190886,0.70859826,0.70511115,0.6971281,0.6904421,0.68767995,0.68516874,0.6788533,0.68400663,0.6856912,0.6808145,0.68373346,0.681939,0.6853422,0.68541855,0.6811667,0.67838544,0.67363197,0.6728207,0.6586498,0.65408343,0.6434598,0.63222736,0.61853945,0.6110236,0.5948815,0.58521247,0.57292485,0.5598148,0.54931563,0.53823465,0.5270425,0.51774967,0.5102979,0.50183487,0.49343273,0.48495165,0.47898299,0.46850082,0.46010593,0.45042813,0.4414404,0.4302117,0.41605702,0.40236688,0.38632214,0.36707565,0.35063967,0.32917345,0.308985,0.2855168,0.263623,0.24067809,0.21790549,0.19513394,0.17361952,0.15208586,0.13156374,0.11344301,0.09808411,0.08786663,0.08188232,0.07854446,0.08818114,0.09823545,0.112700306,0.13005623,0.1491221,0.16889572,0.19160867,0.21211515,0.23467466,0.25886083,0.28215665,0.3054986,0.32874063,0.35381383,0.37953192,0.40419358,0.42825234,0.45269978,0.47487727,0.49572054,0.51399034,0.53599524,0.5495251,0.5664482,0.5814907,0.59340763,0.60673654,0.6140983,0.6233177,0.63180983,0.63597107,0.6393755,0.6459929,0.65217036,0.65939116,0.00339616,0.003459759,0.0035220962,0.0036208523,0.0036871964,0.0037240481,0.003710061,0.0039549316,0.004054579,0.0041201697,0.0042311065,0.004401194,0.004586378,0.004723463,0.004921721,0.005232942,0.005480914,0.005734615,0.006013446,0.0063528526,0.0066055832,0.0069718002,0.007292094,0.007507506,0.007745291,0.008051371,0.008162679,0.008391058,0.008639696,0.008768219,0.00900948,0.009204662,0.009507758,0.00980522,0.010148579,0.010612323,0.011189377,0.011656454,0.012231423,0.013099379,0.013695623,0.0144919185,0.015312126,0.015984567,0.016907195,0.017667104,0.018458756,0.019144632,0.019938966,0.020808797,0.021577274,0.022284394,0.022847654,0.023540186,0.02383398,0.024236934,0.024321986,0.024411216,0.024586042,0.024566436,0.024573758,0.024458572,0.024528805,0.024538495,0.024516752,0.024517808,0.024398671,0.024175815,0.023883486,0.023297293,0.022672713,0.021879192,0.020920731,0.01995265,0.018976845,0.018154616,0.017305102,0.016718948,0.016069366,0.015520002,0.015109849,0.014596168,0.013946558,0.013191084,0.012295607,0.011540086,0.010416293,0.009340256,0.008456425,0.007494386,0.006799726,0.006240428,0.005811325,0.005436384,0.0051724976,0.0050355387,0.004904042,0.0049268454,0.005001787,0.005005185
Open,0,56,4,0.7408136,0.72768265,0.7181114,0.70808405,0.70348805,0.69750774,0.69193566,0.6890661,0.68572974,0.684311,0.6862178,0.68424416,0.6831781,0.68426514,0.68411785,0.6848415,0.6853942,0.6806781,0.6800295,0.67308646,0.67023075,0.65959734,0.65296376,0.6431107,0.6310382,0.6179943,0.61132383,0.5949043,0.5847953,0.5718553,0.56081516,0.5507324,0.53697455,0.52591217,0.5181607,0.51082504,0.502579,0.49060652,0.48621553,0.478226,0.4687294,0.46141344,0.4503695,0.4415274,0.430471,0.41641146,0.40271053,0.38825956,0.37083676,0.34838304,0.3291903,0.30821228,0.28668728,0.26383823,0.24060224,0.21773496,0.19493325,0.17229821,0.15166362,0.12945214,0.115318894,0.09735112,0.08599825,0.079971805,0.07935068,0.08781309,0.1002021,0.11346805,0.13199687,0.15009698,0.16979994,0.1897359,0.21316455,0.23680662,0.2583485,0.2820565,0.30619878,0.329425,0.3537277,0.37950918,0.4057529,0.42988557,0.45399606,0.47533172,0.49545223,0.5125179,0.53257674,0.54895324,0.5659479,0.58097047,0.59249365,0.60312265,0.6116545,0.62295866,0.6301219,0.63575995,0.63888556,0.64693,0.6510517,0.6583141,0.0033884316,0.0035272785,0.003541612,0.003643528,0.0037496823,0.0037917118,0.0038597311,0.0040063947,0.004022781,0.0040968335,0.004243784,0.0043975,0.004534604,0.004743319,0.0048714858,0.0051206974,0.0053972034,0.0056039086,0.005823804,0.0062400135,0.006499903,0.0067566577,0.007031729,0.007369956,0.0076702214,0.007902614,0.008107942,0.008213151,0.008498292,0.00869751,0.008940029,0.00923383,0.009492242,0.009776223,0.010159437,0.010734478,0.0111919455,0.011726735,0.012321238,0.01305559,0.0136912875,0.014593042,0.015238954,0.016051343,0.01681345,0.017643323,0.018409615,0.019051867,0.019844666,0.020762457,0.021574512,0.022327786,0.023022875,0.02360008,0.023964837,0.024294432,0.024399225,0.024515603,0.024563802,0.024610657,0.024481418,0.024365889,0.024337694,0.024296504,0.024298722,0.024313517,0.024182022,0.024038453,0.02371636,0.023299834,0.022716463,0.021886496,0.021015603,0.020021057,0.019118086,0.018271983,0.017467814,0.016863655,0.016161209,0.015629338,0.015225132,0.014574114,0.013927252,0.013143765,0.012265197,0.011311118,0.010285016,0.009215211,0.008262951,0.007342773,0.006626672,0.006121516,0.0057353512,0.00534084,0.005044454,0.005036028,0.0050004907,0.0049899225,0.0050421027,0.004984325
Open,0,57,4,0.74016064,0.72777486,0.7176522,0.7080336,0.70546883,0.6971841,0.68859017,0.6899521,0.6861211,0.6841881,0.68456954,0.6854351,0.6840419,0.6835042,0.6827134,0.6857518,0.6849177,0.6816478,0.681073,0.6732572,0.6707851,0.6584087,0.65273696,0.6428213,0.6319905,0.6198074,0.6090335,0.59574914,0.5832353,0.5723785,0.55977106,0.55180234,0.53845775,0.5268936,0.51662314,0.5089544,0.505583,0.49361822,0.48439595,0.47744772,0.46963432,0.4609187,0.45120978,0.4421172,0.42956352,0.41613847,0.4027733,0.38694382,0.37034947,0.35022637,0.32842863,0.3081164,0.28669882,0.26453623,0.24172586,0.21846496,0.19498749,0.17341958,0.15246165,0.13183935,0.114279136,0.09737032,0.08716596,0.081004165,0.08038436,0.08610501,0.09931143,0.11281418,0.13145567,0.14968108,0.1680455,0.19011873,0.21152012,0.23638327,0.2579384,0.28273773,0.30606177,0.33032084,0.35483542,0.37925225,0.40534297,0.42705184,0.45417094,0.47459236,0.49551344,0.5134351,0.5332238,0.5505536,0.5650233,0.58149576,0.59337956,0.60496175,0.61215794,0.62333035,0.63059896,0.63528085,0.6409892,0.6436701,0.6508004,0.6580426,0.003422738,0.0035257924,0.0035521702,0.0035932371,0.0037463664,0.0037745214,0.0038402223,0.0039912304,0.0041044494,0.0041679437,0.0042674234,0.004391045,0.0045465473,0.004714266,0.004868227,0.005101212,0.0053788563,0.0055919173,0.005947408,0.006166494,0.006456152,0.0067157536,0.0070105023,0.007252215,0.0075658844,0.007829691,0.008040111,0.008114597,0.008427179,0.008628105,0.00888445,0.009115605,0.009428224,0.009786175,0.010171301,0.01069446,0.011194903,0.011717722,0.012322398,0.012977233,0.01365214,0.014536053,0.015312993,0.016126513,0.016805522,0.017588438,0.018388351,0.019072227,0.019913794,0.020758996,0.021509454,0.022293005,0.022980986,0.023609353,0.02395667,0.02425879,0.024468232,0.024468971,0.02452487,0.024490435,0.024452748,0.02438761,0.024353744,0.024257522,0.02429962,0.024369318,0.024180733,0.024036318,0.023668783,0.02323642,0.022676723,0.021795172,0.02091465,0.019955132,0.018984923,0.018145867,0.017335407,0.01666172,0.016031355,0.01554267,0.015025617,0.014419248,0.013923527,0.013107478,0.012141919,0.011342739,0.010263982,0.009257833,0.008226806,0.0073642577,0.0066538462,0.0061857365,0.005669022,0.0053784098,0.0051141023,0.004999303,0.0049785804,0.0050151,0.0050528958,0.005078762
Open,0,58,4,0.7396638,0.72721046,0.7179768,0.70794624,0.7041482,0.69836587,0.69209194,0.68888646,0.68523574,0.6817802,0.6866952,0.6840959,0.6834622,0.6844031,0.6833446,0.6849944,0.6854375,0.6796147,0.68062526,0.67169917,0.671179,0.658841,0.6532729,0.6433141,0.63151985,0.6190463,0.6088792,0.5949841,0.58375007,0.5713125,0.5610915,0.55099595,0.53737104,0.5267439,0.5166812,0.51041067,0.5028584,0.49229288,0.48599657,0.47785306,0.4701855,0.46072486,0.45154938,0.44121557,0.4300895,0.4158665,0.40213993,0.3865196,0.3684378,0.34945932,0.330001,0.3088224,0.2864385,0.2641234,0.24108352,0.21855506,0.19570507,0.17373167,0.15269472,0.13250679,0.11349105,0.09712326,0.08731117,0.08201399,0.07812932,0.08769045,0.09769385,0.112503335,0.13001113,0.14798686,0.16915475,0.19067422,0.2112215,0.23462315,0.2589922,0.28278524,0.3049277,0.3296126,0.35503146,0.37854263,0.404304,0.4275932,0.45630288,0.4730406,0.49549603,0.515063,0.533621,0.55184096,0.5662733,0.5816276,0.5931503,0.6075051,0.6139934,0.62258387,0.6292215,0.63600963,0.64102286,0.64545995,0.65002686,0.6588557,0.0034515206,0.0034901383,0.0035281684,0.0036392086,0.003684938,0.0038272287,0.0038185273,0.00395772,0.004067101,0.0040713493,0.0041907066,0.004375476,0.004574526,0.0047581084,0.0049365354,0.005065309,0.0053119888,0.0054968027,0.0059747086,0.006207798,0.0065258853,0.0066861985,0.007108594,0.0073617445,0.0076180254,0.007862089,0.0081438115,0.0082113575,0.008560287,0.008675874,0.008853583,0.009147688,0.009436978,0.00977457,0.0100541795,0.0106652295,0.01119596,0.011639838,0.01230582,0.013024788,0.013690129,0.014468461,0.015225398,0.015960416,0.016795276,0.017513856,0.018299315,0.01901977,0.019742707,0.020583296,0.02134502,0.022088518,0.022723172,0.023320533,0.023652792,0.023959674,0.024030983,0.02410329,0.02415741,0.024184817,0.02403321,0.023916034,0.023867497,0.023761563,0.023813322,0.023919458,0.023806384,0.023594698,0.02332891,0.02287818,0.02230732,0.021529607,0.020677643,0.019792084,0.018918324,0.018116744,0.017295083,0.016627846,0.016018188,0.015503503,0.014965202,0.014542009,0.013843264,0.013041071,0.012134752,0.011361312,0.01034859,0.009303963,0.008350771,0.0074110767,0.006718932,0.0061887614,0.0057854787,0.0053620567,0.005111245,0.0050541055,0.0049727084,0.005004591,0.0049839215,0.005017153
Open,0,59,4,0.7397848,0.7267413,0.71678734,0.7077638,0.70450276,0.6974366,0.68974864,0.68762153,0.6848917,0.68210286,0.6827343,0.68457156,0.6839549,0.6826161,0.6824197,0.6869316,0.68644214,0.68176633,0.6824123,0.673688,0.6718054,0.66222805,0.65016675,0.64360744,0.63199717,0.62056166,0.6091239,0.59518284,0.58519256,0.5723341,0.56287646,0.5494912,0.5385034,0.5270654,0.5201195,0.5060202,0.50448483,0.49381986,0.4840521,0.4783896,0.46923935,0.4598971,0.45144653,0.4411342,0.42892364,0.4156635,0.40349647,0.3844673,0.3672282,0.34902275,0.32810894,0.3086937,0.28516614,0.26333225,0.2394023,0.21724723,0.1938684,0.17345466,0.15164664,0.13150866,0.11475602,0.09800935,0.088063315,0.07986244,0.08071391,0.08885299,0.099913254,0.113824524,0.13131042,0.15045698,0.16874276,0.19126396,0.21191981,0.23599306,0.2580637,0.28180954,0.30551103,0.3289997,0.35511878,0.37909666,0.40501016,0.4267227,0.4529992,0.47463635,0.49571058,0.5127885,0.53358257,0.5491571,0.56533027,0.5805229,0.59330493,0.60392874,0.6138392,0.62347275,0.6304662,0.635174,0.64084524,0.6450346,0.6512923,0.6585527,0.0034833616,0.003600318,0.0036107695,0.0036519198,0.0037412925,0.003792019,0.003874852,0.0040086955,0.004070636,0.004182242,0.0042531053,0.004435947,0.004538888,0.00461995,0.004828063,0.005103396,0.0053862287,0.005519583,0.005920349,0.006149708,0.006449243,0.006730943,0.006917599,0.0072173756,0.007601499,0.0076848483,0.007939603,0.0081214,0.008348334,0.0084002875,0.00875038,0.008952544,0.009250661,0.009601651,0.009985057,0.010359109,0.010936475,0.011437098,0.012061589,0.012861369,0.013392873,0.014269435,0.014998802,0.015856354,0.016590161,0.017322022,0.018106293,0.0187976,0.01960015,0.020462159,0.02121411,0.021864079,0.022515329,0.023130372,0.023405317,0.023884393,0.023986729,0.024059387,0.0240863,0.02406397,0.024007553,0.023965636,0.02387693,0.02391068,0.023901153,0.02397424,0.024149137,0.023816157,0.023364862,0.022989653,0.022427268,0.021630742,0.020715354,0.019802656,0.018951593,0.01806814,0.017255599,0.016655978,0.0159889,0.015429018,0.014980624,0.014344083,0.013743691,0.012994859,0.01201001,0.011173551,0.0100633325,0.009054946,0.008108535,0.0072481246,0.006529072,0.0059714653,0.0056248503,0.005323609,0.0050593624,0.0049732826,0.0049268096,0.004925414,0.004949332,0.0049510985
Relaxed,0,0,5,0.74133235,0.7296079,0.72196484,0.7118993,0.7090959,0.7028839,0.6946922,0.69282174,0.69139534,0.6908381,0.691151,0.692501,0.6913076,0.6931791,0.69215804,0.6937923,0.6953844,0.689054,0.688928,0.6791135,0.67872137,0.66658556,0.658913,0.6476875,0.6367615,0.6229876,0.61361706,0.597869,0.58517295,0.5719552,0.56052375,0.5472782,0.53684616,0.52536154,0.5125988,0.5064982,0.4971801,0.48728862,0.47779396,0.47207877,0.46250528,0.4542552,0.4428488,0.4335742,0.42253217,0.40798452,0.3961348,0.37992725,0.3617948,0.34554285,0.32447287,0.30592576,0.2844241,0.26366174,0.24187566,0.2204117,0.19937393,0.17792837,0.15819572,0.13852791,0.12223993,0.10617076,0.09337315,0.08778666,0.08285008,0.08913191,0.095833406,0.10953083,0.12415355,0.14545494,0.16361544,0.18656236,0.20777224,0.23157708,0.25614908,0.28083947,0.30384615,0.32921702,0.35638428,0.38110122,0.4067645,0.4300347,0.4577133,0.47712013,0.49694043,0.51406425,0.53423595,0.55185586,0.56556225,0.5798714,0.5916933,0.6046071,0.61297846,0.6202038,0.62659055,0.6336573,0.63782924,0.64351773,0.6469923,0.65563947,0.0026076676,0.002693681,0.0028354288,0.0028646458,0.002991356,0.0030959127,0.0031763015,0.0031969086,0.0033255073,0.0033839862,0.003517338,0.0036671995,0.0038061193,0.003937559,0.004050285,0.004221264,0.004386822,0.0044117137,0.004688172,0.004852465,0.004962785,0.005107614,0.0053528417,0.0054814066,0.0057511595,0.00585735,0.0059184493,0.005982635,0.0061108605,0.0061762924,0.006434388,0.0066357246,0.0069638933,0.007300541,0.007502653,0.008017991,0.008393795,0.0089195045,0.0094407145,0.010062181,0.010524487,0.011346244,0.011925942,0.012538219,0.013287906,0.013883335,0.014637848,0.015148422,0.01587494,0.016683618,0.017421126,0.01817321,0.018648924,0.019287039,0.01961392,0.019958954,0.020182868,0.020360123,0.02051776,0.020551987,0.020736422,0.020708019,0.020680316,0.020911481,0.021134088,0.021251047,0.02123216,0.021299444,0.02104578,0.020704431,0.020357544,0.019683264,0.018993748,0.01819991,0.017334515,0.016647227,0.015946861,0.015353842,0.014750854,0.0143282525,0.013865343,0.013382642,0.012862226,0.012232823,0.011492157,0.010682971,0.009821439,0.008915317,0.007997213,0.0071889777,0.006635122,0.0060431976,0.005704567,0.005332854,0.005210689,0.0050861076,0.005143455,0.00519087,0.0052060853,0.005116347
Relaxed,0,1,5,0.74100083,0.7303368,0.7211433,0.7114929,0.7095534,0.7022202,0.6970783,0.69215584,0.69009286,0.68807584,0.6894045,0.6903863,0.68928945,0.69166887,0.6909557,0.6926102,0.6943282,0.6871108,0.6873492,0.67810977,0.67524546,0.665839,0.6580632,0.6459956,0.63722515,0.62367463,0.6116992,0.59883064,0.5853907,0.5719878,0.5584669,0.5480492,0.536788,0.5219871,0.5135824,0.5011017,0.4986312,0.48623267,0.4785555,0.47058997,0.46078306,0.45245492,0.44185388,0.43333656,0.42199314,0.40775225,0.39558998,0.38098022,0.36485395,0.34376177,0.3263835,0.3068738,0.28573295,0.26452023,0.24203682,0.22056186,0.19869,0.1796671,0.15827975,0.13828425,0.12233362,0.10545268,0.09617975,0.08530123,0.08354948,0.08899807,0.09649396,0.11044251,0.12653601,0.14598286,0.16575447,0.18771443,0.20948398,0.23236983,0.25734857,0.28182042,0.305476,0.33153865,0.35637304,0.38019916,0.4067964,0.4291003,0.45658407,0.47692856,0.4968351,0.5160252,0.53245544,0.54939353,0.5652303,0.5797639,0.5916389,0.60212195,0.6101518,0.62060004,0.625309,0.63294905,0.6377814,0.6420812,0.6480539,0.6535829,0.0027430304,0.0028578923,0.0029890034,0.00303504,0.0031098917,0.0032464298,0.0032957955,0.003428715,0.0035056104,0.0035353554,0.003692316,0.0037724643,0.0038761594,0.0040290942,0.0041655255,0.0042658863,0.0044713686,0.004567962,0.0048033777,0.004881224,0.0049920743,0.0051308023,0.0053142537,0.0054174215,0.005871486,0.005960911,0.006029369,0.006086812,0.0062654186,0.006348493,0.0065252357,0.006661001,0.006938859,0.0071923076,0.007532746,0.008089144,0.008458091,0.008858427,0.009332316,0.009858042,0.010543778,0.011171945,0.011801387,0.012393808,0.012959337,0.013797708,0.014496579,0.015372618,0.015929963,0.01691589,0.017570293,0.01831786,0.01881784,0.019546812,0.019922728,0.020332258,0.020679066,0.020661054,0.020865643,0.02096814,0.020981824,0.021106886,0.021164192,0.02136551,0.021445509,0.021447463,0.021380266,0.021449989,0.021436963,0.021000227,0.020680102,0.019771889,0.019117411,0.018439647,0.017754983,0.017062886,0.01633747,0.015749708,0.015200316,0.014882944,0.014355398,0.013876495,0.013280666,0.012511138,0.0119169485,0.011111093,0.010102022,0.009088182,0.0081363395,0.0073907143,0.006747246,0.0062615518,0.0058155125,0.005482543,0.005288645,0.0051185563,0.0051822527,0.005189599,0.0051650265,0.005282282
Relaxed,0,2,5,0.74172825,0.72938097,0.7219789,0.7118582,0.7090951,0.70175976,0.6964192,0.69419503,0.68911505,0.68644655,0.68949556,0.6907125,0.6890167,0.69122726,0.68881077,0.6952628,0.6945752,0.6883559,0.68548614,0.6811273,0.67687905,0.66791016,0.6578034,0.6478908,0.63859886,0.62347007,0.6107894,0.59637433,0.58457285,0.5711279,0.5617287,0.5481371,0.53555816,0.5247137,0.5132611,0.50447035,0.49817237,0.48943105,0.47805032,0.47172824,0.46274045,0.45268577,0.44287056,0.43546414,0.4230993,0.4088264,0.39642286,0.3808335,0.36251894,0.34410396,0.32505876,0.30753908,0.28490973,0.26314038,0.24122673,0.21980932,0.1980946,0.1772546,0.15811066,0.1379973,0.12029584,0.10783638,0.093827486,0.08855168,0.08481675,0.08947037,0.099239044,0.112057246,0.12680322,0.1454317,0.16609497,0.18667226,0.20966873,0.23366597,0.25626174,0.2799613,0.3050854,0.32985052,0.3535383,0.3788722,0.40740088,0.42611602,0.4548975,0.47576398,0.49632528,0.5161002,0.5320209,0.5502876,0.56675035,0.5816974,0.5920211,0.6058507,0.6117411,0.62057865,0.62706846,0.6312456,0.63920647,0.6438067,0.64853656,0.6540997,0.0026344843,0.0028417027,0.002840793,0.0028699008,0.0029696794,0.0030749221,0.0031798598,0.003346059,0.0034479806,0.00354112,0.0037129077,0.0037513273,0.0038663489,0.0040349383,0.0042154063,0.004413373,0.0045853807,0.0046808016,0.0048044496,0.0049619796,0.005084018,0.0052916287,0.0054441425,0.005587661,0.005890083,0.005978624,0.0061113443,0.0061361818,0.006292747,0.0063199005,0.0065409048,0.0066588954,0.0069943564,0.0071545523,0.0075689973,0.007916769,0.008395542,0.008756482,0.009274844,0.009837195,0.010339374,0.010949687,0.01159888,0.012205919,0.01294879,0.013579336,0.014225247,0.014868843,0.015541016,0.016382996,0.017022634,0.017781416,0.018479649,0.018993877,0.019363228,0.019822314,0.02003132,0.020255193,0.020299347,0.020605914,0.0206487,0.020696973,0.02082226,0.020985307,0.021142816,0.021283168,0.021399781,0.021417895,0.021271346,0.020957211,0.020550478,0.019865558,0.019141857,0.018395444,0.017549023,0.016913272,0.016318329,0.015684204,0.015262763,0.014849064,0.01443443,0.013918736,0.013415309,0.01270408,0.011853582,0.011057562,0.010163308,0.00925581,0.008388424,0.00750605,0.006827993,0.0063670953,0.0059420983,0.0055861035,0.005343045,0.005253012,0.005284788,0.005342861,0.0053485082,0.005345068
Relaxed,0,3,5,0.74255913,0.72978294,0.72064865,0.7116997,0.70873845,0.701988,0.69568807,0.69359076,0.68950605,0.68736094,0.6891537,0.6911043,0.6913121,0.6914277,0.69195783,0.6929243,0.69394654,0.68904537,0.68773687,0.6818225,0.679149,0.66644716,0.6599422,0.64872146,0.63534373,0.6228359,0.61421263,0.5968129,0.5857021,0.572927,0.56084955,0.54716516,0.53556025,0.5229163,0.5139357,0.5072477,0.49768937,0.48851213,0.47962782,0.47284627,0.46334714,0.45331874,0.4443098,0.43399253,0.4238278,0.40869868,0.39796665,0.379186,0.3643353,0.34404683,0.32496768,0.30506316,0.2859412,0.2629096,0.24202214,0.21979482,0.19898777,0.17734145,0.1580895,0.13707475,0.1215676,0.10628219,0.09454655,0.08572845,0.08320195,0.08747916,0.099089466,0.110558,0.12836984,0.14557716,0.16605029,0.18699574,0.20992848,0.23290458,0.25634435,0.28179783,0.3052859,0.3298266,0.3558903,0.3808158,0.4068563,0.42857143,0.45504057,0.4756023,0.49388224,0.51637995,0.5293624,0.5499478,0.5643296,0.5807233,0.59191483,0.6032086,0.6116793,0.6221252,0.6271426,0.63290393,0.63614136,0.64149386,0.64791644,0.65587837,0.002819207,0.0029216413,0.0030476279,0.0031577374,0.0032443206,0.0032874832,0.0033713363,0.0035270865,0.003560237,0.003664713,0.0038077063,0.0038593002,0.004045379,0.00419656,0.0043685273,0.004512531,0.00458309,0.0047567855,0.004929442,0.0050891745,0.005232684,0.005433269,0.0055285613,0.0056760344,0.005884542,0.006058446,0.0061258874,0.006239452,0.006347059,0.006425783,0.00665101,0.006761311,0.006935996,0.007162898,0.0075855274,0.008091192,0.008490416,0.008955518,0.009442984,0.010083834,0.010637335,0.011257056,0.011893211,0.012571957,0.013287446,0.0139511395,0.0146055715,0.015195355,0.015965076,0.016777687,0.017528357,0.018369036,0.019073436,0.0198128,0.020113317,0.020431582,0.020539597,0.020777332,0.02096878,0.021062387,0.021242794,0.021313611,0.021481242,0.021681532,0.021683693,0.021768814,0.02182493,0.02185015,0.02169098,0.021437312,0.021115452,0.020483227,0.019732343,0.018890664,0.01810548,0.01738155,0.016765585,0.016070183,0.015542392,0.015111645,0.014680535,0.014147147,0.0136205265,0.012871579,0.011984291,0.0111891525,0.010224444,0.009367501,0.0083122365,0.007568636,0.006886223,0.006392669,0.005956234,0.005479688,0.005330663,0.0052432213,0.005157581,0.005246256,0.00530947,0.0052781594
Relaxed,0,4,5,0.74212563,0.7290132,0.7219948,0.7110909,0.707674,0.7013051,0.6951193,0.69246805,0.6910951,0.68945426,0.69064623,0.6902493,0.69118977,0.69140697,0.6918526,0.69387156,0.6944008,0.6893246,0.68843675,0.68030775,0.67796314,0.66889495,0.65918165,0.6488934,0.63481396,0.6226126,0.6124442,0.5967952,0.5865295,0.5716518,0.560137,0.54706013,0.53665584,0.52332586,0.5135487,0.503698,0.4995918,0.4886025,0.47840482,0.47200826,0.46308684,0.4536008,0.44465706,0.43383613,0.42243344,0.40876034,0.3954451,0.38109833,0.3642166,0.3438197,0.3224183,0.3064614,0.28509215,0.26336104,0.24100918,0.21990593,0.19868432,0.17739695,0.1578055,0.138368,0.122061335,0.10738907,0.095317736,0.08649786,0.08508093,0.088993326,0.09835182,0.11096051,0.12758978,0.143773,0.16396284,0.18614449,0.2084517,0.23158172,0.25634015,0.27994922,0.30384666,0.32963064,0.35436052,0.38019934,0.40736967,0.42980364,0.45577312,0.47507128,0.49539465,0.51532125,0.5332223,0.550665,0.56516874,0.58087474,0.5929006,0.6020252,0.61310524,0.62184453,0.62827545,0.6340939,0.6356233,0.6440945,0.6492407,0.65578,0.0027429042,0.0028218066,0.0029127835,0.0030193643,0.0030318322,0.0030970136,0.003243138,0.0032921887,0.003454143,0.003613561,0.0036193249,0.0037404906,0.004002062,0.0041024606,0.0043512853,0.0045155794,0.0047239163,0.0047956724,0.0050211065,0.0051587746,0.005245049,0.0054527656,0.0055736443,0.0057041994,0.006011003,0.0061532506,0.006274541,0.0063226256,0.0064792,0.0065217135,0.006756386,0.006859988,0.007133372,0.00733525,0.007712024,0.008050632,0.008555156,0.009004601,0.009503332,0.010022449,0.010702076,0.011312047,0.01206419,0.012737251,0.013364767,0.013962472,0.014627231,0.015324272,0.016055675,0.016826292,0.017586967,0.018311229,0.018965498,0.019588787,0.019984221,0.020377358,0.020532643,0.020665213,0.020785376,0.020922223,0.020932449,0.020995565,0.020976106,0.021188654,0.021405285,0.021488255,0.021605263,0.021534182,0.02146548,0.021194816,0.020791253,0.020125112,0.019363554,0.018671332,0.0177165,0.017038334,0.016357938,0.015774071,0.015154223,0.0148182735,0.014404738,0.013813328,0.013297531,0.012563099,0.01182596,0.011060156,0.010085136,0.009203217,0.008277919,0.0074559418,0.0067918226,0.00635229,0.005901397,0.0055260174,0.005324206,0.005336355,0.0053196945,0.0053472514,0.0053104945,0.005286557
Relaxed,0,5,5,0.7419373,0.73005,0.7225095,0.7116132,0.7076222,0.70315564,0.6978178,0.6920213,0.69098467,0.6895406,0.69374657,0.6917637,0.6912721,0.6920575,0.69218564,0.6942085,0.6937923,0.68887115,0.6886494,0.6808138,0.6764508,0.6693265,0.6591839,0.6486014,0.63539517,0.62427884,0.6116107,0.5985671,0.58576393,0.5715962,0.56044525,0.5498645,0.5361338,0.52380115,0.5139717,0.5054985,0.49772686,0.48625538,0.4781967,0.47067627,0.46269828,0.45264038,0.4440603,0.4343463,0.4235576,0.40894032,0.3968799,0.380557,0.36279202,0.34719086,0.3263807,0.30802244,0.28669807,0.2634227,0.24281858,0.22090536,0.19970423,0.17867,0.15809941,0.13746315,0.121179126,0.10606491,0.094621584,0.085739225,0.083846144,0.089669324,0.09794604,0.11077095,0.1280671,0.14622664,0.1669805,0.18725802,0.21077491,0.23372896,0.25726652,0.28104466,0.30651483,0.33002153,0.35472584,0.38182405,0.40660146,0.42882302,0.45431924,0.47610542,0.4947971,0.51421344,0.5316073,0.5489092,0.56427747,0.58054173,0.59184307,0.60552734,0.6088883,0.6218188,0.62695307,0.6298545,0.6391767,0.64512897,0.6463583,0.6557086,0.0027511185,0.0028594183,0.0030065272,0.0029853447,0.0030629109,0.0031909777,0.0032478722,0.0034372208,0.003431642,0.0035652956,0.0037271527,0.003823084,0.003977185,0.00408084,0.004275876,0.0044759065,0.0046150954,0.004747343,0.0049587796,0.005038585,0.005191835,0.005401438,0.0055773742,0.0058184057,0.006042098,0.006112716,0.006291926,0.006363349,0.006533436,0.0066697355,0.006794578,0.0069685564,0.007178106,0.0073792003,0.0077859564,0.0081402715,0.008566049,0.008974556,0.009443043,0.010113618,0.010719857,0.011337154,0.012084861,0.012757802,0.013400542,0.014063131,0.0147176245,0.015422921,0.016180042,0.016986296,0.01771423,0.018515125,0.01913696,0.019712985,0.020112017,0.020581877,0.020848759,0.020922815,0.021119168,0.021265645,0.021233352,0.02138086,0.021336557,0.021619473,0.021736538,0.021884931,0.021938635,0.021964794,0.021834686,0.021431468,0.021055836,0.020329425,0.019560477,0.018785607,0.017863749,0.0171058,0.016388172,0.0157385,0.015246773,0.014852577,0.014390699,0.01378411,0.013251426,0.0126076965,0.011810015,0.0109953405,0.010019834,0.00913576,0.0080758445,0.007443874,0.0067763166,0.006325364,0.0058274465,0.005547963,0.0053425063,0.0051916805,0.0052676885,0.0053907544,0.005329033,0.0053202524
Relaxed,0,6,5,0.7411271,0.7300631,0.72281545,0.7120532,0.7094436,0.70258284,0.69567585,0.69194543,0.6913524,0.6901116,0.69022584,0.6929929,0.69192356,0.6892048,0.6906757,0.69448215,0.6943593,0.6882683,0.6889809,0.679142,0.6779033,0.6673529,0.65986854,0.64929134,0.63468266,0.62388265,0.61214983,0.5956495,0.5846862,0.57128346,0.5582481,0.54627293,0.53719735,0.5249306,0.5155998,0.50279486,0.49986267,0.48761922,0.4800495,0.47248816,0.4626629,0.4528138,0.4425138,0.43494868,0.42204052,0.40995356,0.39576274,0.37945455,0.36148623,0.34643915,0.32562307,0.30638105,0.28549236,0.26416975,0.2417767,0.22040574,0.1985803,0.17761661,0.15858082,0.13831384,0.122019365,0.10738031,0.094780356,0.08589401,0.083274685,0.08931809,0.09735083,0.11164831,0.12618653,0.14510742,0.16635272,0.1867804,0.20970063,0.23356256,0.25678593,0.28149477,0.3054586,0.32933652,0.35434648,0.38039994,0.4054694,0.42494616,0.45598596,0.47667024,0.4968469,0.5164554,0.5323187,0.5515377,0.5664282,0.58012897,0.59212613,0.60626584,0.61364216,0.61982876,0.6282604,0.63095164,0.6370366,0.6404479,0.6464014,0.65342927,0.0026187897,0.002760627,0.0028268856,0.0028984621,0.0029524025,0.0030795038,0.0031617894,0.0032404852,0.0033839068,0.003498902,0.0036281738,0.0037443973,0.003936509,0.004048879,0.0041627996,0.004394111,0.0045438185,0.004633908,0.004841687,0.0050587566,0.005268033,0.005365989,0.005584611,0.005825995,0.0060460865,0.0062125707,0.0064085564,0.0064152833,0.006502923,0.0066258623,0.006886774,0.006940813,0.0072620027,0.007544615,0.0077823782,0.008280363,0.008683244,0.009033385,0.0096695535,0.010275452,0.010780118,0.011364223,0.012044458,0.012757483,0.013439644,0.014181256,0.014852853,0.0155655695,0.016348995,0.017090458,0.017832499,0.018629488,0.019330304,0.019888764,0.020295236,0.020682573,0.020884208,0.02094057,0.021141084,0.021235181,0.021344772,0.021397205,0.021440929,0.021595947,0.021769976,0.021870999,0.021955118,0.021887517,0.021782175,0.021417527,0.021111166,0.020375835,0.019493729,0.018743549,0.017871413,0.01718991,0.016395329,0.015759917,0.015204541,0.014816557,0.014354515,0.01375699,0.013211101,0.012539032,0.011735577,0.010906666,0.0100034,0.009055526,0.008129112,0.0072964383,0.006736339,0.006201736,0.005801171,0.005475033,0.0052291784,0.005126096,0.0051900777,0.0051925797,0.005204382,0.0052425917
Relaxed,0,7,5,0.7405405,0.7296411,0.7198151,0.7109216,0.7085426,0.70160216,0.69529295,0.6922671,0.68973863,0.6868769,0.68803847,0.6927833,0.6889878,0.6914198,0.690538,0.6928187,0.69291574,0.6874503,0.68881834,0.67894834,0.676608,0.6657275,0.65870416,0.6465897,0.63672477,0.62435126,0.6122664,0.5955368,0.58526087,0.57290393,0.5599116,0.54729396,0.5361542,0.5249207,0.5147289,0.50577897,0.49765322,0.48811504,0.47813013,0.47137317,0.46236566,0.45401597,0.44335645,0.43482137,0.42270827,0.41006353,0.3947064,0.38129964,0.36284044,0.34501952,0.32619482,0.30585775,0.28371271,0.26303086,0.24130513,0.22016911,0.19806321,0.17665203,0.15813471,0.13751014,0.121374525,0.10666001,0.09551259,0.08663126,0.08421316,0.08954003,0.10055012,0.111558735,0.12795989,0.14513655,0.16534673,0.18745868,0.20885138,0.23231773,0.2559161,0.28017858,0.30368045,0.3296356,0.3553272,0.3799628,0.4059371,0.4289294,0.45568043,0.4767843,0.49564034,0.5151316,0.5316987,0.5486219,0.5670611,0.579319,0.5914202,0.6052337,0.6121278,0.62099123,0.62735385,0.632102,0.6366836,0.64372057,0.64815056,0.6542086,0.0027222345,0.0028714065,0.0029442718,0.0030089843,0.0030740418,0.0031389939,0.0032844453,0.0033526113,0.0034584643,0.0035966327,0.0036387527,0.003815608,0.0039980295,0.0040783063,0.004191643,0.004388702,0.004573979,0.0046572047,0.004943892,0.0050019496,0.0052029234,0.00534742,0.005609889,0.0057155415,0.0059547215,0.006151662,0.0062581445,0.006262042,0.006424592,0.0065853624,0.0067251967,0.006879481,0.0070868395,0.007331137,0.007614591,0.008150798,0.008504873,0.008884559,0.009396772,0.00998761,0.010518639,0.011259726,0.011842639,0.012514833,0.01327358,0.013968704,0.01470462,0.015375345,0.01608455,0.01691082,0.0176206,0.018409008,0.019068694,0.019624636,0.020106386,0.020439895,0.020731937,0.020803763,0.021019185,0.021169009,0.021158298,0.021203343,0.02125993,0.021449307,0.021710446,0.02175722,0.02181402,0.021730004,0.021585053,0.021247191,0.02088254,0.020122822,0.019387735,0.018571662,0.017650273,0.016962511,0.016272034,0.015655499,0.015146253,0.0147088,0.014144687,0.01368442,0.013115704,0.012393276,0.011659635,0.010894531,0.009906254,0.008994012,0.008110294,0.007320484,0.0067082047,0.006220076,0.005814817,0.005499933,0.0052528684,0.0051522376,0.005168486,0.0052423165,0.0052503785,0.0052239266
Relaxed,0,8,5,0.7411971,0.72903293,0.72068065,0.7100644,0.7081191,0.7015054,0.6975885,0.6937452,0.68976295,0.68825185,0.6892433,0.6908396,0.6905087,0.69175166,0.6921044,0.6924111,0.69284153,0.6877543,0.68859196,0.6810391,0.6766961,0.6700361,0.6605239,0.6478826,0.6402371,0.62223804,0.6145357,0.5989893,0.5861341,0.57422775,0.5610544,0.5498084,0.53591,0.52607656,0.51398647,0.5058417,0.49984822,0.48900682,0.4812053,0.47363532,0.46383855,0.45504597,0.44496566,0.43524575,0.42361727,0.40999457,0.3972891,0.37956786,0.3645744,0.34484985,0.32544023,0.30550176,0.2852403,0.26331618,0.24140836,0.22000799,0.19807534,0.17762305,0.1573517,0.1384769,0.12194011,0.107597746,0.09549995,0.08671854,0.08315512,0.08921812,0.09684421,0.109587416,0.12658499,0.14588317,0.1644352,0.18731591,0.20853996,0.23121539,0.2558536,0.28009582,0.30435762,0.32918158,0.35491723,0.3792772,0.40500027,0.42697278,0.4542949,0.47631988,0.49542445,0.5148965,0.5337017,0.5489845,0.56509227,0.5803754,0.591254,0.6053425,0.6123057,0.6218471,0.6281291,0.631366,0.63924193,0.6441939,0.64647055,0.65566117,0.0027325316,0.0028417509,0.002945943,0.0029354142,0.0031118866,0.0031926285,0.0032439928,0.0033906067,0.0034661002,0.0036311974,0.0036811063,0.0038005838,0.0040054806,0.004159737,0.004291409,0.0043763947,0.0046320907,0.0047634155,0.004920807,0.0051406613,0.0053421874,0.005477142,0.0056618704,0.005837459,0.0060805944,0.0061923126,0.0063688043,0.006406393,0.0065047676,0.006643762,0.006773463,0.006878183,0.0071299286,0.007483119,0.0076691103,0.008100342,0.00841258,0.008955956,0.009427343,0.0100558745,0.010610315,0.011281789,0.011964012,0.012633628,0.013283974,0.013948202,0.01463323,0.015191696,0.016013477,0.016732123,0.017404675,0.018132286,0.018818147,0.019486805,0.019778991,0.020257354,0.020467184,0.02058718,0.020749891,0.020921895,0.021021644,0.021211743,0.021257384,0.021485943,0.02160671,0.021750964,0.021708505,0.021582603,0.02152412,0.021119494,0.020781213,0.01998571,0.019263465,0.018584358,0.01764246,0.0169534,0.016218882,0.015635103,0.0150482515,0.014737906,0.014324894,0.013654815,0.013154719,0.01252582,0.01177202,0.010907924,0.010022944,0.0090433415,0.008081375,0.0072729792,0.0067368494,0.0062695867,0.0058809314,0.0055285445,0.0052813757,0.0052601765,0.005234179,0.005317954,0.0052945674,0.0052920813
Relaxed,0,9,5,0.7416619,0.7302427,0.72175324,0.7110248,0.7082683,0.7019056,0.6956301,0.6917189,0.6905898,0.6880169,0.6895117,0.69205415,0.6901215,0.6917997,0.69117296,0.69241524,0.6933714,0.6877889,0.6884357,0.67848545,0.6783752,0.66540587,0.6595598,0.6488038,0.6365926,0.6237677,0.6128095,0.59646237,0.5841844,0.57243377,0.5591554,0.54637986,0.53700197,0.5254541,0.51485056,0.5061763,0.4982933,0.48872226,0.4793995,0.47051537,0.4625321,0.45504186,0.44331777,0.43468663,0.4222833,0.4094466,0.39560837,0.3806219,0.36300656,0.3446276,0.32469788,0.30806908,0.2833005,0.2640697,0.2416974,0.2196406,0.19887087,0.17734112,0.15752518,0.13777825,0.12289972,0.10680529,0.0943399,0.08905655,0.083516195,0.0901733,0.097888984,0.11118672,0.12704635,0.14498672,0.1660805,0.18672462,0.20892121,0.2320452,0.2565345,0.27925122,0.3047802,0.32926998,0.35461998,0.38019052,0.4066555,0.4267368,0.45593315,0.4760105,0.49646893,0.5149944,0.5322002,0.55052686,0.56543076,0.58094996,0.59143203,0.60201347,0.6116432,0.6202421,0.627255,0.6314619,0.63765496,0.64122283,0.64841723,0.6530157,0.0026456465,0.0027847537,0.0028758475,0.0029429295,0.0030493627,0.0031449546,0.003258975,0.0033858207,0.0034540226,0.0035484657,0.0036592185,0.0037846859,0.0039805663,0.0041646636,0.004317869,0.0044629187,0.004685014,0.004753394,0.0049578343,0.005095263,0.0052589234,0.005403868,0.0056356667,0.005717251,0.0059805918,0.006155542,0.006331052,0.0064164093,0.0064763734,0.006601453,0.0067343563,0.0069686873,0.007099567,0.0073782634,0.007776898,0.008193431,0.008557503,0.009041473,0.00954021,0.010091284,0.010624907,0.01139301,0.01199492,0.01264821,0.013309731,0.014087019,0.014804903,0.015408506,0.01620488,0.016914187,0.017670952,0.018427717,0.019062027,0.019559773,0.019985903,0.020373428,0.020535037,0.020746855,0.020971341,0.021113293,0.02113051,0.021169195,0.021209912,0.02139462,0.021587595,0.021756673,0.021779105,0.02169692,0.021524217,0.02122496,0.020768417,0.020045502,0.019268608,0.01847085,0.017649326,0.016907705,0.016212866,0.015628615,0.01514959,0.014724648,0.014231604,0.013716103,0.013100273,0.0125425365,0.01169287,0.010884562,0.009939783,0.0090303095,0.008077024,0.007332278,0.006669255,0.0061702016,0.005758939,0.0054233014,0.005186681,0.005129932,0.005158558,0.0051846947,0.0051429365,0.005181736
Relaxed,0,10,5,0.7418573,0.7307634,0.7220972,0.7117448,0.7092096,0.7023889,0.69559574,0.6918684,0.68937474,0.68763036,0.6920018,0.68782103,0.6896017,0.6898,0.690332,0.69126683,0.6932273,0.6875811,0.6858542,0.6798478,0.6767067,0.66422695,0.65842706,0.6480607,0.634639,0.6197348,0.6129418,0.59814847,0.5855785,0.5730127,0.55978924,0.5507105,0.5361901,0.5227277,0.5142476,0.50699127,0.49793217,0.48667207,0.47838002,0.47158766,0.46335807,0.45443156,0.44339812,0.4329936,0.42262638,0.4083278,0.39575648,0.3818528,0.36460745,0.34320444,0.3251352,0.30659258,0.28429627,0.26184756,0.24109624,0.21987365,0.19779001,0.17750657,0.15783693,0.13724671,0.12196829,0.10680371,0.09434272,0.087189116,0.08401309,0.089823425,0.09839986,0.1114116,0.12710021,0.14591883,0.16565903,0.18733943,0.2091175,0.23396164,0.255707,0.28001064,0.30466327,0.33072507,0.35402754,0.3786429,0.405151,0.42979425,0.4572877,0.47624645,0.49678695,0.51470387,0.5315021,0.55051935,0.56536645,0.58049136,0.5914777,0.6026286,0.6101575,0.62141436,0.62781996,0.63107127,0.63799685,0.6426101,0.646978,0.65482855,0.0027216699,0.0028692288,0.0029050554,0.0030116395,0.0031293237,0.0031907486,0.0032157751,0.0033844702,0.0034794707,0.003547034,0.0037221883,0.0037541054,0.003957729,0.0041557783,0.0042424826,0.004436097,0.0046050074,0.004802165,0.0048527834,0.0050556418,0.005198571,0.0054362332,0.0055683097,0.0057135075,0.005889023,0.006136828,0.0062463847,0.006318283,0.006436724,0.006529044,0.006635936,0.006864053,0.007082999,0.0073748576,0.0076137814,0.008093671,0.0084184585,0.008829914,0.009328806,0.010000429,0.010578001,0.011231596,0.011867638,0.012538522,0.013172031,0.013854699,0.014538177,0.015272653,0.016023949,0.01678762,0.017537968,0.018281065,0.018936198,0.01951375,0.020012496,0.020410499,0.020629266,0.020759335,0.020837696,0.021058172,0.021116748,0.021142906,0.021236088,0.021347696,0.021491552,0.021533014,0.021601737,0.02152663,0.021394992,0.021177232,0.020797199,0.02005707,0.019381536,0.018628739,0.017871082,0.017082589,0.016421268,0.015837472,0.015280727,0.014979101,0.01449891,0.013927866,0.013365296,0.012683082,0.011883759,0.011063213,0.0101650255,0.009190222,0.008232871,0.0074784816,0.00686104,0.0063650347,0.0059596654,0.0056758546,0.005447982,0.005325816,0.0054367543,0.005387339,0.0054160585,0.0053869383
Relaxed,0,11,5,0.7419985,0.73050416,0.72118783,0.7126822,0.70993215,0.7024611,0.69618624,0.69372135,0.6911276,0.68893236,0.6909482,0.69028336,0.6891287,0.6902329,0.6900242,0.69273734,0.69209594,0.68758345,0.6874749,0.6793931,0.67383593,0.66437256,0.65834683,0.64756435,0.6374019,0.6232883,0.611547,0.5961064,0.5840941,0.5730667,0.56123734,0.54927915,0.5362487,0.525119,0.5147973,0.50441706,0.5000495,0.4876548,0.47900707,0.4718559,0.46383116,0.45435417,0.44433734,0.43472773,0.42303303,0.4110139,0.3962272,0.3809111,0.36392277,0.3432624,0.3259914,0.30694833,0.28399867,0.2649046,0.24155432,0.22015224,0.19823223,0.1778377,0.15816613,0.13860248,0.12095102,0.10627295,0.09386949,0.08541833,0.0839971,0.08970119,0.09793091,0.11031357,0.12866284,0.14683242,0.16514342,0.18867345,0.21071973,0.23459393,0.25755167,0.28200564,0.30730033,0.33269358,0.35631266,0.3821479,0.40731868,0.4281206,0.45527127,0.4747614,0.4946639,0.513662,0.5314736,0.5490708,0.56546617,0.5800088,0.59082204,0.60402167,0.61214536,0.6208883,0.6272359,0.63142824,0.6383942,0.6423831,0.6452591,0.6559765,0.0026859955,0.0027842768,0.002882855,0.0029740264,0.003102032,0.0031428924,0.003255054,0.0033954638,0.0034649752,0.0036026984,0.0036401972,0.003864047,0.0039921924,0.0040817214,0.004283388,0.00449664,0.0046396516,0.0047579,0.0049023475,0.0050859954,0.0052032345,0.005338662,0.0055457414,0.005660491,0.005938139,0.005999453,0.006157345,0.0062780515,0.0063289194,0.0065630474,0.0067316256,0.0068528038,0.0069595585,0.0073263706,0.0075996784,0.008050532,0.008481731,0.008911841,0.00943658,0.0100172525,0.010612553,0.011233295,0.011853638,0.012558096,0.013254098,0.013956343,0.014640042,0.015268676,0.015948791,0.016767744,0.017512148,0.018289387,0.018998628,0.019464348,0.019935539,0.020372057,0.020623451,0.02073215,0.020900154,0.021108203,0.021173915,0.02122271,0.021270169,0.021462943,0.021595072,0.021741608,0.021755045,0.021820605,0.021626,0.021362476,0.020892605,0.020265458,0.01952764,0.018708834,0.017866967,0.017156178,0.01641575,0.015854342,0.01533708,0.014937916,0.014461042,0.013941432,0.01352453,0.012780116,0.011947002,0.0111476,0.010166138,0.009304481,0.0083540045,0.0075050322,0.0068570776,0.006335602,0.005993032,0.005646754,0.0053494577,0.005247715,0.005284461,0.0053535257,0.0053388528,0.0052945586
Relaxed,0,12,5,0.74147487,0.73008966,0.72090286,0.71150804,0.70878184,0.70251733,0.6982088,0.6948515,0.68923587,0.6870562,0.6925062,0.6893813,0.690452,0.69189316,0.689746,0.69308287,0.6918038,0.6878216,0.68699944,0.67942744,0.67678595,0.66763824,0.6567544,0.64715534,0.6340273,0.6212757,0.6127452,0.5970122,0.5840529,0.5713591,0.5606879,0.5502415,0.5363799,0.52644116,0.5142961,0.5082647,0.49793595,0.4886912,0.4799326,0.4718783,0.46424556,0.45312822,0.44316718,0.43538347,0.42303082,0.4090894,0.39579716,0.38053328,0.36227673,0.34533206,0.3259013,0.30600044,0.28588104,0.26383463,0.24120626,0.2209469,0.19829753,0.17739026,0.15775372,0.13701555,0.121309936,0.10494798,0.096566595,0.08503419,0.083451085,0.08912875,0.09838621,0.10998684,0.12824316,0.14670971,0.16602197,0.18753289,0.21011698,0.23326619,0.25650424,0.28094968,0.30560666,0.33109474,0.35634708,0.3795647,0.4062737,0.43085766,0.45511487,0.4769651,0.49591717,0.51395327,0.531375,0.5505951,0.5643964,0.5804213,0.5910731,0.60417676,0.60897905,0.621646,0.6255527,0.6335093,0.6361425,0.6413869,0.6460546,0.6535623,0.002730781,0.0027722933,0.0028959317,0.002956883,0.0030480209,0.003113199,0.0032319776,0.00335218,0.0034441329,0.0034516037,0.0036527263,0.0037328315,0.0039312346,0.0040709814,0.0041151,0.004328732,0.0044509233,0.0046714265,0.0049863127,0.005052222,0.005197114,0.0053419285,0.005485011,0.0056987386,0.005910417,0.0059923315,0.0061968183,0.006152768,0.0063703367,0.006444537,0.006672079,0.006837887,0.006984227,0.007253344,0.0075763445,0.008071446,0.008399452,0.008912451,0.009374029,0.009921685,0.010553713,0.0111294,0.011796405,0.012580688,0.013239933,0.013844267,0.014537151,0.015224672,0.015905812,0.016727874,0.017497689,0.018166125,0.018867513,0.019433726,0.0198639,0.020226218,0.020518133,0.020702323,0.02087786,0.020935684,0.021095565,0.021146728,0.021227077,0.02147096,0.021543661,0.02169614,0.021705087,0.021702658,0.02155194,0.021270065,0.020965023,0.020243198,0.019543836,0.018744102,0.017928649,0.017146777,0.016481819,0.015806124,0.015387982,0.014957301,0.014465652,0.014003595,0.013440715,0.012730888,0.011968132,0.011044534,0.010119394,0.009273293,0.008212503,0.007480116,0.0067912065,0.006354542,0.005875885,0.0055340095,0.005289884,0.005264971,0.0051593375,0.0053153546,0.0051798793,0.0052178362
Relaxed,0,13,5,0.74145174,0.7299285,0.7208302,0.712219,0.7099427,0.7026501,0.6979389,0.6925989,0.68977237,0.68941754,0.68957144,0.6923267,0.68991464,0.6921778,0.68863684,0.69299823,0.69349563,0.6883031,0.6859648,0.6783328,0.6765816,0.66370416,0.65773195,0.6486117,0.635145,0.6239691,0.6103937,0.5953901,0.5844908,0.57228696,0.5605262,0.5494292,0.53739625,0.5235113,0.51824296,0.5032316,0.49622267,0.48901212,0.47959423,0.47109288,0.4626391,0.45255372,0.44369698,0.4346751,0.42306015,0.40878078,0.3988203,0.3814796,0.36312124,0.34524792,0.32538775,0.30573785,0.28521347,0.2635931,0.24152775,0.22034751,0.19849363,0.17772745,0.15688522,0.13813604,0.12189638,0.10671339,0.094685495,0.08567224,0.08466326,0.08915744,0.09957912,0.11173714,0.12809625,0.1445122,0.16616149,0.18779853,0.20951368,0.23340835,0.2563796,0.28106025,0.3063754,0.33137628,0.35645154,0.38160038,0.40720606,0.42669797,0.4549609,0.47654167,0.49676085,0.5138507,0.53238475,0.54985833,0.5656096,0.58064234,0.5920099,0.6007393,0.611447,0.61839,0.62495977,0.6325825,0.6378118,0.64078206,0.6462962,0.6528008,0.002598538,0.0027404807,0.0028784021,0.0029348773,0.0030640997,0.0031538075,0.0032235782,0.003323154,0.0033421374,0.0034812873,0.0036247757,0.003757846,0.0038451967,0.0040571317,0.0040950556,0.004331457,0.004462871,0.0045874044,0.0048467205,0.0049493886,0.0051238826,0.005282359,0.0054177446,0.005554067,0.005797405,0.006049155,0.006222404,0.0061926926,0.00634436,0.006501099,0.0066825645,0.0068193856,0.0071097,0.007351059,0.0077872537,0.008132297,0.008537008,0.008941706,0.009396835,0.00994079,0.01053955,0.01113494,0.011899631,0.012515543,0.013179231,0.013838338,0.014550048,0.01520516,0.01587356,0.01659851,0.017417941,0.018116096,0.01874505,0.019303126,0.019692915,0.020160338,0.020345816,0.020531218,0.020624641,0.020857023,0.020960104,0.021040432,0.02104294,0.021252815,0.021325406,0.021504276,0.021552263,0.021564988,0.02139452,0.021120654,0.020758232,0.020117134,0.019430758,0.018651659,0.017882502,0.017184477,0.016466796,0.015863549,0.015360021,0.014968004,0.014508508,0.013951103,0.013496898,0.012706572,0.011909956,0.011048626,0.010111622,0.009215418,0.00825266,0.0074631576,0.0067985775,0.006357039,0.0059093153,0.0055018854,0.0053223334,0.0052499617,0.0053032557,0.0052988003,0.005334444,0.005278928
Relaxed,0,14,5,0.74332356,0.72949356,0.72138274,0.7126099,0.7086943,0.7025813,0.6972011,0.6936226,0.690509,0.68849367,0.6897584,0.69200265,0.6894539,0.69041145,0.6907046,0.69288534,0.69393015,0.6887128,0.68744946,0.67668283,0.67588663,0.66922516,0.65763426,0.6475913,0.6340993,0.62253755,0.6102263,0.59583783,0.58476746,0.5724964,0.5623203,0.5482867,0.5348532,0.5252559,0.51455337,0.5042592,0.4998579,0.48840445,0.4787324,0.47269624,0.46261656,0.4538046,0.44304717,0.4350214,0.42223072,0.40938202,0.3956996,0.38000843,0.36490807,0.34343448,0.3261819,0.30573472,0.28490555,0.26260993,0.24091671,0.21950205,0.19772078,0.17701147,0.15677367,0.13681838,0.121696465,0.10637891,0.09521084,0.086959004,0.08333395,0.09028961,0.098349504,0.11118639,0.12816608,0.14613417,0.16701595,0.18703333,0.21043299,0.23415707,0.25670612,0.2810038,0.30676082,0.3307479,0.35482553,0.3821934,0.4075814,0.42925167,0.45764312,0.4751438,0.49742967,0.51524234,0.53387976,0.549491,0.56424457,0.5796067,0.59078586,0.6054097,0.61039627,0.62086165,0.6245096,0.63418525,0.6352886,0.6401349,0.6471058,0.6546765,0.002601542,0.0026751186,0.0028114265,0.0028954085,0.0029242192,0.003054428,0.003149221,0.003252688,0.0033463603,0.0034330369,0.0035775164,0.0037427063,0.0037630817,0.003969985,0.004081024,0.0042752726,0.004451074,0.0045731463,0.004746714,0.004788105,0.0050104638,0.005201683,0.005239672,0.0054634786,0.005714983,0.00584054,0.0060191336,0.006080714,0.0062180995,0.0063451016,0.0065960633,0.006735906,0.006973747,0.007205412,0.007572566,0.008017259,0.008388777,0.008943102,0.00938,0.010036577,0.010574706,0.011203168,0.011849516,0.012603299,0.0132586965,0.013903353,0.014634811,0.015287834,0.015995918,0.016767964,0.017439112,0.018236479,0.018939726,0.019424995,0.01989331,0.020310264,0.020498438,0.020685077,0.020808537,0.020997409,0.021057049,0.02111403,0.021117035,0.021409664,0.02156876,0.021684397,0.021705773,0.021718161,0.02160915,0.021310603,0.020898316,0.020250348,0.019547494,0.018904941,0.018010942,0.01733725,0.016546786,0.015942598,0.015477073,0.015038976,0.014607279,0.014073696,0.013548259,0.012801482,0.012048017,0.0111865075,0.010251342,0.00925082,0.008279402,0.0074659586,0.0068218536,0.0063620824,0.0059099556,0.005593588,0.005338546,0.005256221,0.005190516,0.005268962,0.0052411854,0.0052282917
Relaxed,0,15,5,0.7414697,0.72931516,0.72147036,0.712194,0.70911443,0.7018197,0.6958179,0.69354504,0.6916468,0.68734294,0.6924797,0.6901516,0.68826383,0.6905673,0.68998384,0.6918128,0.69319016,0.68816483,0.68660057,0.678101,0.6769285,0.66466373,0.6588938,0.6480756,0.6344375,0.62213457,0.6108803,0.59523726,0.5843273,0.5716905,0.56049585,0.5499693,0.53654486,0.52493817,0.51517665,0.50426996,0.49847814,0.48833162,0.48024085,0.47199544,0.46247193,0.455176,0.44398433,0.4343617,0.42351374,0.40982282,0.39890155,0.38001105,0.3627136,0.3443443,0.32529357,0.30624723,0.28420463,0.2621031,0.24140012,0.21963987,0.19777827,0.17713378,0.15809293,0.13765284,0.12178372,0.106478415,0.093875885,0.08707333,0.08386975,0.08963496,0.097871125,0.112653986,0.12762196,0.14756326,0.16670114,0.1879632,0.20950295,0.2338781,0.25668722,0.2809735,0.30666557,0.33188066,0.35593688,0.38308427,0.40656236,0.42636645,0.45668378,0.47497508,0.4959676,0.51514083,0.53251845,0.550386,0.5658641,0.5813412,0.5905431,0.60458034,0.61375964,0.62022346,0.6271769,0.63522,0.6341736,0.64259654,0.6469182,0.652191,0.0025045157,0.0026391775,0.0027682171,0.002781209,0.0029047625,0.0029542998,0.0031156566,0.0032469037,0.003260613,0.0034053826,0.0035725324,0.0035907184,0.00376426,0.003971292,0.0040500155,0.00421826,0.0044113593,0.004525036,0.004725336,0.004927469,0.0050793467,0.00524607,0.0053753313,0.005595081,0.0058881,0.005973563,0.006225004,0.006183411,0.0063507617,0.006418834,0.0066675134,0.006755915,0.0070537156,0.007349034,0.0076509397,0.008148786,0.008547585,0.009033518,0.009523354,0.010153481,0.010618051,0.011353534,0.012029348,0.012645183,0.0132402405,0.013974947,0.014629463,0.015306805,0.015964132,0.016841047,0.017496279,0.018240258,0.018916825,0.019540498,0.019928824,0.020345956,0.020639261,0.020686226,0.020859031,0.021054642,0.021143483,0.02125474,0.021317646,0.021568786,0.021732708,0.02190881,0.0219825,0.021939432,0.021850245,0.02158106,0.02116901,0.020446187,0.019610364,0.018878229,0.017941646,0.017190907,0.01649727,0.015895413,0.015364272,0.014945207,0.0144439,0.013954964,0.013405837,0.012670858,0.011911861,0.011065183,0.010226549,0.009283745,0.008311297,0.0075374637,0.0069592507,0.00643838,0.0059880735,0.0055808257,0.0053604236,0.005286647,0.0053232,0.0053467276,0.0052867774,0.0052740793
Relaxed,0,16,5,0.74072057,0.7294314,0.72076863,0.7117459,0.70937026,0.7022568,0.6960235,0.6931032,0.68878806,0.6890511,0.68876696,0.69173515,0.69003576,0.6908657,0.68899834,0.69374424,0.6918756,0.6880447,0.689455,0.67819375,0.6777215,0.6673085,0.65943485,0.64787894,0.6373599,0.621355,0.6123065,0.5971468,0.58505994,0.57155854,0.55967516,0.54878443,0.5379988,0.5234894,0.51605815,0.5046288,0.500133,0.48844853,0.47812572,0.47083297,0.4635709,0.4533473,0.44405815,0.434477,0.42349327,0.40896738,0.39601642,0.37946555,0.36394423,0.3448924,0.32718036,0.30665326,0.28483504,0.26422247,0.24113111,0.22029816,0.1976948,0.17805457,0.1571966,0.13713335,0.12140916,0.10580833,0.096008234,0.08770146,0.084278025,0.09033075,0.09897531,0.110011816,0.12763467,0.14398494,0.16532679,0.18693694,0.20950726,0.23358493,0.25746483,0.2817746,0.3057578,0.33183953,0.35686406,0.38182622,0.40724134,0.43089238,0.45566738,0.47508237,0.4974645,0.51677954,0.5327972,0.5499872,0.56653756,0.57987976,0.5914055,0.6054761,0.613702,0.61942244,0.62584597,0.63281417,0.63670856,0.64084524,0.64665836,0.65306306,0.002610791,0.0027161036,0.0027009672,0.0028143327,0.002912294,0.0030057523,0.0030821098,0.0031787516,0.0032589787,0.003375436,0.0034800877,0.0035552909,0.003676791,0.0039241877,0.0039811707,0.00422332,0.0042875027,0.004527329,0.004660082,0.0047904328,0.0049636583,0.0050933296,0.0052492595,0.005477306,0.005676957,0.0058269547,0.006004968,0.0061020665,0.006187323,0.006312833,0.00654646,0.0066712815,0.006945964,0.007235198,0.0076098507,0.00800165,0.008505273,0.008931237,0.009522275,0.010114649,0.010682083,0.011250346,0.012039126,0.012633189,0.013370532,0.01402564,0.014752084,0.015384901,0.01616983,0.016956665,0.01776269,0.018523727,0.019182045,0.019667996,0.02020053,0.020607768,0.020882962,0.02098333,0.021006929,0.021227578,0.021196527,0.021303857,0.021432834,0.021690182,0.02184758,0.021927094,0.021957342,0.022054218,0.021834806,0.021602105,0.02116015,0.02047493,0.019697417,0.018906914,0.018008094,0.017232865,0.016491843,0.01589435,0.015383215,0.014962158,0.014462335,0.013909055,0.013441403,0.012750782,0.01191146,0.011187352,0.010197871,0.009322893,0.008303743,0.007589736,0.006932537,0.0064580296,0.0060219495,0.005601788,0.0053848457,0.005317229,0.005349497,0.005371483,0.0053598187,0.005304866
Relaxed,0,17,5,0.7410551,0.7295582,0.72171205,0.71143854,0.70857275,0.70233834,0.6984032,0.6926934,0.69125956,0.6877919,0.68888414,0.6906826,0.68949866,0.69181377,0.6891111,0.69231766,0.6925808,0.6878731,0.68794036,0.67728275,0.6774633,0.666582,0.65946275,0.6474709,0.63933194,0.62303746,0.6106057,0.5978261,0.58492243,0.5725331,0.5615043,0.54742295,0.5372236,0.5258698,0.5148466,0.5058517,0.499443,0.48723775,0.48012793,0.47408462,0.4626927,0.4549251,0.44468263,0.43413845,0.42216578,0.41123623,0.3944871,0.3781784,0.36562487,0.3440722,0.32487392,0.30767962,0.2847548,0.26187038,0.24122708,0.21932586,0.19777991,0.17763476,0.15771554,0.13751724,0.12046443,0.10724674,0.09458149,0.08775737,0.08329221,0.08900853,0.098761775,0.11225996,0.12781051,0.14478523,0.16548833,0.1888757,0.20997581,0.23422524,0.25769657,0.28158966,0.30578187,0.33184558,0.3559449,0.38167313,0.40720314,0.42739537,0.45500463,0.47616184,0.49654585,0.51436144,0.5328787,0.54975396,0.56401694,0.57993793,0.5916832,0.60282475,0.6108917,0.62222004,0.6268336,0.6323413,0.6351346,0.64216703,0.64656705,0.65422434,0.0025385702,0.00266425,0.0027113727,0.0028181332,0.002901209,0.0029795663,0.003156577,0.003204433,0.0033183508,0.0034054394,0.0035002711,0.0035823542,0.0037251865,0.0039064977,0.004064347,0.0041559967,0.004285893,0.0044930247,0.0046722325,0.0047771423,0.0050174505,0.0052007637,0.005317681,0.0054933745,0.005748922,0.005899545,0.0060995095,0.006131058,0.0062871473,0.006427161,0.00657661,0.006660545,0.00702103,0.0073571424,0.007659465,0.008090634,0.008524141,0.009084581,0.009515241,0.010202241,0.010726241,0.011421453,0.012033883,0.012662057,0.013385184,0.014074392,0.014810193,0.01540125,0.016158337,0.016971711,0.017723083,0.018590031,0.019205049,0.019774131,0.020211944,0.020630667,0.020871136,0.020988043,0.021165583,0.021336397,0.021390622,0.021407748,0.021483706,0.021709127,0.021856926,0.022004321,0.022016864,0.021964513,0.02187325,0.021570668,0.02112677,0.02047301,0.01963991,0.01893061,0.018083075,0.017312992,0.016557718,0.015982918,0.015472944,0.01505383,0.014562043,0.013978862,0.013464491,0.012755886,0.012028511,0.011210716,0.010225033,0.009375893,0.008381814,0.007576085,0.0069539407,0.006391212,0.0059624473,0.0056058886,0.0053886618,0.0053013866,0.005331388,0.0053908927,0.005312802,0.005291153
Relaxed,0,18,5,0.74139875,0.72908926,0.7215101,0.71197534,0.70834666,0.70219606,0.69607407,0.69123757,0.6896453,0.68978447,0.6883221,0.6900705,0.6893058,0.6908307,0.688337,0.69263494,0.69193137,0.68774134,0.6880744,0.67909795,0.67612344,0.66893405,0.65810686,0.6474442,0.6367928,0.62371254,0.6115512,0.5977962,0.58506995,0.57267624,0.5620075,0.54889804,0.53649265,0.52461475,0.5169192,0.50292885,0.5000135,0.48721623,0.48004523,0.47295585,0.46434423,0.45469528,0.44424728,0.43568316,0.42256737,0.4093507,0.39734837,0.3810621,0.36496532,0.34353045,0.32641304,0.30611217,0.28536496,0.26338476,0.24090442,0.21990888,0.19834474,0.17785323,0.1570025,0.13880685,0.122944,0.105811104,0.09566254,0.08534196,0.08303906,0.088454925,0.09788329,0.11120388,0.12760842,0.14625506,0.16649456,0.1867722,0.21037538,0.2334293,0.2580066,0.28131607,0.30697584,0.3317225,0.35572177,0.3819457,0.40920678,0.43003297,0.4553057,0.47706583,0.49708965,0.51571345,0.5333222,0.5504978,0.56595826,0.5802775,0.59193194,0.6039076,0.6093685,0.6211295,0.6261451,0.63398254,0.63823694,0.64233905,0.6478648,0.65250444,0.0026194595,0.0027650883,0.0028579189,0.002957014,0.0030413347,0.0031504033,0.0031994965,0.0032994011,0.0034156253,0.003464915,0.0036204602,0.003732786,0.003941065,0.0040741223,0.0041970694,0.0043263384,0.0044777934,0.0046437085,0.0047154888,0.004921918,0.0049802847,0.0051729344,0.005295979,0.005471928,0.005748798,0.005861981,0.0060171997,0.0060248612,0.0062745544,0.0063240924,0.006470553,0.0066889273,0.00689926,0.0072215656,0.0075028874,0.007982813,0.008493481,0.008970138,0.00948149,0.010179359,0.010706257,0.011415979,0.012116367,0.012725078,0.013432318,0.014117433,0.014907153,0.015553258,0.016254894,0.017026143,0.017840121,0.018625328,0.019286374,0.019820156,0.020262077,0.020770522,0.021037241,0.021223016,0.021336503,0.021527344,0.02151115,0.021566061,0.02173538,0.021984402,0.02210782,0.022200525,0.02220007,0.022151481,0.022025527,0.021619303,0.021175798,0.02049896,0.019697553,0.018925318,0.01795345,0.017248878,0.016524509,0.015897816,0.015370737,0.014908416,0.014467701,0.013881009,0.013286562,0.012600615,0.011909476,0.011094534,0.010223307,0.009278831,0.008300079,0.0075246496,0.0069406983,0.006425168,0.0060179573,0.005622001,0.0053789625,0.0052950787,0.0053055696,0.0053604012,0.0052755657,0.0053208736
Relaxed,0,19,5,0.7426903,0.729408,0.7213347,0.7112052,0.7097148,0.70201504,0.69666904,0.6923855,0.69001126,0.68783814,0.6896622,0.69257194,0.69026023,0.6919311,0.68965816,0.69306505,0.69296545,0.6870603,0.6853744,0.67899615,0.6765661,0.66596985,0.65840954,0.6481828,0.63540906,0.62046075,0.61222416,0.5975407,0.58404744,0.572015,0.561697,0.5464023,0.5357965,0.5254035,0.5155224,0.5028796,0.49845445,0.48746085,0.48001847,0.4717546,0.46226022,0.45448497,0.44389677,0.43567264,0.42299163,0.40872726,0.39721927,0.37996396,0.36261532,0.34527558,0.32604384,0.3066783,0.28574103,0.26446033,0.24244645,0.22047469,0.19854476,0.17797372,0.15766582,0.13821378,0.12362462,0.10703882,0.09372309,0.08733398,0.08425038,0.0887373,0.096715465,0.110650904,0.12803112,0.14499599,0.16542399,0.18831162,0.20918615,0.23320086,0.2582417,0.2823141,0.3059539,0.33179408,0.3566858,0.38097528,0.40786022,0.4293417,0.457543,0.4760324,0.49757162,0.5168935,0.5330807,0.5489281,0.5662053,0.58084416,0.59180945,0.6059103,0.6117269,0.6211475,0.62851447,0.6332305,0.6360031,0.6417854,0.64602065,0.6548586,0.0027620934,0.0028637522,0.002924132,0.002959581,0.003149226,0.0031637962,0.003304855,0.003413814,0.0035056816,0.0036451481,0.003736604,0.0038860475,0.0040102536,0.004179137,0.00430815,0.0044303616,0.0046132384,0.0047422433,0.0049691116,0.005035201,0.0052422546,0.0053988127,0.005517363,0.0057242857,0.0059493934,0.006050598,0.006217017,0.006282789,0.006366015,0.0065347184,0.006700289,0.0068517537,0.0070678466,0.0073748315,0.0077602626,0.008157806,0.008615399,0.009152811,0.009633217,0.010248778,0.010721112,0.01142797,0.012069658,0.012844745,0.013536223,0.014200064,0.014939664,0.015524301,0.016259436,0.0170946,0.017833073,0.018589241,0.019246442,0.019890424,0.020302176,0.020768747,0.020984627,0.021169107,0.021291167,0.021500014,0.021587223,0.021673063,0.021757264,0.022013977,0.022128355,0.022242254,0.022290708,0.022131776,0.022090772,0.021737115,0.021329856,0.020596744,0.019852001,0.019037735,0.01820711,0.01744836,0.016670637,0.016129026,0.015623138,0.015168569,0.014620124,0.0141178,0.013617727,0.01293428,0.012173146,0.011382983,0.010370235,0.009424681,0.00846989,0.007680906,0.0069269794,0.006438666,0.0060011013,0.0056315907,0.0054005953,0.0053057647,0.005240636,0.005295406,0.005219555,0.005218577
Relaxed,0,20,5,0.74245805,0.730752,0.722158,0.71136075,0.7084899,0.7020973,0.695219,0.69293576,0.6898472,0.6877708,0.69049156,0.69253963,0.68881226,0.6912386,0.6906242,0.6919004,0.6933703,0.68760264,0.6888509,0.6777317,0.6787088,0.66504145,0.6582932,0.6482493,0.63515526,0.62429094,0.6086474,0.59877115,0.5840074,0.57036626,0.55883557,0.5475355,0.5347686,0.5230189,0.5146415,0.50551635,0.49766544,0.48665762,0.48005503,0.47221705,0.4621605,0.45382378,0.4441173,0.43471578,0.42273992,0.4098117,0.39664942,0.3801446,0.3647156,0.34404397,0.32555076,0.30594552,0.28553408,0.26343226,0.2424057,0.22107379,0.19916421,0.17867903,0.15887146,0.13804017,0.1228577,0.1079545,0.09389575,0.087107345,0.08318434,0.08965799,0.09763468,0.11080628,0.12683041,0.14688113,0.16611806,0.18634732,0.2093297,0.2336801,0.2571103,0.28107575,0.3061882,0.33139735,0.35621756,0.38170937,0.40595344,0.42955285,0.45730463,0.47634935,0.49605697,0.5156309,0.5336484,0.5498162,0.5649695,0.5807464,0.59177077,0.60287154,0.6110091,0.6223617,0.6266408,0.63237363,0.63807696,0.6405549,0.6484953,0.65408975,0.0027450114,0.002851727,0.002945219,0.0030124837,0.0031790754,0.0031779397,0.003290497,0.0034241697,0.00355389,0.0036401579,0.0037388646,0.0038347286,0.0040274924,0.004209284,0.004240382,0.0044564176,0.0046116333,0.004787271,0.0049734665,0.005085236,0.005251189,0.0054374137,0.005566152,0.005741652,0.005954689,0.006135312,0.0061918483,0.006261907,0.006374732,0.0064122276,0.0067164046,0.0068018017,0.0070102904,0.007286499,0.0076413695,0.008082737,0.008499033,0.008990221,0.009555329,0.01011289,0.010645388,0.011374056,0.011993869,0.012694022,0.0134099955,0.014137082,0.014772653,0.0155227,0.016248329,0.017014317,0.017734272,0.018477537,0.019211952,0.019813307,0.02019021,0.02066686,0.020980973,0.021065725,0.021300282,0.02144378,0.021542551,0.021583524,0.021679297,0.021935647,0.022160402,0.022221869,0.022278734,0.022233015,0.022011751,0.021798527,0.02138565,0.020587211,0.01985623,0.019087346,0.01823833,0.017474717,0.01677328,0.016127896,0.015570514,0.015186594,0.014684746,0.014124774,0.013599811,0.012926753,0.012143028,0.011314701,0.010364513,0.009364709,0.008389564,0.007615723,0.0069172983,0.006361783,0.0059286915,0.00553987,0.0052206703,0.0052346457,0.005251997,0.0052153803,0.005207684,0.0051670843
Relaxed,0,21,5,0.7419364,0.7305397,0.7214855,0.71154386,0.70849377,0.7017661,0.6955044,0.6927949,0.6908566,0.6901699,0.68842554,0.692527,0.6896663,0.690319,0.6895421,0.6922621,0.6926077,0.68692476,0.6878427,0.681181,0.67627054,0.66698045,0.65747106,0.6474464,0.6342979,0.62405795,0.611283,0.59785825,0.5846868,0.5733507,0.5602297,0.54784966,0.53710186,0.523182,0.5162957,0.5038218,0.50120574,0.4883821,0.47842938,0.47073877,0.4617963,0.45415136,0.44357422,0.43456754,0.42265505,0.4084827,0.39653754,0.38066965,0.3653186,0.34552026,0.3234873,0.30717677,0.28654823,0.26401967,0.24154858,0.2202001,0.19906648,0.1777017,0.15817374,0.13915434,0.12089274,0.105897225,0.09505513,0.085803874,0.084293224,0.089038216,0.09969797,0.10967861,0.12830721,0.14593905,0.16611141,0.18745744,0.210099,0.23410396,0.25629702,0.28119442,0.30681363,0.33202934,0.35564822,0.3798801,0.4078588,0.42962718,0.45569742,0.4765699,0.4949943,0.51577926,0.5334779,0.5503204,0.56574464,0.5818147,0.5913572,0.6031597,0.6129121,0.6204495,0.62809473,0.6327669,0.6363953,0.64368033,0.6478042,0.6539494,0.0028117758,0.0028949585,0.0029803023,0.0030879953,0.003119652,0.0032489765,0.0033760262,0.0034718958,0.0036105684,0.0037223168,0.003751346,0.0039472715,0.003970965,0.0042020837,0.0043015075,0.0044784416,0.0046141045,0.0047059706,0.0049652667,0.005121702,0.005211815,0.0053225076,0.00545175,0.0056799483,0.005842037,0.006060542,0.0061975936,0.006221541,0.006334679,0.0064183557,0.0066858204,0.00680166,0.0070545375,0.007265948,0.0075931684,0.0081331795,0.008559314,0.008983456,0.009466626,0.010029591,0.010624705,0.011361468,0.012046872,0.012735779,0.013359083,0.014129144,0.014827367,0.015549628,0.016151747,0.017072985,0.017797902,0.018550063,0.019232213,0.019816864,0.020243566,0.02061909,0.020854425,0.021003122,0.02108451,0.021269213,0.021386515,0.021562899,0.021566793,0.021895254,0.022012884,0.022208823,0.022231648,0.022182165,0.02210922,0.021815712,0.021286046,0.02057377,0.01981489,0.019106178,0.018137729,0.017443873,0.016774086,0.016216818,0.015570692,0.015177192,0.014669663,0.014077395,0.013564714,0.012923288,0.012015654,0.011181125,0.010281954,0.009277302,0.008291184,0.007469149,0.006839557,0.006325273,0.005870688,0.0055268114,0.0052825944,0.0051693763,0.0052403756,0.00523683,0.0052295346,0.005279142
Relaxed,0,22,5,0.74320775,0.7297538,0.720726,0.7113757,0.70846784,0.70163983,0.69556624,0.69404554,0.690368,0.6878387,0.69225866,0.68939763,0.6896948,0.6907232,0.6907077,0.69258374,0.69360554,0.6879284,0.6857438,0.67653215,0.6764809,0.6678278,0.6576042,0.6480012,0.63505673,0.6236776,0.61136687,0.5968884,0.58485025,0.572588,0.5605572,0.5478981,0.5351274,0.5258508,0.51431763,0.5061437,0.49497527,0.48945877,0.47731063,0.47067007,0.4642959,0.4533574,0.44274595,0.43445697,0.42275178,0.40847823,0.39616793,0.38126045,0.36180213,0.34667486,0.32551107,0.30654952,0.28617382,0.26313764,0.24252895,0.22060934,0.19960034,0.17857073,0.15736988,0.13789783,0.1213805,0.107098855,0.09509583,0.08590297,0.08271426,0.08841202,0.09785282,0.1110353,0.12679851,0.14371353,0.16567175,0.18848409,0.21040565,0.23420411,0.25641966,0.2826777,0.30700642,0.33283684,0.35561106,0.3808771,0.41008535,0.43024436,0.45547238,0.47672814,0.4954338,0.51546603,0.53422576,0.5514829,0.5659611,0.5808733,0.591919,0.6048267,0.61163616,0.6222885,0.629641,0.63052666,0.6392582,0.6422519,0.6466275,0.6554274,0.0028026989,0.0029940442,0.0029392478,0.0030587206,0.0032467728,0.0032069453,0.0032775332,0.0035229858,0.0035841763,0.0036481884,0.0038051486,0.0038717694,0.0040235007,0.0041693905,0.0043543996,0.0044613793,0.0046422747,0.0048041875,0.004919319,0.0049952306,0.005136497,0.005332931,0.005414904,0.005608585,0.0058252797,0.0059352037,0.006114503,0.006084041,0.006260822,0.0064286445,0.00670752,0.006731897,0.007014207,0.0073682065,0.007686301,0.0081751365,0.008582896,0.009097415,0.009627816,0.01016273,0.010750185,0.011403852,0.0120818885,0.0127987005,0.013472217,0.014083562,0.01491091,0.015520042,0.016291477,0.017135944,0.01789854,0.018668802,0.01933415,0.01994281,0.020301815,0.02080897,0.021014465,0.021236276,0.02135608,0.021597952,0.021714225,0.021839004,0.021905648,0.022191681,0.022398079,0.022488719,0.022616278,0.022547461,0.022426914,0.022123937,0.021718657,0.020964852,0.020174947,0.019396512,0.018539052,0.01775532,0.01700093,0.016299708,0.015812816,0.01538435,0.014821612,0.014219858,0.013678805,0.012872022,0.011992236,0.0111761065,0.010195774,0.009215391,0.008225465,0.0074052904,0.006769922,0.006328755,0.005768239,0.0054566176,0.0052269106,0.005126781,0.00514543,0.005162864,0.0051563345,0.00515205
Relaxed,0,23,5,0.7419824,0.7293904,0.7212246,0.71147835,0.70875496,0.70153075,0.69477636,0.69336426,0.6896386,0.68948305,0.6893926,0.69112,0.6905042,0.6902097,0.6883024,0.6928965,0.69188017,0.6880843,0.68650794,0.6789467,0.6757446,0.66441584,0.6567885,0.64798355,0.6346821,0.6218091,0.6127095,0.59639597,0.58436084,0.5720314,0.5597881,0.549252,0.53659874,0.5245838,0.51689243,0.50579256,0.49910793,0.48735708,0.48054034,0.4706916,0.46303207,0.4549757,0.4440899,0.43334687,0.42404485,0.40959674,0.39627185,0.3805837,0.3645084,0.34418938,0.32634532,0.30717516,0.28520688,0.26282096,0.24185555,0.22096439,0.19879693,0.17739677,0.15727149,0.13845743,0.12184945,0.106968105,0.09384345,0.08736241,0.08487427,0.08880987,0.0977924,0.11094684,0.12750997,0.14511313,0.16602689,0.1879503,0.21059786,0.232694,0.25779346,0.28184056,0.30696705,0.33063614,0.35501042,0.38209307,0.4066161,0.43137988,0.4554593,0.47695982,0.49725196,0.516685,0.53300315,0.5504642,0.566582,0.58166045,0.59261054,0.60325164,0.61094546,0.62111205,0.6276217,0.6343368,0.63908243,0.6412148,0.64785075,0.6554017,0.002758879,0.0029067579,0.0029788897,0.0030321812,0.0031258138,0.003228816,0.0033276302,0.0034479601,0.0035683848,0.0036595499,0.0038108134,0.0039237975,0.0040581436,0.0041365162,0.004274689,0.0044627255,0.0046037976,0.0047266926,0.004968865,0.0050259875,0.0051477645,0.005274136,0.005404405,0.005668184,0.0057939216,0.0059943474,0.0060538645,0.006199399,0.0063168206,0.0063934806,0.0066147023,0.006816133,0.0070824013,0.007385986,0.0077355197,0.00817523,0.008612084,0.009083613,0.009607872,0.0101343235,0.010738213,0.011425809,0.012086522,0.0127116665,0.013501589,0.014154867,0.01488496,0.015553195,0.016249483,0.01705274,0.017878726,0.018617984,0.019220687,0.019828327,0.020231677,0.020684095,0.020905426,0.02115131,0.021273311,0.021527356,0.021658968,0.021746771,0.021790793,0.022047436,0.02229834,0.022431126,0.02250198,0.022468125,0.02230689,0.022072723,0.02167786,0.020890381,0.020176038,0.019290056,0.018513393,0.01768182,0.016903713,0.016320253,0.015689053,0.015317256,0.01477771,0.014203488,0.013516814,0.012919409,0.011998928,0.011218299,0.010136349,0.009243085,0.008281562,0.0073894914,0.006721475,0.0062155,0.005809716,0.005517795,0.0052949833,0.0051417565,0.005125117,0.0052029155,0.0052020904,0.005159346
Relaxed,0,24,5,0.74125046,0.72951674,0.7218981,0.71105754,0.70840394,0.7017721,0.69694734,0.69352895,0.6900162,0.687294,0.6888265,0.69273436,0.68921995,0.69089955,0.68896306,0.6920511,0.6927436,0.68797207,0.6868816,0.6755243,0.6756345,0.66763484,0.6572861,0.6463017,0.63789374,0.621628,0.6083335,0.5973022,0.5840309,0.5723816,0.5616754,0.54591525,0.53681517,0.52252126,0.516344,0.5055582,0.49890238,0.48958603,0.47964245,0.4725233,0.46238697,0.4547755,0.44307342,0.43482727,0.42381212,0.40983275,0.3947559,0.37975517,0.36000714,0.3445629,0.32463282,0.30712348,0.285243,0.2631347,0.24226986,0.22054146,0.19898476,0.17798841,0.15881371,0.1377949,0.12323327,0.10672111,0.095871426,0.08727579,0.08290993,0.08913266,0.0971993,0.110582136,0.12623446,0.14542457,0.16670246,0.18774834,0.20909214,0.23431835,0.2573786,0.2821847,0.3057985,0.33248955,0.3568999,0.38126335,0.40740404,0.42685527,0.45659414,0.47734287,0.4981104,0.5174266,0.5329672,0.5503009,0.5672084,0.5808265,0.5925505,0.60352427,0.61158264,0.6208705,0.62827617,0.63280904,0.6363936,0.6444964,0.647486,0.6554829,0.0027364097,0.0029389907,0.0030121356,0.0030636785,0.0032002355,0.0032063809,0.003241752,0.0033665488,0.0034730127,0.0035812142,0.0036930612,0.0038514126,0.003960913,0.0041418117,0.004232656,0.004351142,0.004515747,0.0046520224,0.004848965,0.0049601197,0.0050757835,0.005313377,0.0054003415,0.005464811,0.0057684556,0.0059217415,0.0060297023,0.0060596294,0.0061845044,0.006353038,0.0065571084,0.0066503095,0.0069311126,0.0072096162,0.0076602823,0.008081129,0.008524665,0.008948627,0.009523699,0.010063114,0.010671711,0.011294747,0.012021323,0.012743734,0.013412253,0.014095748,0.014838153,0.015588969,0.016259123,0.017043073,0.017833462,0.018520677,0.019200897,0.019862348,0.020295726,0.020647246,0.020896787,0.02104612,0.021151215,0.021392139,0.021467673,0.021529768,0.021611419,0.02179432,0.021988042,0.022082357,0.022158211,0.022151947,0.022051437,0.021779327,0.02139803,0.02071137,0.01994686,0.019104563,0.018315954,0.017525215,0.016794082,0.016219717,0.015646739,0.015265074,0.014683015,0.0141230915,0.013466155,0.012795633,0.011890502,0.011128464,0.010178436,0.00915205,0.008161879,0.0073272185,0.006769172,0.0061750384,0.0058085606,0.005452735,0.005292217,0.005241238,0.0052088117,0.0052144476,0.0052285534,0.0052307975
Relaxed,0,25,5,0.7427633,0.73035836,0.72266513,0.7116563,0.7085778,0.70172596,0.6971345,0.6948367,0.6908638,0.6880497,0.6900234,0.69373775,0.68760794,0.6912229,0.6908414,0.6919606,0.69276637,0.6873336,0.6876414,0.6776438,0.67826456,0.6677546,0.6581363,0.6477728,0.6357183,0.6210396,0.61116767,0.5970735,0.58401287,0.5704548,0.55961293,0.54704404,0.53564936,0.5259519,0.51547664,0.50438774,0.4960174,0.4878072,0.4809095,0.4708285,0.46319506,0.45391744,0.44315273,0.43514803,0.4226709,0.40799236,0.39758113,0.37795785,0.36441642,0.34370136,0.32646826,0.30589893,0.2851375,0.2649373,0.24248119,0.22094208,0.2001388,0.17913418,0.15821429,0.13818525,0.12275843,0.107384115,0.09394366,0.08590338,0.08358402,0.08805062,0.09719938,0.1099406,0.12805243,0.1457385,0.16668288,0.18719178,0.20982283,0.23505105,0.25671324,0.28196245,0.3078189,0.33295077,0.35621098,0.3824284,0.4066638,0.43074283,0.4589194,0.47653547,0.49681517,0.5170344,0.5330487,0.54911125,0.5659124,0.5817233,0.5928549,0.60406953,0.6148929,0.6226647,0.6250846,0.63467073,0.63787884,0.64093053,0.64863676,0.65455276,0.002600326,0.002731954,0.0028451344,0.0029684159,0.0030034883,0.003124549,0.0032557824,0.0034279127,0.0034413377,0.0035782186,0.003730892,0.0038771136,0.0039011373,0.004125645,0.0042109466,0.004363607,0.0045019346,0.004696741,0.004842238,0.0049843416,0.0051502804,0.0052016694,0.0053878874,0.0055238763,0.0056650806,0.00588236,0.0059904717,0.0060803643,0.0062664924,0.006317922,0.0065260823,0.0066940077,0.0069410745,0.0072485474,0.007646508,0.008126899,0.008556424,0.009101254,0.009564825,0.010131595,0.010792512,0.011453638,0.012161685,0.012832099,0.013486147,0.01424359,0.014981292,0.015609993,0.016331634,0.017217966,0.017962148,0.018747035,0.019360386,0.020000169,0.020450016,0.020826442,0.020991527,0.021167139,0.021295259,0.021512542,0.021571651,0.021615684,0.021728566,0.021950707,0.022129131,0.022283144,0.02235403,0.022279736,0.02214806,0.021831807,0.021375913,0.020731034,0.019968623,0.019288411,0.018376226,0.017665474,0.016868632,0.0163173,0.015719159,0.015291182,0.014751401,0.0142524205,0.013673043,0.012864042,0.01207842,0.0112526715,0.010309796,0.009290609,0.008353036,0.007577257,0.006927269,0.0063461536,0.005928231,0.0056196884,0.005400329,0.005295554,0.0053036176,0.0053626886,0.005279758,0.005297818
Relaxed,0,26,5,0.74198323,0.7306354,0.7208852,0.7117495,0.7087121,0.70204586,0.6959362,0.6942628,0.69042665,0.68795,0.69055754,0.6910026,0.6904979,0.69158083,0.6917024,0.69366825,0.69317734,0.68809426,0.6874938,0.6805356,0.67775166,0.66491646,0.6581692,0.6470543,0.63588995,0.6207843,0.6127887,0.59809536,0.58324105,0.571043,0.55944246,0.5480534,0.5362342,0.52322567,0.5158876,0.50429165,0.50058204,0.48661494,0.47895536,0.47184655,0.4624492,0.45409274,0.44345805,0.4353991,0.4219769,0.4089535,0.39583203,0.38034242,0.3639623,0.3453194,0.3242603,0.30663037,0.2859566,0.26446384,0.2427223,0.22103855,0.19981982,0.17858507,0.15894663,0.13864899,0.12159622,0.1068811,0.09576789,0.08642251,0.08313089,0.08777438,0.09830117,0.111062184,0.12801552,0.14667316,0.1658773,0.18954669,0.21015202,0.23461597,0.2584405,0.2829113,0.30612466,0.33371678,0.3568755,0.38282773,0.40842476,0.42911556,0.45643985,0.4772582,0.49742565,0.51502585,0.5326014,0.5504088,0.56636864,0.5806347,0.5906602,0.6032253,0.6100665,0.6199843,0.6258949,0.63418865,0.6389157,0.6412685,0.6477112,0.65507466,0.0026020505,0.002746786,0.0029163351,0.002918257,0.002986759,0.003161809,0.003192449,0.003352383,0.0034635477,0.0035907747,0.0037054098,0.0037430625,0.003956388,0.004105653,0.004196777,0.004496589,0.0045637367,0.0047100633,0.004882471,0.005019141,0.0051467405,0.005324471,0.0053832643,0.005530931,0.0058133136,0.0059625623,0.006121052,0.006145663,0.006280558,0.006395442,0.0066485526,0.006724649,0.007001972,0.0073453244,0.00768005,0.008091447,0.008494709,0.0090423925,0.009554887,0.010115872,0.0107655665,0.011454211,0.012165913,0.01285366,0.013456054,0.014237622,0.014928964,0.01557467,0.016306901,0.017122624,0.01786929,0.018623652,0.019380067,0.019950299,0.020270512,0.020709587,0.020948417,0.021099415,0.021300722,0.021492215,0.021509904,0.02166483,0.02164082,0.021952027,0.022100516,0.02221078,0.022224393,0.022175731,0.022020234,0.021697408,0.021362219,0.020600753,0.019878514,0.019073062,0.018152306,0.017509578,0.016691241,0.01613545,0.015548296,0.015095717,0.014643466,0.014061382,0.013466232,0.012806862,0.011989196,0.011102571,0.010101121,0.009235016,0.00832965,0.007476474,0.0067653917,0.0063597667,0.0059609376,0.005619128,0.0053811767,0.0052426513,0.00523077,0.005300939,0.005273799,0.0052922135
Relaxed,0,27,5,0.74147713,0.7297858,0.7203053,0.711094,0.7085738,0.7017667,0.6952981,0.6931615,0.69009876,0.6898895,0.68808126,0.69041276,0.6886376,0.69067097,0.6894187,0.6919586,0.6921896,0.6871374,0.6870852,0.6782185,0.6764092,0.66749394,0.6581457,0.6474146,0.6371577,0.6206926,0.6131735,0.59791344,0.5842452,0.57178843,0.55999494,0.54656583,0.53368455,0.5254233,0.5143962,0.50562453,0.50007814,0.48714185,0.4796925,0.4714976,0.4641631,0.45443693,0.44476336,0.43492806,0.4228474,0.40912518,0.3965088,0.38092354,0.36351904,0.34719646,0.3265926,0.3072134,0.28648916,0.26459643,0.24324727,0.22224207,0.20051947,0.17896286,0.15890269,0.13872494,0.12334071,0.10751662,0.0960367,0.085383825,0.083741024,0.0869966,0.09645495,0.110282876,0.12781066,0.14644687,0.16487618,0.18784928,0.20907333,0.23382716,0.25729698,0.281584,0.30703434,0.33156496,0.35591176,0.38222516,0.40862194,0.4293674,0.45771205,0.47807845,0.4978879,0.5163797,0.5342234,0.5506634,0.5673927,0.5815277,0.5922002,0.60520303,0.61372346,0.6208916,0.62628996,0.63403255,0.6381913,0.6422351,0.6472273,0.6532019,0.0026863902,0.0029192765,0.0029401027,0.003025574,0.0031443872,0.0031661086,0.0032576201,0.003400599,0.0034732476,0.0036641879,0.003780676,0.0037905255,0.003912087,0.004109132,0.0042412593,0.004424269,0.004532369,0.004698004,0.004931081,0.005081326,0.0053381473,0.005329979,0.005488069,0.0056576934,0.005841054,0.0060400288,0.006132181,0.0062254947,0.0063038743,0.0064680334,0.0065907743,0.0067929677,0.0070472807,0.0073906677,0.0077085975,0.008227083,0.008581685,0.00902648,0.009570074,0.010217366,0.010798322,0.011439125,0.012139686,0.012897376,0.01349514,0.0142040895,0.014952153,0.015601258,0.016351908,0.017128268,0.017913502,0.01869399,0.019409247,0.020014625,0.020372799,0.020780856,0.021128116,0.021208223,0.021408116,0.021553949,0.021668324,0.021841224,0.021838967,0.022123516,0.022370363,0.022464512,0.022548331,0.02240457,0.022295035,0.021974185,0.021604255,0.02085649,0.020113733,0.019336373,0.018409437,0.017644534,0.016882338,0.016323538,0.015836399,0.01535925,0.0148380445,0.014298337,0.0136377,0.012913921,0.012087931,0.011234433,0.010299621,0.009320031,0.008316363,0.0075512636,0.006881299,0.006385652,0.005875291,0.0054758964,0.0052797254,0.005183676,0.005198886,0.0052103205,0.0051683504,0.005256923
Relaxed,0,28,5,0.7411297,0.7288985,0.71991885,0.71091604,0.7061582,0.7011321,0.69282573,0.69249624,0.6903671,0.68882996,0.68887115,0.6901856,0.6894779,0.6903966,0.69065624,0.6924448,0.69341964,0.68757,0.6865069,0.6792392,0.67642856,0.6658728,0.6577781,0.6484578,0.63440603,0.6240251,0.6103768,0.5989128,0.58451647,0.5727449,0.5593064,0.5492134,0.53484875,0.5236276,0.51367694,0.50306016,0.49846298,0.48731643,0.47998038,0.47062433,0.4620553,0.45353025,0.4436092,0.43304133,0.42336583,0.40930974,0.39747187,0.37963733,0.3646148,0.34495017,0.3269564,0.30692634,0.28509238,0.26492047,0.24334303,0.22196935,0.20022692,0.18003447,0.15832403,0.13964517,0.12287045,0.10640461,0.0936676,0.085981816,0.0822876,0.08737246,0.09827953,0.109323844,0.12624525,0.14593634,0.16675569,0.18835646,0.2105681,0.23458388,0.25892037,0.282349,0.30798936,0.331851,0.3572318,0.38368893,0.40714398,0.43014002,0.45748246,0.4760588,0.49655968,0.51644796,0.531557,0.5497934,0.56463784,0.5818881,0.59236515,0.60322666,0.6093006,0.6209009,0.6267971,0.6343477,0.6389539,0.6399248,0.64865184,0.65334004,0.0027541658,0.002896538,0.0029767957,0.0030753042,0.0031397885,0.00327472,0.0032911815,0.0034159343,0.003584848,0.003640751,0.0037720096,0.0038715573,0.0040629082,0.004212486,0.0042742337,0.0045071184,0.004630275,0.004785162,0.0049221735,0.0049890433,0.005219274,0.00531782,0.005429401,0.0056327404,0.0058526653,0.0059909564,0.006107498,0.006217649,0.006331012,0.006471003,0.0065759798,0.006751828,0.0069352323,0.0073155486,0.007572716,0.008068873,0.008511809,0.008982765,0.009434957,0.010076508,0.0106700845,0.0113006625,0.011969665,0.012679641,0.01343006,0.014106697,0.014885762,0.015587448,0.01624318,0.01706204,0.0178777,0.018636303,0.01928926,0.019946974,0.02031657,0.020752028,0.021101354,0.021186858,0.02141217,0.021634659,0.021684296,0.021775594,0.021795578,0.022047732,0.022250656,0.022260716,0.022327295,0.022336062,0.022121936,0.021878554,0.021395907,0.02063848,0.01992924,0.019171095,0.018234294,0.01747778,0.016769001,0.01615794,0.015623384,0.015127601,0.01458235,0.014145856,0.013539461,0.012769255,0.011961615,0.011008978,0.010130449,0.00922763,0.008273137,0.007417956,0.0067835203,0.006172433,0.005811398,0.0054818382,0.005173868,0.005115044,0.005092852,0.005134439,0.005159296,0.0051549403
Relaxed,0,29,5,0.7411168,0.7288289,0.7206927,0.7105849,0.7070504,0.70073515,0.69442064,0.6920126,0.6895587,0.68766594,0.6926226,0.6890701,0.689897,0.69207066,0.69010913,0.69207215,0.6931331,0.688198,0.68691427,0.678722,0.6784877,0.6723869,0.6578598,0.64683026,0.63744503,0.62226784,0.61168826,0.59812874,0.585096,0.5725827,0.5590878,0.5480074,0.5363272,0.5223291,0.5145732,0.501976,0.50045997,0.4861552,0.47959492,0.47131574,0.462718,0.45287892,0.44395995,0.43499354,0.42293066,0.40948752,0.3981722,0.38102016,0.3632279,0.34637246,0.32687086,0.30617684,0.28511077,0.2655753,0.24247223,0.22114149,0.19929267,0.17848846,0.15957087,0.13874494,0.12213045,0.10603283,0.09374705,0.08650948,0.08429362,0.08686988,0.098175265,0.109831855,0.12626031,0.14608659,0.1664999,0.18698421,0.2098513,0.2345294,0.25820932,0.2834256,0.30703035,0.3336078,0.3570506,0.38374886,0.40885258,0.430706,0.45627064,0.47650343,0.49780127,0.51602846,0.53289235,0.5501711,0.56562895,0.58064634,0.5909083,0.6022391,0.61084586,0.62087244,0.6278219,0.63175666,0.6387849,0.6401823,0.6486036,0.6549206,0.0028674116,0.0028882723,0.0030533967,0.003144057,0.003227022,0.003249766,0.003333722,0.0034682131,0.0035328798,0.003698163,0.0038291998,0.0038601854,0.004094546,0.004234119,0.004357654,0.0044599143,0.004649252,0.0047568437,0.004930171,0.0050257714,0.0052779606,0.0052659344,0.0054371883,0.0055852663,0.0058179446,0.0059470097,0.0061433194,0.006152752,0.006328199,0.00644353,0.006609516,0.006688025,0.0069548697,0.007203752,0.0075352537,0.008055444,0.00839101,0.00890279,0.0094992975,0.010029502,0.010633026,0.011277729,0.011958823,0.012716553,0.01341258,0.014063363,0.014823321,0.015458428,0.016207777,0.017006822,0.01781312,0.01855399,0.01925793,0.01987812,0.020298542,0.020732604,0.020971272,0.021146696,0.021341475,0.021565458,0.021655304,0.021803094,0.021756893,0.022046383,0.02224243,0.022467034,0.022558158,0.022436721,0.022361025,0.022062095,0.021720786,0.02096372,0.020214973,0.01933563,0.018467931,0.017696302,0.016910858,0.016329994,0.015692713,0.01531786,0.0147195775,0.014113566,0.013632541,0.012839342,0.012013129,0.011227153,0.010227989,0.009295159,0.008269377,0.007442532,0.006728188,0.0062463777,0.005727321,0.005440628,0.0052203103,0.005198897,0.005152194,0.0051541463,0.005142043,0.0051504783
Relaxed,0,30,5,0.7414631,0.7296998,0.72091866,0.7118623,0.70823985,0.7026302,0.69717866,0.69402355,0.69002265,0.6863454,0.69128156,0.6894464,0.6897954,0.69102615,0.689626,0.69202024,0.6920138,0.68817127,0.68735933,0.6796495,0.677453,0.66944444,0.65863657,0.64805794,0.63372785,0.6233429,0.6123892,0.59575146,0.5837638,0.57273597,0.5607437,0.5472878,0.53739506,0.52405417,0.5147675,0.50625664,0.49694797,0.48758605,0.47850117,0.4725507,0.46330187,0.45483413,0.44396237,0.43447968,0.42237002,0.4095749,0.39516762,0.37939817,0.36219484,0.34593862,0.3255782,0.30641854,0.28569674,0.26345238,0.24126242,0.22006562,0.19810712,0.17800216,0.15863352,0.1378758,0.122730054,0.1053378,0.0956149,0.0848826,0.0839698,0.08888373,0.09786508,0.11095428,0.12817599,0.14714904,0.16470136,0.18819161,0.21067546,0.23417957,0.25703645,0.2815377,0.30673072,0.3311719,0.35632795,0.38094267,0.40792483,0.42987296,0.45546636,0.476838,0.49512336,0.5181,0.5336056,0.5491348,0.5655744,0.5795429,0.59178007,0.6058433,0.60931766,0.6209537,0.62703735,0.63171273,0.6333564,0.64189464,0.6483496,0.65317756,0.002896285,0.0030076485,0.0030901101,0.0031102055,0.003163805,0.003346742,0.003388923,0.0034832705,0.0036026277,0.003654349,0.0037967204,0.0039053245,0.0040695695,0.0042334637,0.004331722,0.0044485913,0.0045690346,0.004745913,0.0049798354,0.005077287,0.0052862624,0.0054454594,0.005519026,0.0057180747,0.005836689,0.00605265,0.0061434023,0.0061879954,0.0062857913,0.006433998,0.0065714843,0.006673815,0.0069315988,0.007204477,0.0075470665,0.008071754,0.008416556,0.008917184,0.009385167,0.010086219,0.01065874,0.0113396775,0.012029236,0.012686524,0.013436569,0.014102919,0.014791793,0.015457412,0.016230712,0.01703505,0.017807826,0.018589497,0.019321162,0.019836737,0.020314408,0.020707633,0.020975467,0.02114412,0.021339068,0.02163428,0.02162293,0.021806538,0.021828996,0.022031747,0.022236377,0.022358753,0.022422131,0.022352606,0.022223981,0.021904958,0.021512775,0.020764472,0.01995786,0.019148279,0.018297575,0.01752618,0.016848957,0.016205288,0.015613629,0.015202949,0.014648479,0.014161588,0.01365129,0.012914591,0.012071739,0.011274995,0.01028552,0.009283688,0.008381719,0.0074892803,0.006758762,0.0062926216,0.0058836793,0.00546945,0.0052456195,0.0051422603,0.0051603443,0.005206122,0.0051696165,0.005168252
Relaxed,0,31,5,0.7410095,0.72820497,0.72059834,0.7095553,0.7067962,0.70048016,0.6959131,0.6915308,0.6902408,0.6880456,0.689852,0.6903198,0.6891187,0.6893451,0.6889366,0.69418734,0.6934339,0.6884842,0.68892276,0.681797,0.6766981,0.67285955,0.65996355,0.64966106,0.63485813,0.62093925,0.61403966,0.59811395,0.585394,0.57286054,0.5621445,0.549754,0.53600055,0.52397555,0.5167665,0.5042197,0.5032766,0.48813245,0.47920004,0.47148597,0.46188578,0.45336494,0.4442906,0.43315977,0.42164803,0.4090812,0.39487275,0.37798697,0.36187688,0.34521946,0.32501292,0.30568507,0.28462487,0.26390806,0.24118762,0.22072664,0.19849344,0.1782358,0.15801296,0.13847604,0.12352901,0.10667946,0.09535432,0.08717308,0.0822154,0.08803921,0.097501,0.110344805,0.1270582,0.14489466,0.16517995,0.18848634,0.21001138,0.23347308,0.25899142,0.2824929,0.30647767,0.33092016,0.35624188,0.3833199,0.40866724,0.43163633,0.45664677,0.47655478,0.49703273,0.5162658,0.5349974,0.5502976,0.56651807,0.5808969,0.5924264,0.603077,0.6119351,0.6219391,0.62654674,0.63454247,0.63763463,0.64132404,0.6474492,0.65491545,0.0026062815,0.002818648,0.0028862297,0.0029274318,0.0030855825,0.0031224107,0.0031850103,0.0034010713,0.0034647682,0.0034895658,0.003684404,0.0038357219,0.003869522,0.0040156804,0.0041332967,0.0043809083,0.0045504984,0.004673697,0.0048028794,0.004940487,0.0051589822,0.0052761254,0.005445199,0.0055085053,0.005689082,0.005864663,0.005963606,0.0059666354,0.0061010933,0.0062504048,0.006474364,0.0065699327,0.006783893,0.0071413144,0.0074730585,0.007893947,0.008415145,0.008810989,0.009309748,0.009959614,0.010492934,0.011190105,0.011959477,0.012574414,0.013295965,0.014033478,0.01470268,0.0154254725,0.01618277,0.01701709,0.017712405,0.01855305,0.019262666,0.01978228,0.020129701,0.020591754,0.020779015,0.02090318,0.021092517,0.021220898,0.021293951,0.021339977,0.021438243,0.021652913,0.02186626,0.021984497,0.02200809,0.02190806,0.021871883,0.021563401,0.021246968,0.020545494,0.019837864,0.019080605,0.018252889,0.017473074,0.016757002,0.016141526,0.015627531,0.015182192,0.014640311,0.014105015,0.013511791,0.012781559,0.011977764,0.0112008285,0.010190594,0.009204704,0.008317452,0.0074565634,0.006807745,0.00628248,0.0059524933,0.00551612,0.005298652,0.005208572,0.00521142,0.005176742,0.005170388,0.0051013967
Relaxed,0,32,5,0.74044573,0.72929895,0.720733,0.7106096,0.7065656,0.70114434,0.6951267,0.69079083,0.6891709,0.6870106,0.6880385,0.69243795,0.6899785,0.690899,0.6926052,0.69162863,0.6935522,0.6882347,0.6874401,0.6799494,0.67602223,0.66979235,0.6596235,0.64889693,0.6368194,0.62387085,0.61160004,0.59857297,0.5854429,0.57247204,0.55888754,0.54741305,0.5365929,0.5237254,0.5144,0.50749433,0.49824682,0.48765978,0.47877082,0.4713333,0.4628748,0.45377025,0.44313082,0.4334741,0.42284888,0.40882054,0.39429316,0.37947586,0.36172247,0.3446689,0.3249517,0.30445275,0.2857671,0.2613889,0.24134031,0.22015156,0.1990927,0.1776389,0.15921119,0.1378786,0.12333897,0.107780434,0.09516854,0.08705673,0.08392849,0.09002916,0.0978799,0.11014258,0.12701693,0.14689624,0.16649173,0.18722798,0.20921509,0.2332626,0.25765982,0.2808915,0.30689028,0.32994515,0.35523543,0.38290906,0.40785784,0.4286083,0.45716685,0.47692418,0.49697524,0.5162891,0.5309862,0.54982805,0.5656797,0.57983,0.5922446,0.6057018,0.61156523,0.6210343,0.62838954,0.6314503,0.63775754,0.64225686,0.6485832,0.6549955,0.0027081545,0.0028010812,0.0029247247,0.0030548926,0.0031304106,0.003184954,0.0032456846,0.0033961579,0.0034809534,0.0035820017,0.0036690976,0.0038807185,0.00398931,0.004087779,0.0042883432,0.00436662,0.004514447,0.0046225814,0.004771639,0.0049472423,0.0050872182,0.005247414,0.0053536682,0.005481253,0.005687513,0.0058060465,0.005935674,0.0059997924,0.0061967066,0.0062758103,0.006404674,0.006602058,0.0068328036,0.0071414555,0.0074377004,0.007939005,0.008383922,0.008849863,0.009342336,0.009927731,0.010583436,0.011200259,0.011932241,0.0125913415,0.013296723,0.013925475,0.014706289,0.01549007,0.016075931,0.016893636,0.017763482,0.018479731,0.019164268,0.019742431,0.020236358,0.020606946,0.020880872,0.021068377,0.021190241,0.021340307,0.021419402,0.021609649,0.021627286,0.021901976,0.022051426,0.022146843,0.022178179,0.022194,0.022083037,0.021788815,0.021384092,0.0207286,0.019956522,0.019190365,0.018346507,0.017542243,0.016820937,0.016333483,0.015726913,0.015285274,0.014750817,0.014131431,0.01353215,0.012876369,0.012022169,0.011190489,0.010105706,0.009224383,0.008211391,0.007415824,0.0067605847,0.006204747,0.0057375957,0.005459423,0.005196908,0.005121091,0.005078369,0.005023741,0.005127271,0.005111658
Relaxed,0,33,5,0.7406184,0.7271761,0.7191502,0.70991266,0.70690036,0.7004716,0.6945659,0.6933147,0.6896317,0.6871821,0.69231844,0.6894619,0.68900436,0.6895218,0.6923031,0.69131243,0.6929147,0.6876533,0.6865906,0.679298,0.67587477,0.6649293,0.6593087,0.648139,0.6361375,0.62167114,0.60975796,0.59712905,0.5854574,0.57294077,0.55915546,0.54913074,0.536553,0.5242985,0.5133529,0.5058032,0.49650863,0.4903441,0.47977212,0.4723292,0.4623532,0.45285696,0.44324073,0.4337497,0.422496,0.40758365,0.39724287,0.37841734,0.36280036,0.34295908,0.32462925,0.30462915,0.2848962,0.26295352,0.24022943,0.22000219,0.19812283,0.17801514,0.15875596,0.13971148,0.12206749,0.10721933,0.0949377,0.08707096,0.08616509,0.08890823,0.099411555,0.111211285,0.12663828,0.1464712,0.16760537,0.18783599,0.21076207,0.23425628,0.25742665,0.28099683,0.30732659,0.33148906,0.3561996,0.38241875,0.40810013,0.42736822,0.45695594,0.47714198,0.49648422,0.51580924,0.5318297,0.5503659,0.565519,0.5808971,0.59151006,0.60343736,0.61166006,0.6217914,0.6284776,0.63167465,0.63905805,0.6408133,0.64876103,0.65372306,0.0028260408,0.0028974197,0.0029767351,0.003098237,0.0032238232,0.0032632214,0.0033597664,0.0035045997,0.003582783,0.0037143414,0.00387523,0.0039526713,0.0040606083,0.004204556,0.004374953,0.004451302,0.004589611,0.0047474084,0.004854033,0.004995641,0.0051218793,0.005259599,0.005329364,0.005508534,0.0057053124,0.0058489963,0.005967442,0.0059755538,0.0061821626,0.0062863557,0.0064818356,0.006632982,0.0069019594,0.007160091,0.0075198053,0.00799913,0.008442269,0.008895182,0.009388964,0.010063893,0.010589103,0.011236162,0.012025591,0.012685616,0.013351054,0.01404286,0.014831635,0.0154338535,0.016211025,0.01704325,0.017763102,0.018567722,0.019340964,0.019857561,0.020239271,0.020620698,0.021005746,0.02110669,0.021297533,0.021536555,0.021478567,0.021633519,0.021679362,0.021990685,0.022155581,0.022284552,0.022296825,0.022276085,0.02219403,0.021879435,0.021498239,0.02076259,0.019968668,0.019193504,0.018363874,0.017557846,0.016829496,0.016206931,0.015639573,0.015179866,0.014712979,0.01407192,0.013524091,0.012750016,0.01198631,0.011176013,0.010220576,0.009283313,0.008279257,0.007500487,0.006833583,0.006307866,0.00589817,0.0055284584,0.00532673,0.0052134884,0.0052739456,0.005243682,0.0052588666,0.0052505685
Relaxed,0,34,5,0.7400879,0.728447,0.719764,0.71051866,0.70605046,0.7003063,0.69307834,0.69124675,0.68769574,0.687983,0.6894556,0.68780303,0.6885533,0.69002885,0.69068396,0.69214594,0.694255,0.688024,0.6884808,0.6803744,0.6780513,0.66862696,0.6598134,0.64891046,0.635455,0.6244677,0.612658,0.59593576,0.5849753,0.5712989,0.560705,0.5495966,0.53745806,0.52408534,0.5150432,0.5038388,0.50093734,0.48735827,0.47800046,0.4704533,0.46228358,0.45391238,0.4432733,0.43338138,0.42285013,0.4082356,0.3961147,0.38035485,0.36231363,0.34478402,0.32468498,0.30723876,0.28426775,0.26442483,0.2416567,0.22037227,0.19903935,0.17847809,0.1585003,0.13957722,0.12189387,0.10619353,0.096899845,0.086558916,0.08339647,0.089317486,0.098849244,0.10950736,0.12746811,0.14591402,0.16499726,0.18766816,0.2085985,0.23310779,0.25812006,0.2810522,0.30681598,0.3324269,0.35680255,0.381335,0.4065277,0.4299625,0.4567273,0.47656912,0.49732625,0.5143866,0.5338975,0.5501301,0.5652897,0.5816045,0.59235376,0.6026759,0.610938,0.6211356,0.62672836,0.63236326,0.63794786,0.64427036,0.6470771,0.6552172,0.002711023,0.0028870655,0.0029153882,0.003044555,0.0030902394,0.0032083401,0.003275506,0.0034191825,0.0034267718,0.0035484817,0.0036625494,0.0037865213,0.0039138966,0.0040258714,0.0042329207,0.0043110726,0.0045835776,0.0046873996,0.0049446602,0.005044206,0.005187808,0.005367342,0.005482391,0.0056292685,0.005865284,0.006026977,0.0061103487,0.0061569023,0.0063439263,0.0064281127,0.006628309,0.006791516,0.0070389393,0.0073224627,0.0076226145,0.008084246,0.008578491,0.009003697,0.009497818,0.010069586,0.010627824,0.011347667,0.011953111,0.012659905,0.013445271,0.014070385,0.014836168,0.015445563,0.016163707,0.017050112,0.017870417,0.018587466,0.019245476,0.019866504,0.020291368,0.02065564,0.020975672,0.021103859,0.021336535,0.021581084,0.02161213,0.021786828,0.021873968,0.0220017,0.022241104,0.022390675,0.02248787,0.022415007,0.022272376,0.02196606,0.021569178,0.020920066,0.020207172,0.01934082,0.018538417,0.01777015,0.017052433,0.016462168,0.01588014,0.015375684,0.014814096,0.014228173,0.013622856,0.012960821,0.012146606,0.011269721,0.010278074,0.009330079,0.008222994,0.007400106,0.00685974,0.006311416,0.0058397586,0.0054812036,0.005210926,0.005148795,0.0051519508,0.0052365274,0.0051539186,0.0051639886
Relaxed,0,35,5,0.73986125,0.7286702,0.7196123,0.71007586,0.70565337,0.70003027,0.69534785,0.69146997,0.6899543,0.6870073,0.68974173,0.6901378,0.68921214,0.69178,0.68979293,0.6936539,0.69354105,0.6881253,0.6877597,0.6797811,0.6780433,0.6696954,0.6596442,0.6487217,0.63501096,0.6240766,0.61373895,0.5966782,0.58601886,0.57173395,0.5600457,0.5471159,0.53546256,0.5220889,0.5160513,0.5054214,0.49730924,0.48820323,0.47854242,0.47121084,0.46183494,0.45334068,0.44272804,0.4346574,0.4215351,0.40850523,0.39505565,0.37924218,0.3620787,0.34551704,0.32491863,0.30614093,0.28486446,0.2637731,0.24192776,0.2209548,0.19990286,0.17970525,0.15900484,0.13977297,0.12423189,0.10632396,0.097944856,0.08790237,0.08309496,0.090010546,0.096478775,0.10999241,0.12614165,0.14459984,0.16456461,0.18684842,0.208735,0.23449656,0.2560942,0.2816915,0.30610666,0.33163455,0.35586733,0.3802939,0.4080198,0.43152755,0.4568736,0.47829762,0.49780682,0.51500595,0.5354276,0.5517713,0.56716424,0.58160365,0.591752,0.6035133,0.60981077,0.62167567,0.6256503,0.6340353,0.6377166,0.6427923,0.6482622,0.6557815,0.00282924,0.0029488637,0.0030166113,0.0031092758,0.0031463127,0.0032569834,0.0033345122,0.0035077396,0.0035682775,0.0037001134,0.0037331048,0.0038686458,0.004062314,0.004193372,0.0042867786,0.004480162,0.004588754,0.0047824956,0.0048834197,0.0050249165,0.005150298,0.0053621223,0.0054664896,0.0055352137,0.005704534,0.0059184316,0.006093417,0.0060766423,0.0062206076,0.0063381004,0.0065137455,0.006604732,0.006897372,0.0071950215,0.007540133,0.0078871455,0.0083836,0.008833987,0.009407913,0.009936337,0.010478491,0.01119517,0.011829414,0.012604051,0.013278105,0.013961014,0.014679922,0.015304563,0.016067045,0.016870592,0.01756554,0.01834591,0.019073209,0.019686153,0.020005628,0.020369986,0.020727247,0.02090786,0.021095006,0.021220878,0.021411221,0.021426002,0.021682877,0.021898668,0.022137323,0.022229478,0.022105623,0.022020258,0.021935452,0.021633737,0.02127514,0.020596523,0.019903393,0.01915847,0.018308586,0.017569413,0.016759466,0.016160114,0.015600396,0.01516792,0.014504459,0.0141192805,0.013491232,0.012825284,0.012063051,0.011262569,0.010285804,0.009308424,0.008283517,0.007468272,0.006819579,0.0063107423,0.005889959,0.0055328174,0.0053407317,0.0051932763,0.005303106,0.005216554,0.0052905097,0.005297774
Relaxed,0,36,5,0.74040073,0.7285025,0.72073096,0.70972973,0.70594054,0.6999496,0.69435346,0.6907619,0.6895493,0.6884084,0.69014406,0.69020927,0.68789816,0.69081074,0.6899452,0.6921875,0.6927565,0.6882499,0.68661106,0.68004584,0.67805386,0.66526616,0.6581428,0.648086,0.6354412,0.62497944,0.61261654,0.5980235,0.58489835,0.57270765,0.56072116,0.5466845,0.5368265,0.5235107,0.5141499,0.5057006,0.49732396,0.48684996,0.47901106,0.47184774,0.46344268,0.4526703,0.44284192,0.43344578,0.42252496,0.40940374,0.39530632,0.3816701,0.36304224,0.34563255,0.32765257,0.3066817,0.28568366,0.26500273,0.24248345,0.2214193,0.2003407,0.17986189,0.15980478,0.14007527,0.122112855,0.10748809,0.094059445,0.08545079,0.08256528,0.08731176,0.097438544,0.10996689,0.12613696,0.14570802,0.16555442,0.18722922,0.2103145,0.23262139,0.25872582,0.28240144,0.30639088,0.33226842,0.35598484,0.38384843,0.40798923,0.4296219,0.45772153,0.47850007,0.49798742,0.51601225,0.53279436,0.55215,0.56579316,0.58035314,0.591597,0.6037809,0.6106872,0.62257165,0.6269417,0.63210124,0.6393533,0.6418378,0.648744,0.65409464,0.0026211294,0.0027478174,0.0028833682,0.0030312825,0.0031459788,0.0031473178,0.0032416189,0.0034487026,0.003479193,0.0035662823,0.0037847972,0.003867728,0.0039722538,0.0041855825,0.004260854,0.004362672,0.004568931,0.0047129258,0.0050209784,0.005154379,0.005293514,0.005445358,0.005573118,0.0057741683,0.0059194923,0.006135761,0.006221815,0.0062743495,0.00634966,0.006492188,0.00668622,0.0067785415,0.007018999,0.0073058996,0.0075675044,0.0080294935,0.008369247,0.008853507,0.009353306,0.0099327965,0.010579309,0.011208837,0.011878946,0.012546072,0.013290084,0.014029457,0.014714441,0.015466188,0.01618684,0.017028736,0.017788187,0.018570406,0.01925031,0.019940468,0.020272195,0.020739177,0.020984363,0.02108264,0.02129816,0.021475237,0.021552289,0.021698277,0.021671148,0.021965137,0.022137677,0.022213485,0.022277607,0.022188334,0.022027552,0.021811262,0.021307515,0.020665666,0.019885408,0.01909533,0.018270388,0.017506398,0.016730644,0.016120117,0.015653225,0.015232871,0.014693541,0.014119625,0.013609469,0.012891367,0.01207117,0.011249397,0.010293651,0.0093258545,0.008324385,0.007453798,0.006840763,0.0062607825,0.0058719493,0.0054648467,0.0052039563,0.005144673,0.0052038915,0.0052400525,0.005244922,0.005240572
Relaxed,0,37,5,0.7410236,0.72813964,0.7207869,0.7110669,0.7088949,0.7015596,0.69604975,0.6939517,0.68920004,0.68737644,0.6885067,0.6906727,0.6900759,0.69018644,0.691184,0.693881,0.69482434,0.68731743,0.6872586,0.67940855,0.6779429,0.6698073,0.65884286,0.64737874,0.6382925,0.62470794,0.61257297,0.5960853,0.5848955,0.57359684,0.5595215,0.5481146,0.535018,0.5237489,0.5132989,0.50515795,0.49840885,0.4870523,0.47663853,0.47204825,0.4625944,0.45324352,0.44329423,0.43241546,0.42227575,0.40927804,0.39620134,0.38011333,0.36245495,0.34489682,0.32735863,0.30687737,0.28620017,0.2652255,0.24272934,0.22166812,0.20008653,0.17951468,0.1605663,0.13971946,0.12363771,0.10631142,0.0964083,0.08750528,0.08260496,0.08818629,0.09710616,0.11003359,0.12694773,0.14503661,0.1649776,0.18781431,0.20966396,0.23442303,0.258105,0.28315145,0.30675846,0.33315524,0.3576492,0.38261178,0.40844816,0.43137422,0.45692718,0.47738603,0.49824426,0.5161361,0.53240305,0.5514715,0.5666404,0.58093446,0.5921693,0.6027975,0.6094591,0.621148,0.62601507,0.6328973,0.6349322,0.6423268,0.6476972,0.65419793,0.0027649642,0.0029289925,0.0030105284,0.0030772453,0.0031411683,0.00325937,0.0033782658,0.003447488,0.0035276716,0.0036860358,0.0037713929,0.0038654034,0.003999684,0.004143482,0.004344194,0.0044470206,0.0046532014,0.0047432184,0.004986511,0.005190568,0.0052930755,0.005443996,0.005526779,0.005693173,0.005934945,0.0060083186,0.006198654,0.006175249,0.006341522,0.0064280936,0.0065300637,0.006690328,0.0068533206,0.007204844,0.0074853487,0.00800274,0.008416842,0.008837143,0.009291528,0.009995767,0.01054604,0.011184909,0.011832012,0.0125943525,0.013279814,0.014009466,0.014665698,0.015373815,0.016117068,0.016978873,0.017789947,0.018561976,0.019165985,0.019850425,0.020260502,0.020637544,0.02095554,0.021134593,0.021190898,0.021404164,0.021520507,0.021475945,0.02156124,0.021872995,0.022040587,0.022153081,0.022216538,0.022148527,0.02207035,0.021726448,0.021270335,0.02062607,0.019859862,0.01901944,0.018146617,0.017351078,0.016582413,0.016060684,0.015490336,0.015020636,0.014571295,0.014035044,0.013444595,0.012737525,0.011883316,0.011124646,0.010180674,0.009218723,0.008202524,0.0074218055,0.006728368,0.00623829,0.0058315094,0.0054887612,0.005227113,0.0051641352,0.005090868,0.0052100737,0.0051809773,0.0051773433
Relaxed,0,38,5,0.74050313,0.7277537,0.7204337,0.7103135,0.7072869,0.70024717,0.6945866,0.6920206,0.6889183,0.68541276,0.6930212,0.68813443,0.68877006,0.6889759,0.69039476,0.6917703,0.6917212,0.68774855,0.6874543,0.6816663,0.674792,0.6680729,0.6591686,0.6480846,0.6363294,0.6238342,0.61190915,0.59595084,0.58469176,0.5725765,0.5604547,0.54781944,0.53577656,0.52500707,0.5145427,0.50526303,0.49711865,0.48914868,0.4788477,0.46995676,0.4615577,0.45321646,0.4440229,0.4338546,0.42218363,0.40852192,0.39569688,0.3805496,0.36264193,0.34689033,0.32677177,0.30724144,0.28667533,0.26563394,0.24369457,0.2219794,0.20048825,0.17933802,0.15983795,0.13909726,0.12290894,0.106996395,0.094993524,0.08688281,0.08351807,0.08764252,0.09798654,0.10877574,0.12725607,0.1439642,0.16534363,0.18641396,0.20943743,0.23387836,0.25747332,0.28270525,0.30794078,0.33242926,0.35756654,0.3812019,0.40776104,0.43134665,0.45879617,0.47744554,0.49666527,0.516176,0.53407055,0.5522454,0.5675029,0.5805373,0.5914254,0.60524696,0.6119321,0.6205947,0.62933207,0.6318945,0.63985926,0.641461,0.6472613,0.65419203,0.0026709768,0.0028141404,0.0029639828,0.0030509003,0.0031635365,0.0032716857,0.003342412,0.003528009,0.003525026,0.0037328112,0.003814605,0.0039775525,0.004074599,0.0041555883,0.004381575,0.0045047547,0.0046383673,0.004784284,0.0049336646,0.004995056,0.005174759,0.0053322674,0.00543313,0.0055722487,0.005811073,0.0059572924,0.00603105,0.006073435,0.0061549027,0.0062628267,0.006528672,0.00662289,0.0069103837,0.007204398,0.007553951,0.007930985,0.0083661275,0.008845045,0.0092721945,0.009865503,0.0104741175,0.011132197,0.011793914,0.012472347,0.01315308,0.013865043,0.01457956,0.015230057,0.015930448,0.016751936,0.017473763,0.01825528,0.01896965,0.019540694,0.019905532,0.020429272,0.020591851,0.020837912,0.02094414,0.021141982,0.021173734,0.0213022,0.021211764,0.02148186,0.021543322,0.021711124,0.021723354,0.021622486,0.021404445,0.021166895,0.020729113,0.020122925,0.019354103,0.018507782,0.017605025,0.016930057,0.016151026,0.015509302,0.015030162,0.014704308,0.014185482,0.013591197,0.013127881,0.012520888,0.011617753,0.010830726,0.0098482035,0.008943583,0.007966521,0.0072026895,0.0065226005,0.00604332,0.0055975756,0.0052338853,0.0050940528,0.0050374423,0.0050927065,0.005165223,0.0052118935,0.0050896388
Relaxed,0,39,5,0.7418435,0.72827125,0.72015387,0.70946556,0.7064118,0.70030963,0.695599,0.6910016,0.6880875,0.68646437,0.6901506,0.69009626,0.68976736,0.69129634,0.69135773,0.69066536,0.6928164,0.6870885,0.6880463,0.6794979,0.6767292,0.6702691,0.6587901,0.64903545,0.63473326,0.6240834,0.6120068,0.59632725,0.5852723,0.5715059,0.5614799,0.54844207,0.5368537,0.52352715,0.5154965,0.5028643,0.49932486,0.48646545,0.47950312,0.47060928,0.46375135,0.45305026,0.4428877,0.43360257,0.4226052,0.40909243,0.39554104,0.37945378,0.3654893,0.3438999,0.32657632,0.30785263,0.28609037,0.2654842,0.2423945,0.2212124,0.20035324,0.17999454,0.16047528,0.13943,0.12271017,0.107742675,0.09617738,0.08521347,0.082528494,0.087830774,0.09685795,0.109837435,0.12597878,0.14551434,0.16471803,0.18623431,0.20996502,0.23395751,0.2576728,0.28217757,0.30689186,0.33315244,0.3575466,0.3838939,0.4094521,0.43277165,0.4583459,0.4781009,0.4985651,0.5163166,0.5345107,0.55190885,0.56744385,0.5814057,0.5917979,0.60288835,0.61090565,0.62172556,0.62745553,0.6295349,0.63848436,0.64222157,0.6482378,0.65502065,0.0026187324,0.0027246163,0.0028193973,0.0029458997,0.0030481175,0.0031542797,0.0032585387,0.0032833065,0.0033775964,0.0035604362,0.0035978137,0.0037635367,0.003894965,0.004119633,0.0042333934,0.00432901,0.0045286845,0.004575115,0.0047609718,0.0048746294,0.0051240274,0.005232945,0.0052921516,0.0055053616,0.0056473673,0.005817117,0.005940491,0.0059851645,0.0061250716,0.006154933,0.0064339023,0.0065035857,0.0067691486,0.0070079276,0.007405746,0.0078086783,0.008199616,0.008680181,0.009164114,0.009870608,0.010445385,0.0111062005,0.011767247,0.012495225,0.013171375,0.013882299,0.014590829,0.015285449,0.016061166,0.016883729,0.017683972,0.018439379,0.019168181,0.019766886,0.02015171,0.020595895,0.020838719,0.021028843,0.021120325,0.021315355,0.021365104,0.021391874,0.021424634,0.021711575,0.021893036,0.021941386,0.021963112,0.02185913,0.021701694,0.021352252,0.020940047,0.020228906,0.019384107,0.018655792,0.017672455,0.017029107,0.016240364,0.015622931,0.015063005,0.014655129,0.014140966,0.013597502,0.013069803,0.012302481,0.011550015,0.010754168,0.009745208,0.00881156,0.007855104,0.0070653786,0.006414245,0.005874427,0.0055207075,0.0050960258,0.00495012,0.004939943,0.0049776933,0.0050303615,0.005050063,0.0050800745
Relaxed,0,40,5,0.74010295,0.7282401,0.71936303,0.70981234,0.70582896,0.7005425,0.6938163,0.68995833,0.6892264,0.6866647,0.6886387,0.68980587,0.6891338,0.6898232,0.68762845,0.69204485,0.69303805,0.68783194,0.68716866,0.67838967,0.6757635,0.66866237,0.6573837,0.64710724,0.63774484,0.6241551,0.61017174,0.59566677,0.5843721,0.57082224,0.562333,0.5487083,0.53515023,0.52573717,0.5140057,0.5069176,0.49758825,0.4854824,0.47910303,0.47026497,0.4626562,0.45305312,0.4414669,0.43471265,0.4233591,0.4092878,0.39524144,0.38181415,0.36352152,0.34443536,0.32682782,0.3068798,0.28438538,0.26516086,0.24278788,0.22151054,0.19982243,0.17866613,0.15909275,0.13979077,0.12226665,0.10742157,0.09478266,0.08822513,0.082748726,0.0879712,0.09881061,0.1094523,0.12751982,0.14267531,0.16533034,0.18823397,0.20988826,0.23491949,0.25797382,0.2822311,0.30732223,0.33142462,0.35690686,0.38435063,0.4118765,0.43030173,0.45597705,0.4780375,0.49659514,0.51507616,0.53270537,0.55130124,0.5664184,0.5814385,0.5925967,0.60212123,0.6100559,0.61933947,0.6279934,0.6325443,0.63622683,0.6402436,0.6472011,0.65346676,0.0027036848,0.002855621,0.0029475114,0.0030128658,0.0030610058,0.0031996637,0.003276226,0.0034451957,0.0035669229,0.003667195,0.0037785138,0.003915559,0.0040790243,0.0042068283,0.004327104,0.0044919597,0.004647543,0.004755453,0.0049003563,0.0050329384,0.0051571745,0.0053434093,0.0054455576,0.005596956,0.0057219584,0.0058717495,0.005995231,0.006062751,0.0061942087,0.006309068,0.006583449,0.0066265706,0.0068429722,0.0071628564,0.00742027,0.007913476,0.008346793,0.0088227475,0.009281819,0.009854302,0.010397543,0.011200145,0.011721234,0.0125192655,0.013181483,0.01388894,0.014678501,0.015331457,0.01603443,0.016863668,0.017607326,0.01838488,0.018977188,0.019630399,0.01993223,0.020414412,0.020684127,0.020803161,0.020990701,0.0211724,0.021167343,0.021296842,0.021265356,0.021499429,0.02165709,0.021665547,0.021723768,0.021671684,0.021453327,0.021179553,0.020744309,0.019951958,0.01915921,0.018340576,0.017537633,0.016785344,0.01598469,0.015437111,0.014868184,0.014308948,0.013766726,0.013141758,0.012572518,0.011990113,0.011082812,0.010325541,0.00933108,0.008492047,0.007566093,0.006781538,0.006104216,0.005683616,0.0052758623,0.004887732,0.0047596497,0.004761662,0.004807197,0.004900854,0.0048827836,0.004933285
Relaxed,0,41,5,0.7400899,0.7279089,0.7191144,0.7094926,0.70736605,0.69945145,0.6941066,0.6908073,0.690593,0.6862801,0.68990463,0.6894372,0.68929666,0.6899934,0.6911621,0.6921164,0.6916649,0.68779355,0.6876788,0.6783235,0.67765766,0.6693653,0.6595091,0.64819556,0.63423175,0.6212865,0.6109486,0.59685355,0.5849073,0.5711151,0.5610609,0.55102676,0.53552943,0.5238862,0.51494557,0.5061982,0.4970215,0.4875046,0.4783137,0.47098556,0.46237803,0.45379212,0.44288355,0.43349642,0.42283106,0.40812302,0.3943934,0.3811204,0.36416003,0.34271732,0.3258884,0.3061194,0.2851331,0.2642798,0.24176344,0.22102539,0.20053627,0.1794931,0.16067314,0.13948049,0.12402698,0.108875945,0.09558438,0.08776642,0.08224431,0.08802546,0.098234646,0.10950846,0.12548308,0.14579557,0.16490075,0.18553221,0.2092368,0.23346613,0.25783405,0.28173807,0.30774948,0.3320799,0.35733166,0.38284317,0.40922594,0.43135363,0.4568429,0.47834414,0.4991864,0.5171858,0.5354372,0.5508001,0.56666714,0.5821108,0.592574,0.6040006,0.6111025,0.6218918,0.6274868,0.6318017,0.638533,0.63885057,0.64763886,0.65465456,0.0026328196,0.002709551,0.002872956,0.00292197,0.002983409,0.0030377938,0.003201727,0.0033150103,0.003471286,0.003521478,0.0036998696,0.0037632165,0.0039468403,0.0041914633,0.0042466284,0.0044176024,0.004571608,0.004694558,0.004802079,0.0050216787,0.005193357,0.005251423,0.0054429336,0.005598724,0.005711269,0.0059114313,0.0059465114,0.0060336953,0.006175191,0.0062763686,0.006533785,0.006687546,0.0068678535,0.007209129,0.007433853,0.007972878,0.008368518,0.008898128,0.00930056,0.00990835,0.010490875,0.011130406,0.01184089,0.012480958,0.013239409,0.01391487,0.0145477485,0.015196744,0.01594412,0.01667898,0.017414492,0.018143395,0.018893959,0.019464878,0.019872006,0.020360755,0.020664776,0.020836325,0.020932103,0.021196092,0.021194216,0.02133048,0.021322237,0.021636156,0.021843752,0.021882707,0.021987893,0.0219275,0.021684876,0.021478252,0.021129543,0.020297995,0.019554457,0.01877746,0.017778242,0.017192604,0.016263606,0.015708005,0.015105111,0.014589181,0.014046644,0.013406139,0.012908612,0.012295543,0.011585931,0.010599167,0.009671676,0.008643286,0.0077893687,0.00700118,0.006254568,0.0058013294,0.005374112,0.0050996765,0.004879972,0.0047873976,0.0048307846,0.0048399554,0.0049253474,0.004958137
Relaxed,0,42,5,0.74009764,0.7277099,0.7205978,0.7112545,0.70811284,0.70145005,0.6973375,0.6911842,0.69033885,0.68791306,0.6922279,0.68909705,0.68866855,0.6908811,0.690394,0.6925259,0.6928405,0.6888329,0.6872777,0.6792262,0.6770938,0.66866547,0.6585652,0.6481689,0.6358698,0.6246424,0.6107137,0.59879965,0.5859677,0.57160324,0.56170946,0.55034244,0.53657925,0.5236015,0.51532525,0.5047333,0.49795392,0.48828545,0.47733,0.47184542,0.46172088,0.45234627,0.44258296,0.43284184,0.4223203,0.40804446,0.39532968,0.37949044,0.36328715,0.343242,0.32377923,0.30723348,0.28441665,0.26413915,0.24171193,0.22061172,0.19871412,0.17835051,0.15869878,0.14016907,0.12193886,0.10696344,0.09615634,0.08682277,0.08447071,0.08736661,0.098740734,0.11054323,0.1275032,0.14633074,0.16408372,0.1878451,0.20967914,0.23412167,0.2585046,0.2828328,0.30754858,0.33202276,0.35844523,0.38136336,0.4084193,0.43513077,0.45687288,0.47622108,0.49782023,0.51568025,0.5325326,0.5504373,0.5664446,0.5812679,0.5919622,0.6029353,0.6069661,0.6197701,0.6254215,0.6314711,0.6395195,0.6404548,0.6475169,0.6549845,0.002581379,0.0027410844,0.0028206748,0.0028649997,0.0030061335,0.0031144402,0.003183068,0.0032459672,0.0034399864,0.0035338146,0.003626645,0.0037920019,0.0038685824,0.004100737,0.0042199544,0.0043504513,0.0045480467,0.0046897675,0.004946205,0.005036812,0.005200265,0.005296704,0.0054546017,0.0055205175,0.0057387906,0.005908657,0.0060299207,0.006110464,0.006238105,0.0063276375,0.0065431143,0.0067015244,0.006886693,0.0071947975,0.007584091,0.008015288,0.008392974,0.008896337,0.009320589,0.009963391,0.010532256,0.011230596,0.011851312,0.01252835,0.013223567,0.013972088,0.014638072,0.015377493,0.016056575,0.016791454,0.017595205,0.018391738,0.018958956,0.019552415,0.019971903,0.020370906,0.020588893,0.020673145,0.02085548,0.021021187,0.02104062,0.021190535,0.021152603,0.02141593,0.021499483,0.02174209,0.02187131,0.021679774,0.021654643,0.021232966,0.020891255,0.020204693,0.019390041,0.01859641,0.017686794,0.016942527,0.01622636,0.015591648,0.015011712,0.014548893,0.01401306,0.013534835,0.012924552,0.012144827,0.011365005,0.0105684055,0.009536098,0.00860474,0.0076398957,0.0068472316,0.0062765023,0.0057459967,0.005311874,0.0050045243,0.0048026484,0.004754116,0.0048071872,0.0048151664,0.004880705,0.0049294457
Relaxed,0,43,5,0.74115473,0.7292021,0.72161996,0.7104725,0.7075259,0.70180464,0.6966428,0.69293576,0.68860966,0.688372,0.69246143,0.69057184,0.69038737,0.69165915,0.6908561,0.69359577,0.6931531,0.6883757,0.6854815,0.6780158,0.67799574,0.666947,0.66016686,0.6473728,0.6351148,0.6214785,0.61174095,0.5968288,0.5846291,0.57120705,0.56053793,0.5477382,0.536396,0.52525365,0.5138157,0.50625014,0.4956934,0.48774952,0.47832856,0.47106758,0.46367568,0.4538597,0.44204608,0.43450755,0.42102182,0.40770867,0.39547145,0.37949952,0.36205322,0.345566,0.3250247,0.30533257,0.28570935,0.26458237,0.24225347,0.2209093,0.1995476,0.17906916,0.16018385,0.13887228,0.12252938,0.1060418,0.09540575,0.08720294,0.0838983,0.08905256,0.09712335,0.10943171,0.12732051,0.14499249,0.16510853,0.18705443,0.20967355,0.23430757,0.25774112,0.283292,0.30658826,0.3332847,0.35794586,0.38235566,0.40952262,0.42974547,0.4586163,0.4779324,0.49674165,0.5170444,0.5331649,0.5503227,0.56568336,0.5808186,0.59186697,0.605023,0.60915285,0.62112725,0.6250623,0.6334696,0.6383917,0.64122754,0.6467549,0.6546627,0.0025610463,0.0026703882,0.00281721,0.002830379,0.0029926267,0.0031288269,0.003186394,0.0033561778,0.0034365123,0.0035537432,0.0036626034,0.0038547534,0.0039655194,0.004101926,0.0042280415,0.004433767,0.0045826505,0.004684364,0.0048704133,0.004933121,0.005183451,0.005314659,0.005438215,0.0056370106,0.0057941913,0.005963926,0.0060747564,0.0060717035,0.0062840674,0.0062699653,0.0065315957,0.0066909785,0.0069310786,0.0071658636,0.007513031,0.007990969,0.008412796,0.008882899,0.009420322,0.010104699,0.0105521735,0.011224324,0.011881203,0.012702099,0.013351768,0.014018178,0.01478433,0.015481249,0.01615122,0.017012466,0.017756315,0.018460017,0.019153921,0.01975785,0.020159632,0.020573728,0.020816421,0.020936241,0.021029262,0.02122571,0.021267863,0.021356398,0.021360336,0.021623913,0.021719443,0.021875596,0.021897422,0.021861741,0.021728164,0.02147475,0.021002809,0.020288188,0.019583877,0.018714404,0.017813636,0.017081149,0.01634668,0.015697567,0.015179127,0.014622849,0.014202878,0.013610071,0.0130497,0.012307689,0.011532848,0.01074154,0.00977632,0.008760049,0.007826053,0.006960436,0.006404501,0.005940983,0.0055440613,0.005140118,0.0049583255,0.0048320037,0.0048674406,0.0049270857,0.0050091357,0.004915623
Relaxed,0,44,5,0.7424263,0.7295287,0.7197932,0.7110122,0.70790356,0.7015028,0.69646955,0.6921747,0.69004965,0.68682384,0.6898414,0.6911323,0.68940145,0.6913106,0.68878007,0.6945265,0.6928044,0.68821645,0.6880901,0.68139505,0.67687225,0.6651317,0.6590066,0.64838094,0.63617486,0.6235973,0.61153996,0.5975698,0.58445984,0.5711099,0.5620226,0.5461065,0.53561604,0.52386594,0.5166437,0.5029949,0.4990238,0.48583904,0.47955167,0.47142798,0.4628465,0.45364186,0.44238544,0.4334797,0.42269418,0.4090404,0.39504212,0.37933663,0.36184627,0.34454876,0.32538468,0.3054205,0.2846486,0.26351902,0.24212268,0.22041428,0.1992265,0.17912361,0.15930076,0.13961038,0.12330901,0.107520096,0.0951127,0.08916573,0.08343301,0.08892817,0.09737506,0.110682815,0.12648486,0.14526013,0.16645533,0.1874552,0.20984647,0.23383969,0.25716037,0.28273678,0.3073489,0.33312586,0.3588006,0.38103852,0.40873355,0.43088898,0.45463258,0.4773936,0.4964625,0.51591814,0.5334429,0.5505599,0.56776905,0.5809335,0.5929778,0.605675,0.6118801,0.6230411,0.627005,0.6339614,0.6372555,0.6412191,0.6474673,0.65400976,0.002586411,0.0027937677,0.0028711907,0.00291734,0.0030891038,0.003144904,0.0033113172,0.0034537395,0.0035119161,0.0036205004,0.0038006704,0.0038631468,0.0040250327,0.0042157276,0.0043039033,0.0045124106,0.0046307063,0.004793669,0.004976154,0.005114924,0.005206695,0.005355351,0.0054448396,0.005635022,0.0058038696,0.005965721,0.006102185,0.0061234073,0.0062478236,0.006268396,0.006502429,0.0066917683,0.00693548,0.0072378484,0.0075335028,0.007970592,0.008286324,0.008823725,0.009297513,0.00997836,0.010540688,0.011264652,0.011884798,0.0125479605,0.013381328,0.014022456,0.014796365,0.015419363,0.016134232,0.017025165,0.017738849,0.01841856,0.01905789,0.019740436,0.020148773,0.020554839,0.020793922,0.020953447,0.021056568,0.021171262,0.021180717,0.021344246,0.021341924,0.021559898,0.021713382,0.021883536,0.021876082,0.021907296,0.02169992,0.0214737,0.02106466,0.020410338,0.019589668,0.018740838,0.017798021,0.01704907,0.016375996,0.015790783,0.0152694825,0.014755619,0.014261624,0.0136929015,0.013110568,0.012490664,0.011626123,0.010858365,0.009899495,0.0089614205,0.008050934,0.0072065084,0.006502178,0.006104201,0.0056885006,0.0052900184,0.0050624167,0.0049828463,0.0049760225,0.0049847765,0.005026063,0.0050050807
Relaxed,0,45,5,0.74186563,0.7302877,0.72037834,0.7122708,0.7082067,0.70268273,0.69505095,0.69163173,0.69150275,0.69093055,0.6912233,0.6930383,0.6890986,0.6909063,0.69014347,0.69255644,0.693221,0.6881317,0.6857038,0.6796909,0.67478615,0.6685666,0.6560773,0.6459312,0.63731885,0.62299556,0.6111524,0.5988392,0.5854516,0.57231057,0.5592099,0.5471504,0.535564,0.5251509,0.5140574,0.50415367,0.4977771,0.4869335,0.47831205,0.46958745,0.4630581,0.45327833,0.44177663,0.4334483,0.42201614,0.40820637,0.39549357,0.37826535,0.36076543,0.34480488,0.32406843,0.3047539,0.28469935,0.26341417,0.24167825,0.2204013,0.19874991,0.17885785,0.15833624,0.13974616,0.12282996,0.10808533,0.096405655,0.086682834,0.085243,0.08940129,0.09781944,0.11002936,0.12732878,0.14577821,0.16500832,0.18773864,0.20909078,0.23416491,0.2566563,0.2810179,0.30644155,0.3307908,0.3554243,0.3819845,0.4068131,0.42916334,0.45812023,0.47819826,0.49615824,0.51609707,0.5330949,0.5504027,0.56685245,0.5809244,0.591113,0.6042263,0.6105302,0.6197179,0.62736076,0.6316936,0.6374144,0.6429008,0.6474905,0.65522915,0.0026110657,0.00274727,0.0028257256,0.002901813,0.0029990412,0.0030812337,0.0031800382,0.0032791412,0.0035289847,0.0035536597,0.0037345714,0.0038999084,0.0039725164,0.0041771834,0.004319072,0.004559517,0.004772814,0.004846429,0.0050581573,0.0052779093,0.0054321624,0.0055244346,0.005603506,0.005710658,0.006009734,0.0060939784,0.0061994907,0.0062590437,0.0064282413,0.006535492,0.006667282,0.0067939875,0.0070117894,0.0073576085,0.0077238716,0.008091423,0.008441446,0.008932795,0.009512632,0.010114761,0.010684738,0.011279043,0.011944548,0.0126951495,0.013313493,0.014026064,0.014725782,0.015375866,0.016101394,0.0169116,0.017710513,0.018423785,0.019089725,0.01970594,0.020095043,0.02056002,0.020843966,0.021096803,0.02134263,0.02139451,0.021480689,0.021591624,0.021613598,0.021798775,0.02193528,0.021986077,0.022058673,0.02194995,0.021841116,0.021475572,0.021075603,0.020314157,0.019627538,0.018796718,0.017913388,0.017190233,0.016392691,0.015881795,0.015265778,0.014770303,0.014184019,0.0137163745,0.013245888,0.012498363,0.0116816955,0.010937653,0.009847538,0.008987925,0.008025755,0.007243174,0.0065461774,0.0060371314,0.0056208423,0.00522619,0.0050576166,0.0049248626,0.00502072,0.0050496054,0.005079818,0.0051342146
Relaxed,0,46,5,0.7420773,0.7304204,0.72215384,0.71174496,0.7092239,0.7012407,0.69656634,0.6922332,0.68928224,0.6875572,0.6936086,0.6893251,0.69081575,0.69163084,0.6898822,0.69256175,0.69313735,0.6872975,0.6873114,0.6801754,0.6774618,0.6686252,0.6587597,0.64595324,0.6361994,0.6250008,0.6111018,0.5958273,0.5836487,0.5714156,0.5613656,0.5494,0.53640306,0.5233413,0.51431036,0.5039027,0.5014375,0.4870248,0.47700593,0.47002265,0.4622159,0.45309997,0.44186574,0.43338636,0.4205022,0.40840247,0.39278543,0.37802458,0.36062416,0.34216416,0.32476053,0.30437112,0.28328437,0.26136634,0.24000071,0.21927944,0.19787839,0.17741087,0.15904234,0.13861535,0.12255427,0.10666514,0.097229406,0.08893485,0.08531587,0.09107466,0.098377034,0.112056375,0.1284957,0.14538655,0.16569315,0.18679063,0.20973821,0.2328287,0.25668707,0.27991733,0.30494764,0.3301362,0.35563335,0.3829534,0.40517664,0.42753872,0.4564888,0.47633368,0.49700943,0.5163412,0.5329844,0.5511762,0.565941,0.5812229,0.59078413,0.6050378,0.61060834,0.6210617,0.62662137,0.6325916,0.6361245,0.6416681,0.64826775,0.6530964,0.0026437987,0.0027949407,0.0028762247,0.0029885059,0.0031302818,0.0032749036,0.003339581,0.0034535925,0.0035372176,0.0037265474,0.0038205907,0.0039514014,0.004145398,0.0042657806,0.004405042,0.004502377,0.0047275536,0.004835809,0.005147955,0.005279307,0.0054721776,0.005611191,0.00578311,0.0058483626,0.006107564,0.0062154043,0.006324335,0.0064664073,0.0064998586,0.0066311127,0.0068419916,0.006951012,0.007098526,0.0074103884,0.007678194,0.0081678545,0.008567628,0.008981382,0.00951064,0.010074804,0.010636657,0.0112639805,0.011913179,0.012570216,0.013334118,0.013956723,0.014721507,0.015402356,0.01614976,0.016929036,0.01765237,0.01842706,0.019046055,0.019698597,0.020188496,0.020521194,0.02085694,0.020975268,0.02110369,0.02127087,0.021278337,0.021363262,0.021421216,0.021718746,0.021794597,0.02185057,0.021942737,0.021831824,0.021632943,0.021381354,0.020803781,0.020131862,0.019333655,0.018487426,0.017572328,0.016811166,0.015996339,0.015419403,0.014835206,0.014438238,0.013892693,0.01329629,0.012875844,0.012164065,0.011449636,0.010649359,0.009719614,0.008795789,0.007851229,0.0070412173,0.0064360206,0.0060057645,0.00554825,0.0052477964,0.0049989065,0.0049567944,0.004955173,0.005131357,0.0050230348,0.0051178434
Relaxed,0,47,5,0.7398717,0.7286532,0.720611,0.7107624,0.7068425,0.7014171,0.69584703,0.693321,0.6904594,0.6889797,0.68916047,0.6908784,0.69013286,0.6917299,0.69034624,0.6934836,0.6939394,0.6883858,0.68943846,0.6777592,0.67682266,0.6659289,0.6578745,0.6490406,0.63719106,0.6234663,0.6120248,0.5983883,0.5854343,0.57226425,0.5593265,0.5498078,0.53837764,0.5234752,0.51520824,0.50273204,0.49907032,0.48747054,0.47750103,0.47137192,0.4614217,0.45352194,0.44263932,0.43369228,0.42198148,0.40672952,0.3964586,0.3781779,0.36066,0.34384784,0.32390958,0.30445847,0.28392735,0.2620483,0.24051312,0.21900347,0.19759062,0.1761608,0.15701838,0.13817173,0.122107655,0.106554866,0.0949918,0.088981904,0.08509048,0.090387076,0.09808797,0.11174689,0.12789257,0.14641285,0.16387704,0.187307,0.20921616,0.2329626,0.2567839,0.28133467,0.30450085,0.33029586,0.3552747,0.38055795,0.40751344,0.4283506,0.4558384,0.47657007,0.49770483,0.51544416,0.53305125,0.55116415,0.567156,0.5807946,0.5916843,0.6052258,0.6124552,0.6200559,0.62558734,0.6346015,0.6380003,0.6408748,0.6481171,0.6545255,0.0024705378,0.00262403,0.0026947614,0.0028019599,0.0028987539,0.0030176411,0.0031978635,0.0033054969,0.00338441,0.00356088,0.0036265887,0.0037692229,0.003961333,0.0041349637,0.0042663757,0.004494944,0.0046906197,0.004867909,0.0051280186,0.0052184444,0.005380928,0.005530464,0.0056238817,0.0057449765,0.005935388,0.006152075,0.006307004,0.0062751425,0.0063605965,0.0064705824,0.0066785673,0.00674601,0.0069861375,0.0072149807,0.007628214,0.007986507,0.008375315,0.0087659145,0.009295831,0.009918154,0.0104741845,0.011167422,0.01181108,0.012463697,0.01318181,0.013780686,0.014628398,0.015198667,0.015998404,0.016843606,0.017535327,0.018335495,0.018937964,0.019556234,0.019967165,0.020365085,0.020688064,0.020817036,0.020916132,0.021183716,0.021184038,0.021289658,0.021341275,0.021496179,0.021610012,0.021721492,0.021736363,0.021574019,0.02145176,0.021069882,0.020623216,0.01991556,0.019117018,0.018378422,0.017452981,0.016741116,0.016001413,0.015472196,0.014914893,0.014511051,0.013938344,0.013502405,0.012974834,0.01234881,0.011539323,0.010770116,0.009814303,0.0089692725,0.00793495,0.007208951,0.0065270886,0.0060160807,0.005601886,0.005221499,0.005011246,0.004989491,0.005062507,0.0050513675,0.0051518064,0.0051519778
Relaxed,0,48,5,0.7396926,0.72884375,0.7205364,0.71031,0.70836115,0.7010153,0.6966052,0.6924943,0.69000274,0.6881566,0.69084424,0.6895694,0.69089276,0.69157976,0.690678,0.69395524,0.69376415,0.6872355,0.6877611,0.6822782,0.6781387,0.667372,0.66005665,0.6496258,0.63518625,0.6229691,0.612253,0.596223,0.5849154,0.5720237,0.558741,0.5485699,0.53631747,0.5255665,0.514227,0.5054337,0.49763602,0.48750478,0.47939697,0.47148973,0.46307516,0.45149526,0.442002,0.43414566,0.42124757,0.40749395,0.39321795,0.3801816,0.36222228,0.343525,0.32490587,0.3040887,0.2859646,0.26101163,0.24147315,0.21904966,0.19777657,0.17722417,0.15787366,0.13728711,0.1226609,0.108191505,0.09533421,0.08766878,0.08447269,0.09073559,0.09867158,0.11207511,0.12764457,0.14529854,0.16490908,0.1865208,0.20891085,0.23277801,0.25598496,0.2813077,0.30641782,0.33026665,0.35579598,0.3818895,0.4073111,0.42775127,0.4557239,0.4745464,0.4970094,0.5185744,0.53375965,0.54969096,0.5659168,0.5802707,0.5914343,0.60173833,0.61142033,0.6195574,0.62664574,0.6293055,0.6360007,0.64072216,0.6463975,0.6539111,0.0025578525,0.0027277344,0.002813359,0.0028835908,0.003025875,0.0031207236,0.003219639,0.0033417933,0.0034467115,0.003643772,0.0037435344,0.0038744202,0.0040362547,0.0042951996,0.004327735,0.0045863166,0.0047050263,0.004881457,0.0050879074,0.00527824,0.005435608,0.0056145694,0.0057496387,0.005891362,0.006120883,0.0062649893,0.0063878098,0.0063426495,0.0065281796,0.006549378,0.006739667,0.0068751737,0.0071211006,0.007487395,0.0076690577,0.008098504,0.008486146,0.008968011,0.009420807,0.010000486,0.0105674295,0.011185808,0.011809251,0.01250318,0.013138245,0.013824271,0.014532688,0.015271124,0.015973628,0.01671549,0.017516756,0.018311562,0.019019598,0.019562101,0.02007007,0.02046274,0.020724032,0.020898728,0.021018317,0.02117816,0.021277996,0.021326553,0.021323008,0.021511517,0.021572258,0.021741865,0.021774085,0.021698229,0.021528954,0.02121412,0.02074504,0.019946625,0.019246249,0.01837294,0.017527979,0.016684297,0.016045116,0.015419532,0.014921619,0.014508294,0.013964833,0.013451244,0.012899344,0.012204183,0.011386841,0.010688974,0.009778231,0.008783186,0.007835379,0.007048296,0.0064034355,0.0059207487,0.0054866266,0.0052361,0.0049914275,0.004945386,0.005019668,0.005065653,0.005124294,0.0051806523
Relaxed,0,49,5,0.74077135,0.72809833,0.7208855,0.71106917,0.70663756,0.7007433,0.6955275,0.69277096,0.6916116,0.6869273,0.69079226,0.6897337,0.69014907,0.6909695,0.69186604,0.69244576,0.6926501,0.6885287,0.6877345,0.67814505,0.67681986,0.6690656,0.65868604,0.648301,0.634602,0.6184207,0.6110483,0.59611326,0.58518785,0.57087505,0.55999297,0.5476141,0.5348282,0.5234056,0.5145514,0.50528824,0.4972333,0.48572394,0.47981972,0.4715312,0.46126056,0.4530958,0.4414273,0.4319241,0.42158988,0.40792733,0.39427394,0.37978628,0.36381817,0.3423106,0.3260984,0.3055416,0.285418,0.26349595,0.24173553,0.22016254,0.19842012,0.17758933,0.15789272,0.13897893,0.12348545,0.107329585,0.09567722,0.08710662,0.08504274,0.09023026,0.09735554,0.111273244,0.12804268,0.14463411,0.16522911,0.18752217,0.20837966,0.23278444,0.2562494,0.28078327,0.30525517,0.33112854,0.3557545,0.3816868,0.4081546,0.42872036,0.45398435,0.4757527,0.49804863,0.51366794,0.53207344,0.55116785,0.56523573,0.5797147,0.5907142,0.6017077,0.60942215,0.6199454,0.6248178,0.6310346,0.6350949,0.6410089,0.64673567,0.65478903,0.002481988,0.002641986,0.0027154298,0.0027573071,0.002834087,0.0029232726,0.0030536326,0.003167179,0.0032481444,0.0033931308,0.0035243342,0.0036114084,0.003899092,0.0040661697,0.004207152,0.0043934537,0.004529482,0.0047296793,0.004913842,0.0050949994,0.0052457126,0.005473145,0.0055833547,0.0057635517,0.005983964,0.0061238185,0.006260523,0.0063010477,0.0065243733,0.0066087055,0.0068329023,0.006911649,0.007140958,0.007458445,0.007745991,0.008139339,0.008531685,0.009025924,0.009580318,0.01020681,0.010643703,0.011327272,0.011884905,0.012538304,0.013229204,0.013892933,0.014605017,0.015289632,0.016012985,0.016785998,0.017591747,0.018409742,0.019047773,0.019597095,0.019981103,0.02043692,0.020690767,0.020854432,0.02107906,0.021170484,0.021306517,0.02136193,0.021481173,0.02163274,0.021690806,0.021791002,0.021841783,0.02177242,0.02155188,0.02119795,0.020738857,0.019932183,0.019080766,0.01835837,0.017392974,0.016685296,0.01590085,0.015339849,0.014876997,0.014416396,0.013961867,0.013273913,0.0128590865,0.012201254,0.0113017,0.010579192,0.009691332,0.008778815,0.007786112,0.006981314,0.006374771,0.005915137,0.005479628,0.005160322,0.0049993168,0.0049135196,0.0049222987,0.004973152,0.0050324113,0.0050565186
Relaxed,0,50,5,0.74037373,0.72957635,0.7195829,0.71027696,0.70655036,0.7003272,0.695093,0.6892399,0.6901103,0.68764377,0.6909093,0.68879116,0.68999976,0.689699,0.6904876,0.6919621,0.6939265,0.6863105,0.6869665,0.6807851,0.6754309,0.66717786,0.65805775,0.6486638,0.63468707,0.6225874,0.6112309,0.59668064,0.5844717,0.57058275,0.5594063,0.55053717,0.5363624,0.5234294,0.51523113,0.50408787,0.5004736,0.48668286,0.47635424,0.47120732,0.46213725,0.4536631,0.44353318,0.43344548,0.42166114,0.408368,0.39430538,0.37866315,0.36114967,0.34425277,0.32281378,0.30610374,0.2833659,0.26298478,0.24155563,0.21896698,0.1980585,0.17771377,0.15858294,0.13855617,0.123259895,0.10763995,0.09636019,0.0875136,0.08735153,0.089962475,0.09980519,0.11213519,0.12795728,0.14608464,0.1656729,0.18762171,0.20845193,0.23273617,0.2564452,0.27997935,0.30491182,0.33215833,0.35592878,0.37935635,0.40804392,0.42816922,0.45553026,0.47711304,0.4978504,0.5154307,0.5321467,0.5508606,0.5662058,0.5815386,0.59192723,0.6038677,0.6100665,0.62041456,0.6266246,0.6322211,0.63969415,0.64133465,0.6476615,0.6559701,0.00239434,0.0025707982,0.0026451307,0.0027424053,0.0028651692,0.0029642074,0.00306495,0.0031976567,0.0032405576,0.0034187448,0.003465574,0.0036256819,0.003844713,0.0039358046,0.004153802,0.004286947,0.004549718,0.0046357214,0.0047749374,0.0049815844,0.0051433067,0.0054136,0.0055635464,0.005675586,0.0059252465,0.0060486537,0.0063116876,0.0063361637,0.0064852373,0.0065566064,0.006753958,0.0069232644,0.0071914517,0.0074942154,0.007856052,0.008210196,0.008724991,0.00914883,0.009494884,0.010250395,0.010705964,0.011362723,0.012071558,0.012610042,0.013364629,0.013982596,0.01464576,0.015239257,0.015967974,0.01677553,0.01754679,0.018205352,0.018902954,0.01951214,0.019901402,0.020366034,0.020572867,0.020837031,0.020944899,0.021081446,0.021141224,0.021293625,0.02132336,0.021502845,0.0215322,0.021670396,0.02172235,0.021565052,0.021363497,0.020968145,0.02050029,0.01969032,0.018889857,0.018064912,0.017179353,0.016426034,0.015637748,0.015068377,0.01451928,0.014048348,0.013528155,0.012949212,0.012461135,0.01177153,0.011074105,0.010310914,0.00937187,0.00853251,0.007627148,0.0069924966,0.0063872673,0.0059098867,0.0055025914,0.005200516,0.0050230953,0.00500965,0.005125389,0.005190505,0.005176816,0.0052075004
Relaxed,0,51,5,0.73960906,0.7273086,0.7204248,0.7099892,0.70700693,0.70201725,0.6952976,0.6922573,0.69058055,0.6850729,0.6928508,0.6898479,0.69074273,0.6885014,0.69101,0.69275564,0.6946909,0.6878484,0.6856049,0.681176,0.6757849,0.6685265,0.6580184,0.64757556,0.63439715,0.6228523,0.6104603,0.59622914,0.5846014,0.5732133,0.56017226,0.54432416,0.53588295,0.5251502,0.5138851,0.50247484,0.50125974,0.48814866,0.47814518,0.47039118,0.46344054,0.45342588,0.44269606,0.43340647,0.4216135,0.40795556,0.39420247,0.37921584,0.358419,0.3444016,0.32388514,0.3041519,0.28430873,0.26217014,0.24106233,0.21927236,0.19814645,0.17684248,0.15777835,0.13855788,0.12187228,0.1075327,0.09727914,0.089230366,0.085806094,0.091979295,0.10000056,0.112159394,0.12828133,0.14654754,0.1668911,0.18672602,0.20908138,0.23304678,0.2567783,0.28078237,0.30664894,0.33105803,0.35497543,0.38193864,0.40855297,0.42574227,0.45573467,0.47728425,0.49661338,0.5159847,0.5334531,0.55061036,0.5656896,0.58110726,0.5916968,0.60462093,0.6111915,0.62155265,0.6267431,0.6332231,0.63725424,0.6427839,0.64473796,0.6548175,0.0023311914,0.0025427532,0.0025742978,0.002734533,0.0028518469,0.002934627,0.0030745622,0.003172889,0.0033338752,0.0034162884,0.00364923,0.0037522388,0.003944976,0.004118151,0.0042956523,0.0044293525,0.0046417248,0.00475873,0.0048250263,0.0050795143,0.005247077,0.005445499,0.005611598,0.0057512624,0.0059763878,0.006125811,0.0063343146,0.0064165583,0.0065573705,0.0067341784,0.0068838233,0.007059775,0.0072533884,0.0076105134,0.007971649,0.008331357,0.008768419,0.009263333,0.009655197,0.010209053,0.010725869,0.011415198,0.012015721,0.012767147,0.013297333,0.013917012,0.0147853745,0.015363169,0.016070439,0.016889868,0.017669896,0.018470572,0.019087937,0.019749397,0.020250702,0.020618644,0.021009546,0.021120204,0.021271607,0.02156933,0.021561839,0.021527627,0.021629084,0.021757526,0.02192636,0.021967907,0.021972904,0.021908361,0.02170444,0.021333702,0.020875867,0.02013857,0.019419342,0.018529192,0.017598351,0.016826155,0.016074216,0.015490631,0.015044506,0.014597099,0.013965602,0.013299069,0.012817991,0.0122853415,0.0113594225,0.010539566,0.009677284,0.008957431,0.007733453,0.0070321676,0.0065695876,0.0062328177,0.0057656737,0.0055496423,0.0054077366,0.005182104,0.005172087,0.0052253064,0.005228978,0.005292693
Relaxed,0,52,5,0.74162394,0.7286484,0.71843016,0.7104259,0.7087971,0.70186216,0.69463664,0.69340163,0.6891291,0.68882,0.6890139,0.6915209,0.6900124,0.6910138,0.69026464,0.6924682,0.6935639,0.6883975,0.6892831,0.6778626,0.6765999,0.6633411,0.65816915,0.647995,0.6343703,0.6229564,0.6144965,0.5958593,0.5852461,0.5721321,0.5586244,0.5471661,0.5362219,0.5230453,0.5151641,0.50368315,0.50005025,0.48787057,0.4784564,0.47176367,0.46311,0.45370153,0.4420928,0.4333399,0.42114332,0.40820703,0.39218163,0.37813833,0.36253354,0.34038255,0.32364786,0.3055393,0.28306076,0.26214632,0.24064055,0.21984866,0.19880277,0.17757803,0.15863346,0.13916333,0.12345713,0.10763051,0.09533736,0.08873076,0.086177066,0.092547044,0.09862162,0.11285548,0.12982255,0.14676496,0.16547585,0.18898372,0.2097847,0.23315054,0.2580425,0.2822311,0.3046874,0.33108008,0.35613152,0.38131204,0.40484774,0.430632,0.45651498,0.4757213,0.49653777,0.5155824,0.5330924,0.5482455,0.56627786,0.58058566,0.59190583,0.6025197,0.60946614,0.6201758,0.6259023,0.633666,0.6375355,0.6411279,0.6482787,0.65409845,0.0026234337,0.0026994757,0.0028412421,0.0029532032,0.003035012,0.0031108975,0.0032489426,0.0034754865,0.003504635,0.0036572875,0.0038058395,0.0039053285,0.0040985146,0.004221204,0.004399073,0.0045399875,0.0048263907,0.0049872454,0.005334283,0.0053765588,0.0055277133,0.005740019,0.0059035476,0.0060197324,0.0062008286,0.0063363397,0.006496589,0.006484192,0.0065623135,0.006632071,0.006880106,0.0070502283,0.0072478373,0.0075990725,0.007881431,0.008371887,0.008789845,0.009217782,0.009650088,0.010271606,0.010770412,0.0115764355,0.012037145,0.012713571,0.013382552,0.014007236,0.014713022,0.015367075,0.016185312,0.016803956,0.01761524,0.018304499,0.018940276,0.019475047,0.020009961,0.020452656,0.020721728,0.020842766,0.020981576,0.02114147,0.021150917,0.021238238,0.021259168,0.021500215,0.021670103,0.021765536,0.02192619,0.021842794,0.021756107,0.021559935,0.021136716,0.02045989,0.019739287,0.01897817,0.01817032,0.01740929,0.016689856,0.016107608,0.015583313,0.015174797,0.014714964,0.014116869,0.013597513,0.0128140785,0.012130092,0.01133278,0.010364091,0.009458883,0.008373383,0.0076334346,0.006983275,0.0065962835,0.006055663,0.005752894,0.0055595106,0.005533804,0.0055899797,0.0055380235,0.005548146,0.0055758297
Relaxed,0,53,5,0.74046695,0.7295873,0.7207983,0.7110527,0.7085887,0.7012752,0.69406277,0.6924303,0.6909398,0.69021845,0.68964076,0.689994,0.6902816,0.6911896,0.68874747,0.6940876,0.6939116,0.68733704,0.68738365,0.67866296,0.6759033,0.6657854,0.6581195,0.64612216,0.634008,0.62110764,0.6110151,0.596519,0.58314914,0.57096934,0.5595223,0.54664296,0.53554165,0.5248432,0.51464945,0.5061689,0.50102025,0.487115,0.47765318,0.47068474,0.46351504,0.45396894,0.4426845,0.43417093,0.4219751,0.4092677,0.3948792,0.380535,0.3631032,0.34396154,0.32542053,0.30655676,0.28681597,0.26270193,0.24237484,0.22025916,0.19828956,0.177488,0.15734383,0.13717595,0.12138663,0.106075905,0.09316119,0.08634,0.083101414,0.0896143,0.097506054,0.11069791,0.1281493,0.14644136,0.16744274,0.18916458,0.21043599,0.23488522,0.2583463,0.28292248,0.3078626,0.33191553,0.35773033,0.38199905,0.40682352,0.42936626,0.45389506,0.47696677,0.4960702,0.5155714,0.5350954,0.55037504,0.5659189,0.58087546,0.592047,0.60375863,0.6113914,0.62179345,0.62791026,0.6320812,0.6382296,0.6439711,0.64620906,0.65447265,0.0026764097,0.002743884,0.00285485,0.0029022328,0.0030180356,0.0030254861,0.003237621,0.0034118427,0.003594362,0.0036966247,0.003808743,0.0039107637,0.0040662484,0.0042633708,0.0044546616,0.0046070404,0.004766702,0.0047420687,0.0052448604,0.005427446,0.005436924,0.005620277,0.00570435,0.0057342746,0.006014905,0.0060414593,0.0062571904,0.0060922625,0.0064753615,0.006484194,0.0066851336,0.0068359855,0.00715283,0.0074994145,0.007464862,0.008101329,0.008605567,0.00908574,0.009495578,0.010095709,0.010814118,0.011406463,0.012147506,0.012862294,0.013321057,0.014111406,0.014931934,0.015682155,0.0163999,0.017316418,0.01812491,0.018830704,0.019487659,0.020152912,0.020433726,0.020754097,0.021051498,0.021142209,0.020979526,0.020924497,0.021275647,0.021208234,0.021301404,0.02150841,0.02168358,0.022031065,0.02197843,0.021840746,0.021584978,0.021500686,0.021005902,0.020256743,0.019534867,0.018779557,0.01781456,0.017305726,0.016611166,0.016070612,0.015506835,0.01521251,0.014808137,0.014204419,0.013944714,0.013201176,0.012487174,0.011529015,0.010705407,0.009783792,0.008804197,0.007915696,0.00727498,0.006630758,0.00616648,0.005904813,0.0055987365,0.005389708,0.0054350016,0.0054220012,0.0055075167,0.0054360414
Relaxed,0,54,5,0.7412297,0.7287656,0.7202573,0.7108945,0.70779145,0.7017542,0.6939324,0.6950492,0.68898994,0.6894421,0.6914923,0.690028,0.68903893,0.6919378,0.6896481,0.6917465,0.69187254,0.6880085,0.68589246,0.6801843,0.675861,0.66882366,0.65764743,0.6462398,0.635933,0.622598,0.61174923,0.5973209,0.5849723,0.5727176,0.5593176,0.5476704,0.5363637,0.5240344,0.5141415,0.5036709,0.5008905,0.4897376,0.47923326,0.47102553,0.46430033,0.45437902,0.4440147,0.43499303,0.42395586,0.41069543,0.39623538,0.38090524,0.3624663,0.3469831,0.3265559,0.3067434,0.28571057,0.26465616,0.24175403,0.22064647,0.19800021,0.17687568,0.15715794,0.13722293,0.12041857,0.10429896,0.09370646,0.08374595,0.08310598,0.08884019,0.098114036,0.111318104,0.12907758,0.14820391,0.16710985,0.18921982,0.21230993,0.23587024,0.2581586,0.28303283,0.30868384,0.3335649,0.3583068,0.38223657,0.40824366,0.43116727,0.45725504,0.47666994,0.49612328,0.5155866,0.533108,0.55094385,0.5663444,0.5808549,0.5917441,0.60651445,0.60931724,0.62092626,0.6270357,0.63283324,0.63946927,0.64201975,0.64716715,0.65635717,0.0025742003,0.0028071266,0.0029398517,0.0029921427,0.003028324,0.0032232015,0.0032176494,0.0034491236,0.0035201604,0.0036586302,0.0038145226,0.003969655,0.0040116203,0.004171574,0.0042910874,0.0044992953,0.004550928,0.0047218073,0.0050865,0.005217595,0.0053593647,0.0055229957,0.0056504197,0.005785093,0.005931619,0.006112555,0.006279766,0.0062688184,0.0064142593,0.006528347,0.0067440644,0.006856048,0.007081394,0.007364591,0.007594427,0.008090332,0.008400223,0.008847774,0.009380358,0.010035965,0.0105619235,0.011173108,0.011799323,0.0125182625,0.013203597,0.013858966,0.014578328,0.01533221,0.016086794,0.016893974,0.01771582,0.018432667,0.019149074,0.019676097,0.020201216,0.020502169,0.02082385,0.020934388,0.02104133,0.02126821,0.02140963,0.021546267,0.021488637,0.02171041,0.021900767,0.021991434,0.02211527,0.022040207,0.021940187,0.021415833,0.02106056,0.020474628,0.019539965,0.018896343,0.018165234,0.0175789,0.016958697,0.016578631,0.015759353,0.01558709,0.014929768,0.014474027,0.014133086,0.01356074,0.012714129,0.011797484,0.010819511,0.009946453,0.008921151,0.008075256,0.0074946648,0.006869228,0.006433041,0.0060726055,0.005852988,0.0057697208,0.005762394,0.005810518,0.0059012375,0.0058037825
Relaxed,0,55,5,0.74086046,0.7292255,0.7219808,0.71140474,0.708196,0.70038277,0.69315606,0.6931067,0.69098765,0.6883717,0.68944347,0.6925974,0.69065213,0.69202214,0.6905545,0.6935718,0.69414824,0.6880781,0.685704,0.6777296,0.6784253,0.66544753,0.65798557,0.6488311,0.635514,0.6227188,0.61177135,0.5977332,0.5842479,0.57244277,0.5592107,0.54767823,0.5371936,0.52298623,0.5153807,0.50419134,0.49936607,0.48750913,0.47897816,0.47191048,0.46120843,0.45350632,0.44319257,0.43277177,0.42221668,0.4084982,0.39455283,0.3801347,0.36416808,0.3453079,0.32383034,0.30716458,0.2855372,0.26473498,0.24164456,0.22086638,0.19862531,0.17766905,0.15700178,0.13735883,0.12163155,0.10440788,0.09195767,0.08504016,0.08333708,0.08849955,0.09923465,0.11194484,0.12991603,0.14928013,0.1683986,0.19141816,0.21228056,0.23607762,0.25954822,0.28419015,0.30756974,0.33266753,0.3567412,0.38318962,0.40653247,0.42677495,0.45468223,0.47473687,0.49403626,0.51434416,0.5323278,0.54932404,0.5654847,0.58041006,0.5911468,0.6010676,0.61046696,0.6193695,0.6270024,0.631844,0.63770545,0.64203745,0.64750624,0.65430206,0.003011846,0.0030818323,0.0032287582,0.0032898984,0.003377619,0.003424069,0.003513173,0.0037549362,0.0038544792,0.0039702356,0.0041387524,0.004205315,0.004390436,0.004462578,0.004623286,0.0048074266,0.0049677757,0.0050984104,0.0051363367,0.005318896,0.0055325865,0.0057698963,0.005944531,0.006146256,0.006315101,0.0065514804,0.006639815,0.006604491,0.0067010387,0.006804028,0.006986989,0.0070081595,0.007289834,0.0075563854,0.007907634,0.008278922,0.008652464,0.009065174,0.009565689,0.01019485,0.010615886,0.011299233,0.011904033,0.012608541,0.013343543,0.014052502,0.014673261,0.015449785,0.01619967,0.01693143,0.017683249,0.018519465,0.019155454,0.019938657,0.020284297,0.020707807,0.020915719,0.021023542,0.021038888,0.021175979,0.021253819,0.021289501,0.02131531,0.021519901,0.02161341,0.021727743,0.021773359,0.021758141,0.021595707,0.02129516,0.02091841,0.020243675,0.019444155,0.018718334,0.017918024,0.017285042,0.016615797,0.016129788,0.015537163,0.015140666,0.014606646,0.014138081,0.013679771,0.012979053,0.01221128,0.011429395,0.010562046,0.009584201,0.008605217,0.0077775437,0.0071010157,0.0065681133,0.006181151,0.0058866017,0.005623343,0.0055952645,0.0056821997,0.0055936757,0.005688915,0.0056059505
Relaxed,0,56,5,0.7397544,0.7279623,0.71943045,0.7096487,0.7058673,0.7013277,0.69365454,0.69308877,0.6910379,0.6890596,0.6947835,0.68976,0.6903273,0.69173497,0.68960434,0.6925828,0.6943313,0.68910277,0.6876689,0.6777386,0.67968386,0.6718334,0.6590106,0.6501158,0.6345675,0.6221414,0.6110234,0.59789085,0.584896,0.57261205,0.5616337,0.5480917,0.53729874,0.52310216,0.51419115,0.50302285,0.4989205,0.48741287,0.48019996,0.47124586,0.46347547,0.45416862,0.4441822,0.4355402,0.422623,0.4092673,0.3952471,0.3814936,0.3654862,0.34362522,0.3267827,0.30645794,0.28567073,0.2647142,0.2423476,0.22114353,0.19936655,0.17855173,0.15726231,0.13810691,0.121236935,0.105248794,0.09184922,0.086191006,0.08186072,0.087249435,0.09931431,0.112217136,0.13032061,0.14844719,0.1690529,0.1912735,0.21327552,0.2364415,0.25979912,0.28463936,0.30784294,0.33207995,0.35764253,0.3833773,0.40970972,0.42953834,0.45876127,0.47769824,0.49552527,0.5169035,0.5321623,0.5505437,0.56549484,0.5796661,0.59271693,0.6025707,0.6084376,0.619849,0.62777454,0.6323259,0.6375992,0.6422847,0.6475294,0.6558214,0.0031945526,0.0032070724,0.0033483496,0.0034419294,0.0033439263,0.0035757585,0.003698289,0.003781204,0.0038961389,0.0038966748,0.0041054743,0.0041587735,0.004321502,0.004370171,0.0045201005,0.0048257234,0.0049877777,0.005147062,0.005363999,0.005458238,0.005585389,0.0058442014,0.0058565116,0.0060652737,0.006315004,0.006332709,0.006549766,0.0066580446,0.0067877625,0.006852881,0.0070324894,0.0071085296,0.0073179356,0.0075271106,0.007892867,0.008188564,0.008581402,0.00889705,0.009523614,0.010061794,0.010611343,0.011255392,0.011853102,0.012641815,0.013274137,0.014005758,0.014676803,0.015445417,0.016238507,0.016978407,0.017702913,0.018624227,0.019352086,0.020069746,0.020650074,0.021155473,0.02147256,0.021327566,0.021319509,0.021358956,0.021587713,0.021643164,0.021708287,0.021989558,0.022085773,0.02210435,0.022212826,0.022204151,0.022134718,0.02161099,0.02131259,0.020329423,0.019622292,0.018785741,0.018000986,0.01725705,0.01664176,0.015997747,0.015607185,0.0152526675,0.014818966,0.014246195,0.013780475,0.012973463,0.0122745205,0.011555324,0.010733048,0.009722797,0.008625429,0.007596844,0.0069227405,0.0065047774,0.00579529,0.005605888,0.0052769748,0.0052874307,0.0052357274,0.0054129865,0.005224349,0.005291285
Relaxed,0,57,5,0.73943555,0.728275,0.71986395,0.7102587,0.7081958,0.70029193,0.69647527,0.69370127,0.6896313,0.686045,0.6910302,0.69070923,0.6886901,0.69051164,0.6905529,0.6927721,0.69439065,0.68846023,0.68884057,0.6813444,0.67577964,0.6657395,0.66015893,0.6494101,0.63809615,0.6205566,0.61421925,0.5987809,0.58676213,0.5727338,0.56271017,0.5503578,0.5377512,0.5248095,0.5162401,0.50769,0.499385,0.48736343,0.48127052,0.47266802,0.46262267,0.45312417,0.44401032,0.433472,0.4218555,0.40817127,0.39644384,0.3780246,0.36340135,0.34202754,0.32469222,0.3041978,0.28410214,0.2628683,0.24014932,0.21857877,0.19767764,0.1768679,0.15614204,0.13673782,0.121272005,0.105377704,0.09313434,0.08528465,0.08256985,0.08913152,0.09787553,0.11210696,0.12937076,0.14728934,0.16865577,0.18955743,0.21342196,0.2361383,0.2602394,0.28315628,0.30901545,0.33284032,0.35772777,0.3840274,0.40716085,0.42927542,0.45605645,0.476462,0.49552315,0.5165904,0.5325381,0.54968864,0.56565446,0.5802935,0.59143347,0.60290366,0.6097384,0.62059855,0.6252219,0.6316348,0.63958216,0.6405872,0.6466525,0.6539343,0.003149516,0.0032537433,0.003303045,0.0033850966,0.0034618329,0.0035002392,0.0035362067,0.003731305,0.003772185,0.0038856044,0.0039686486,0.004006035,0.0041499604,0.0043315943,0.0045310687,0.004777339,0.0049683065,0.0051362314,0.0054863584,0.0056522596,0.0059146397,0.0060129017,0.0061845607,0.0063135033,0.006542411,0.0065824375,0.0068124915,0.006814787,0.0070163626,0.0069978926,0.007139412,0.0072496454,0.007468477,0.007713605,0.007847831,0.008267749,0.008629178,0.0089753885,0.009455707,0.010005526,0.010334623,0.011031707,0.011732772,0.012213724,0.012927679,0.013608006,0.014281688,0.014969127,0.015692841,0.016427442,0.017121132,0.017882397,0.01860116,0.019194668,0.019669527,0.020084266,0.020482251,0.020695206,0.020769631,0.02092738,0.020976048,0.021144032,0.021253522,0.021493398,0.02178353,0.021931225,0.022028388,0.022070806,0.022003021,0.021771537,0.021355867,0.02069689,0.020044643,0.019320635,0.018597536,0.017910624,0.017131398,0.01645572,0.016084412,0.015714081,0.01520558,0.014589186,0.014049509,0.0133928945,0.012619516,0.011790924,0.010781701,0.009773674,0.0087151695,0.007884775,0.0071258405,0.0065678335,0.00605641,0.0056618205,0.005348805,0.0052326447,0.005248682,0.005385179,0.005335039,0.0053057224
Relaxed,0,58,5,0.7409762,0.72857857,0.7202877,0.71073246,0.70750856,0.70081025,0.6937327,0.69111615,0.6895769,0.6892179,0.69258523,0.6896944,0.6902631,0.6921203,0.6901994,0.6929152,0.693993,0.68892026,0.68833697,0.6781447,0.6768056,0.6654029,0.65801316,0.6482073,0.63591254,0.6254507,0.61220485,0.5963992,0.58636206,0.5738768,0.5608007,0.5497218,0.5370799,0.524994,0.5173024,0.50397366,0.5003897,0.488352,0.47861362,0.4718626,0.46331847,0.45525602,0.4429941,0.43524513,0.42389756,0.40919688,0.39480594,0.38349023,0.36577654,0.34410384,0.32435173,0.30724475,0.28534523,0.26390252,0.2413212,0.22004741,0.19771671,0.17700884,0.15591793,0.13720305,0.11935607,0.10422429,0.09217575,0.08376047,0.08183474,0.08782084,0.0989419,0.11110636,0.1297586,0.14854558,0.16905709,0.19191189,0.21405533,0.23751698,0.26171064,0.28547856,0.31069946,0.3356163,0.3594502,0.3824408,0.4127299,0.4294188,0.45549497,0.4768413,0.49333698,0.5128455,0.53166616,0.54837364,0.56544536,0.5789794,0.59066343,0.6005333,0.6112556,0.6206212,0.6255506,0.6323024,0.638399,0.64088225,0.6473188,0.65345585,0.0033326868,0.0034050955,0.003473547,0.0034686476,0.0036153323,0.0036374251,0.0037518092,0.0038734453,0.003849547,0.004007284,0.004118136,0.0042027407,0.0043268823,0.004528177,0.0046944297,0.0048721083,0.0050183116,0.0052186237,0.0056774933,0.0057896734,0.0060524107,0.006163292,0.00631183,0.0065089436,0.0067174854,0.0068323654,0.0069618975,0.0070146276,0.007182085,0.0072862413,0.0074222465,0.007525916,0.00770323,0.008000393,0.008263037,0.008603214,0.008924796,0.009394811,0.009762455,0.010385932,0.010928914,0.01159557,0.0120319575,0.012835198,0.013443294,0.014006569,0.0147508215,0.015529635,0.016254174,0.016944412,0.017648071,0.01836677,0.019005843,0.0196369,0.01998137,0.02038343,0.020683603,0.020808429,0.02092467,0.021159701,0.021143977,0.021241918,0.021270884,0.021496732,0.021694612,0.021786768,0.021945199,0.021923719,0.021760998,0.021544894,0.021215176,0.02054632,0.01975198,0.019123167,0.01827743,0.01758637,0.016901545,0.016306091,0.015841868,0.015326279,0.014770265,0.014292024,0.013738926,0.013104592,0.0123761585,0.011540361,0.010604426,0.00967707,0.008650022,0.00783637,0.007099885,0.006512586,0.0060511464,0.0056504463,0.005450397,0.0052930205,0.005284624,0.005339839,0.0053077666,0.0053489497
Relaxed,0,59,5,0.73909414,0.72918075,0.72135603,0.710947,0.70746195,0.70215297,0.69610226,0.6922497,0.6895327,0.6858057,0.6910534,0.6904436,0.6896407,0.69033843,0.69056493,0.6927719,0.6940676,0.6885457,0.68846637,0.6795745,0.67722166,0.6597355,0.65875447,0.649162,0.636462,0.62259805,0.61439,0.5976706,0.5853822,0.5740764,0.5603661,0.5505246,0.5366852,0.5248888,0.51421005,0.5075575,0.49978963,0.48835373,0.4783753,0.4725704,0.46344167,0.45486593,0.44350988,0.43339753,0.42279226,0.408216,0.39497876,0.38018718,0.36176848,0.34473327,0.32507035,0.30576906,0.28329387,0.2620058,0.2399463,0.21825852,0.19672894,0.17614868,0.15636462,0.13723083,0.11954142,0.104253635,0.094603375,0.086400226,0.08385295,0.09066843,0.09916908,0.11357642,0.131163,0.14904581,0.16998924,0.19082436,0.21374993,0.2381733,0.26090774,0.28494564,0.3090178,0.33494613,0.3603016,0.38177186,0.4097872,0.4292284,0.45441017,0.4758924,0.49473667,0.5111148,0.5341388,0.54930013,0.5646993,0.579798,0.5901239,0.60391796,0.6093558,0.62095416,0.625763,0.6302656,0.6354273,0.640978,0.6450612,0.6523776,0.003228457,0.0032952216,0.0033081335,0.003437478,0.003472588,0.003535667,0.003662737,0.0037058494,0.003886793,0.0039696903,0.0040412196,0.0041280244,0.004281933,0.004422181,0.004597512,0.0047462624,0.0050485046,0.0051083155,0.0053906543,0.0055580596,0.0057805744,0.00590173,0.0060809767,0.0062249615,0.0064922213,0.0065990756,0.0067319255,0.006844982,0.0069363136,0.0070840325,0.0071935067,0.0073645203,0.007499435,0.0077699344,0.008065809,0.008524599,0.008888311,0.009292484,0.009697421,0.010390433,0.01083397,0.011458413,0.012040669,0.012724067,0.013309422,0.013988202,0.014681981,0.015322682,0.016025769,0.016764136,0.0174219,0.018150004,0.018825259,0.019373478,0.01978483,0.02020883,0.020443752,0.020624125,0.020806383,0.020924298,0.020981314,0.021097293,0.021204947,0.02142037,0.02157234,0.02170976,0.021864697,0.02181355,0.02177944,0.021473868,0.021122353,0.02056656,0.019775266,0.019066727,0.018216537,0.017500155,0.016700426,0.016090387,0.015606485,0.015217605,0.014760807,0.014194176,0.0137625225,0.013072206,0.012336253,0.01149213,0.010603616,0.009592113,0.0085995635,0.0077411616,0.0070311455,0.00647552,0.0059922235,0.0055629797,0.005361667,0.005301452,0.005221794,0.0053441897,0.0053216363,0.005326753
