gesture,iteration,label,S11_0,S11_1,S11_2,S11_3,S11_4,S11_5,S11_6,S11_7,S11_8,S11_9,S11_10,S11_11,S11_12,S11_13,S11_14,S11_15,S11_16,S11_17,S11_18,S11_19,S11_20,S11_21,S11_22,S11_23,S11_24,S11_25,S11_26,S11_27,S11_28,S11_29,S11_30,S11_31,S11_32,S11_33,S11_34,S11_35,S11_36,S11_37,S11_38,S11_39,S11_40,S11_41,S11_42,S11_43,S11_44,S11_45,S11_46,S11_47,S11_48,S11_49,S11_50,S11_51,S11_52,S11_53,S11_54,S11_55,S11_56,S11_57,S11_58,S11_59,S11_60,S11_61,S11_62,S11_63,S11_64,S11_65,S11_66,S11_67,S11_68,S11_69,S11_70,S11_71,S11_72,S11_73,S11_74,S11_75,S11_76,S11_77,S11_78,S11_79,S11_80,S11_81,S11_82,S11_83,S11_84,S11_85,S11_86,S11_87,S11_88,S11_89,S11_90,S11_91,S11_92,S11_93,S11_94,S11_95,S11_96,S11_97,S11_98,S11_99,S11_100,S11_101,S11_102,S11_103,S11_104,S11_105,S11_106,S11_107,S11_108,S11_109,S11_110,S11_111,S11_112,S11_113,S11_114,S11_115,S11_116,S11_117,S11_118,S11_119,S11_120,S11_121,S11_122,S11_123,S11_124,S11_125,S11_126,S11_127,S11_128,S11_129,S11_130,S11_131,S11_132,S11_133,S11_134,S11_135,S11_136,S11_137,S11_138,S11_139,S11_140,S11_141,S11_142,S11_143,S11_144,S11_145,S11_146,S11_147,S11_148,S11_149,S11_150,S11_151,S11_152,S11_153,S11_154,S11_155,S11_156,S11_157,S11_158,S11_159,S11_160,S11_161,S11_162,S11_163,S11_164,S11_165,S11_166,S11_167,S11_168,S11_169,S11_170,S11_171,S11_172,S11_173,S11_174,S11_175,S11_176,S11_177,S11_178,S11_179,S11_180,S11_181,S11_182,S11_183,S11_184,S11_185,S11_186,S11_187,S11_188,S11_189,S11_190,S11_191,S11_192,S11_193,S11_194,S11_195,S11_196,S11_197,S11_198,S11_199
PalmarPinch,0,0,0.83708954,0.8266582,0.81863195,0.8095178,0.80980974,0.8039485,0.79980177,0.7965527,0.7956877,0.79018354,0.79461336,0.7918882,0.7919896,0.7917736,0.7895025,0.793618,0.78914046,0.7802798,0.7787405,0.76619816,0.75652105,0.73909456,0.73278546,0.71822923,0.70253783,0.68693227,0.6711052,0.6558966,0.6439642,0.6292954,0.6217847,0.60797393,0.59567547,0.58264726,0.5734696,0.55869484,0.5486671,0.53614825,0.51607037,0.49709415,0.47789037,0.45334226,0.42426068,0.39230645,0.35474148,0.31294927,0.27409533,0.23705599,0.20434451,0.16871604,0.13407226,0.10667625,0.09028425,0.08848099,0.10306649,0.123327896,0.15398312,0.17799993,0.20376804,0.225534,0.23624378,0.24253015,0.24600746,0.25273973,0.26308802,0.26718712,0.26181322,0.2529961,0.24238816,0.23180749,0.21425688,0.18167432,0.14652304,0.1257189,0.11744013,0.13492703,0.1830095,0.24153264,0.30740908,0.3748894,0.43983582,0.5014013,0.55471504,0.6032353,0.63923836,0.67250085,0.69643444,0.7218295,0.73921543,0.75636643,0.767664,0.779141,0.7743665,0.78665215,0.7846783,0.7812131,0.78001267,0.77776843,0.7727441,0.7770221,0.029353796,0.03037484,0.031790707,0.03346799,0.035238486,0.03703536,0.03923823,0.042357035,0.04539854,0.048805885,0.05341633,0.05733868,0.06173623,0.06712929,0.071764424,0.0785368,0.084761746,0.09005572,0.0957364,0.102579504,0.1108205,0.115167476,0.121731795,0.12588799,0.13292287,0.1398665,0.14313932,0.14629881,0.1485066,0.15031587,0.151007,0.1512745,0.15526564,0.16159889,0.16819079,0.17629512,0.18604288,0.1965541,0.20701653,0.22332373,0.23982461,0.25508147,0.26884905,0.28243196,0.2919448,0.2992356,0.30310035,0.31015465,0.30972975,0.30861542,0.3034921,0.30281863,0.30341727,0.30558833,0.30450866,0.30918872,0.3094908,0.30820483,0.30377477,0.29885477,0.2914698,0.28349745,0.27680504,0.26897043,0.25618753,0.2450125,0.23653786,0.22814392,0.22233464,0.21348734,0.20494346,0.19337939,0.18112847,0.16617605,0.14791678,0.12712865,0.104492836,0.08334424,0.06308478,0.044830184,0.031830516,0.024202753,0.021314392,0.020909183,0.020566614,0.020113349,0.019101053,0.01786572,0.016653834,0.015003571,0.013746583,0.012564286,0.011646722,0.011296544,0.010764494,0.010388764,0.0101243025,0.009952112,0.009562119,0.009328081
PalmarPinch,1,0,0.83649707,0.8246942,0.8184923,0.809216,0.8082448,0.8035755,0.79543185,0.79836065,0.79330796,0.78919435,0.79369694,0.7939165,0.79197663,0.7904409,0.7910942,0.7915654,0.7905674,0.781581,0.7798902,0.76397187,0.75877476,0.74444157,0.7333731,0.71909654,0.7015684,0.68476796,0.6737067,0.6560734,0.64351267,0.63117594,0.62271446,0.6097156,0.5957312,0.5799409,0.5736041,0.56321174,0.5502031,0.53532666,0.5178542,0.49711487,0.477986,0.45264232,0.42371213,0.39067146,0.35598886,0.31222537,0.27384645,0.23696485,0.20320451,0.16837107,0.13550231,0.10779947,0.08987765,0.087561734,0.10369672,0.12291884,0.15445149,0.17686096,0.20487186,0.2258327,0.23597012,0.24275877,0.24547796,0.25328487,0.2627621,0.26796058,0.26225883,0.25277242,0.24157408,0.23278622,0.21359003,0.18160917,0.14702742,0.12474166,0.1176923,0.13553698,0.18210784,0.24281353,0.30774567,0.37360585,0.44003996,0.50266844,0.55709934,0.6012325,0.64043236,0.6732633,0.6985067,0.7216388,0.7392401,0.7562379,0.76750016,0.77781993,0.77813774,0.7863282,0.7827384,0.78196716,0.78136206,0.7770307,0.7734489,0.7764443,0.029372491,0.030281546,0.031745255,0.03351692,0.03519615,0.036999185,0.039037816,0.04238797,0.045332123,0.048773356,0.05348086,0.057447698,0.06169084,0.06705865,0.07185121,0.07830974,0.08491594,0.09009911,0.09580197,0.10229367,0.11096535,0.11630274,0.12156575,0.12586312,0.13295025,0.13975205,0.14322987,0.14613715,0.1485676,0.15047868,0.15116933,0.15130208,0.15554035,0.16167085,0.16804099,0.17712203,0.18621632,0.19674446,0.20780766,0.22331062,0.23987406,0.2548547,0.26786786,0.28124222,0.2912773,0.29892197,0.30320585,0.3103549,0.31014976,0.3080953,0.30365592,0.30257824,0.30281422,0.30505884,0.30524588,0.30810907,0.30935538,0.30824256,0.30394533,0.2992872,0.2915831,0.2834333,0.277003,0.26879355,0.25619057,0.2450267,0.23597434,0.22782238,0.22183654,0.21345639,0.20451473,0.19342645,0.18106826,0.16595273,0.14788625,0.12699272,0.10456051,0.083087385,0.063040994,0.04473459,0.031938583,0.024265265,0.021340631,0.020903086,0.020557115,0.020055233,0.019071365,0.017913744,0.016662158,0.014914857,0.013793349,0.012566156,0.011664603,0.011333642,0.010823291,0.0103726,0.010137731,0.009905275,0.009499282,0.009345472
PalmarPinch,2,0,0.83705544,0.8260536,0.8174543,0.80944824,0.80932975,0.80410266,0.79857785,0.79667044,0.7955128,0.7920496,0.795671,0.79674697,0.79150337,0.7930661,0.7900079,0.79298836,0.78980356,0.78139323,0.7777439,0.76594234,0.7610568,0.74187803,0.7338229,0.720492,0.7031163,0.68412715,0.67376494,0.6557806,0.6436441,0.6303297,0.6228592,0.61133677,0.59552383,0.58141625,0.5727675,0.5599811,0.55213445,0.5344466,0.5181594,0.49735644,0.4772305,0.45198846,0.4242233,0.38973856,0.3555515,0.31262794,0.27414253,0.2367412,0.20360813,0.16860662,0.13469565,0.106931984,0.08979478,0.08728079,0.10314655,0.12332691,0.15338686,0.17823774,0.20382127,0.22534193,0.23608963,0.24217646,0.24513994,0.25299618,0.2638139,0.26832846,0.2606715,0.25405887,0.24196723,0.23251806,0.21345802,0.18220142,0.14624715,0.12542693,0.11757704,0.13446926,0.18231378,0.24174578,0.30757272,0.37473917,0.43970925,0.5030057,0.55820733,0.6025599,0.64013505,0.67102736,0.69783115,0.72161955,0.7403898,0.75661427,0.7662332,0.7792893,0.77834445,0.7864256,0.78320336,0.7834587,0.7776653,0.77692246,0.7749043,0.77684367,0.029363139,0.03042691,0.031696122,0.033518765,0.035168912,0.03699325,0.03924273,0.04241881,0.04548713,0.048799656,0.05346902,0.057528317,0.06177189,0.067205526,0.071738385,0.07856465,0.08486543,0.09006181,0.095298834,0.1026401,0.11111291,0.11569815,0.121629536,0.12591034,0.13313271,0.1398544,0.14338951,0.14622009,0.14861307,0.15046015,0.15122889,0.15153292,0.15546156,0.16161303,0.16773029,0.17656095,0.18644124,0.1962415,0.20756301,0.22341238,0.23925224,0.25533074,0.2683596,0.2816091,0.2912692,0.29843235,0.30279267,0.31045616,0.31011337,0.30831763,0.3037701,0.3027421,0.3030843,0.30559584,0.3049469,0.3092069,0.30955815,0.30874538,0.30448586,0.29952627,0.29158658,0.28321466,0.27710086,0.2688357,0.2559275,0.2446886,0.2362661,0.22819953,0.22222552,0.21358775,0.20440902,0.19346651,0.18109007,0.16620678,0.14764895,0.12693524,0.10464691,0.08341057,0.06308257,0.04480711,0.031916652,0.024172492,0.021308744,0.020948742,0.02048364,0.020054784,0.018997846,0.017904988,0.0166749,0.014980488,0.01381158,0.012531971,0.011662956,0.011285936,0.010736228,0.010411226,0.010152329,0.009923314,0.009499661,0.0093093915
PalmarPinch,3,0,0.83731025,0.8263181,0.8198293,0.8106488,0.80915534,0.80414,0.7974996,0.7981188,0.79405546,0.79368556,0.7945875,0.7935606,0.79089135,0.7938505,0.78958786,0.79334116,0.7890737,0.7807724,0.7775923,0.7631465,0.7587852,0.74113065,0.7329849,0.7215726,0.7032203,0.6875479,0.6718314,0.6560053,0.64270556,0.63007975,0.62121505,0.6094978,0.59561414,0.5813438,0.57046574,0.56030345,0.5512878,0.5340447,0.5166998,0.49832767,0.4770864,0.45107985,0.4250632,0.3917194,0.35634476,0.31291863,0.27377316,0.23731628,0.20384213,0.16939814,0.13541436,0.107638255,0.08994308,0.08788257,0.102940924,0.12207048,0.15507497,0.17736334,0.20452708,0.22597164,0.23473099,0.24271078,0.2453466,0.2517839,0.26369914,0.26890352,0.26113942,0.25298232,0.24010469,0.23487808,0.21306431,0.1819021,0.14727852,0.12462938,0.117809206,0.13458134,0.18234538,0.24325468,0.3075046,0.37544674,0.4394789,0.5018712,0.55444074,0.6008916,0.64069235,0.67419684,0.6988533,0.7235859,0.74126446,0.75642115,0.76795566,0.78012687,0.78130364,0.789362,0.7845461,0.7820544,0.781537,0.7762373,0.7751846,0.7762429,0.02938417,0.030389652,0.031793106,0.03346551,0.035202518,0.037011825,0.03916926,0.042391602,0.04545299,0.04885385,0.053513575,0.05729498,0.061666455,0.06731638,0.07180449,0.07855207,0.0846455,0.08995599,0.09541176,0.10225389,0.11085185,0.11537568,0.121599644,0.12597445,0.13307974,0.13985871,0.14333552,0.14623736,0.1486769,0.15036388,0.15123515,0.15124026,0.15565461,0.16157198,0.16771121,0.1765262,0.18625009,0.19661012,0.2071361,0.22375374,0.23928942,0.2543666,0.26859307,0.28187463,0.29215845,0.2985127,0.30367842,0.30983272,0.30962673,0.30801132,0.3035962,0.30236486,0.30282992,0.3052003,0.30517432,0.30796996,0.3096322,0.3075569,0.30578473,0.29904392,0.29167327,0.28288722,0.27725667,0.26923507,0.25587565,0.24487033,0.23656516,0.22847778,0.22203943,0.2141118,0.20457025,0.19375277,0.18137045,0.1659493,0.14778115,0.12712751,0.10446081,0.08352174,0.062899664,0.044731364,0.031784736,0.024143793,0.02128072,0.020883577,0.02050758,0.02008272,0.019129809,0.017899403,0.016608601,0.015001615,0.013820453,0.012565497,0.011681126,0.011399122,0.010802327,0.010386683,0.0101673575,0.009963077,0.009574593,0.009283751
PalmarPinch,4,0,0.83655614,0.8264507,0.8188216,0.8097646,0.8095941,0.80378103,0.7978468,0.79666924,0.79409194,0.79229444,0.79317987,0.7932076,0.7936896,0.7910388,0.78936183,0.7917182,0.7906226,0.7820127,0.7799681,0.76539123,0.7564579,0.7498214,0.73295426,0.7204892,0.7017245,0.68566936,0.6715104,0.65266424,0.6435639,0.63149023,0.62044954,0.6112008,0.5945502,0.58311695,0.57508373,0.56059283,0.5500062,0.53511363,0.51802385,0.4972825,0.47849596,0.4529851,0.42302236,0.3912895,0.35511276,0.31174797,0.2735512,0.237376,0.20359021,0.16915521,0.13529237,0.10452133,0.090274386,0.08757446,0.10385615,0.1229318,0.15318748,0.17834,0.2045503,0.22567762,0.2353004,0.24343967,0.24595767,0.2535016,0.26334596,0.26890713,0.26107627,0.2536489,0.24373342,0.2325307,0.2133685,0.18176386,0.14667748,0.1246743,0.11823597,0.13484885,0.18260379,0.24217519,0.30724418,0.3743454,0.44008547,0.50204366,0.55569917,0.6021598,0.63966036,0.6769334,0.6983537,0.72383463,0.7413792,0.75678635,0.768559,0.77888775,0.7778033,0.7874871,0.784521,0.78189796,0.77883935,0.777035,0.7734532,0.7780502,0.02937489,0.030379433,0.031743377,0.033520795,0.035257563,0.037021246,0.03919363,0.04233214,0.04539023,0.04888665,0.05345209,0.057320643,0.06177887,0.06708621,0.07164896,0.07842387,0.084801584,0.09015453,0.09568035,0.10248677,0.110795245,0.11698596,0.12154884,0.12591822,0.13282087,0.13981123,0.14317259,0.145727,0.14863458,0.15074137,0.15088147,0.15148535,0.15535277,0.16180448,0.16801743,0.17645593,0.18633187,0.1964709,0.20762789,0.22322927,0.23985137,0.25568047,0.26754597,0.28199953,0.291331,0.29863855,0.3030084,0.3097418,0.31027064,0.30814078,0.3028938,0.30220923,0.3035412,0.30573848,0.3054507,0.30892193,0.30942434,0.30720735,0.30429828,0.29889625,0.29122725,0.2831344,0.2773302,0.26919872,0.25621334,0.24504547,0.23658682,0.2283887,0.22200806,0.21346329,0.20478399,0.19353141,0.18122138,0.16591533,0.14787647,0.12696189,0.10471443,0.08277678,0.062879376,0.044715498,0.03182022,0.024167782,0.02122118,0.020877281,0.020501142,0.02016699,0.019072544,0.017925575,0.016623452,0.014976013,0.013784568,0.012584202,0.011707658,0.011270399,0.010737728,0.010398514,0.010226183,0.009969392,0.009595465,0.009368199
PalmarPinch,5,0,0.83661896,0.8251394,0.82031316,0.8094946,0.8088945,0.8030544,0.7969674,0.7988633,0.7943398,0.79350156,0.7935402,0.79477143,0.79173017,0.7926655,0.79056644,0.7923404,0.7899964,0.7818039,0.77939206,0.765066,0.7584866,0.7402635,0.7335608,0.71823573,0.70426583,0.685338,0.672731,0.6545003,0.642732,0.6307336,0.62279755,0.6112135,0.59746724,0.5801646,0.57284623,0.55922353,0.5522193,0.5330198,0.5175758,0.49754226,0.47697952,0.45292678,0.4220569,0.3907484,0.35404563,0.3133602,0.27290624,0.23686829,0.20368999,0.16876611,0.13422598,0.10690429,0.09120509,0.08890874,0.10357039,0.12337302,0.1530433,0.17796068,0.2050241,0.22547163,0.23709391,0.24320123,0.24584898,0.2529542,0.26319444,0.268405,0.26053295,0.2535538,0.24172638,0.23377232,0.2125898,0.18068734,0.14715512,0.12536222,0.118272446,0.13473804,0.18247469,0.24235094,0.30650416,0.37345666,0.4406205,0.5003156,0.56094354,0.60165,0.6385753,0.6744595,0.698205,0.7227637,0.73885345,0.7568615,0.76699555,0.77848214,0.7796656,0.78297687,0.78186023,0.7820152,0.7804756,0.77504796,0.77461994,0.77731055,0.029443512,0.030348316,0.031793527,0.033484295,0.035173178,0.036960755,0.039093334,0.042366285,0.04548329,0.048913214,0.05349586,0.057400305,0.061749335,0.0673008,0.07185982,0.07846387,0.08487519,0.09014193,0.095569976,0.102557935,0.110875554,0.11509434,0.12160387,0.12574877,0.13285892,0.13983582,0.14322583,0.14593257,0.1484423,0.15066507,0.1512265,0.15157826,0.1556779,0.16159196,0.16793673,0.17663138,0.18662041,0.19622536,0.20762713,0.2236391,0.2394623,0.25496674,0.2674067,0.28215545,0.29228956,0.29827368,0.30405018,0.30923325,0.31033087,0.30780482,0.3041062,0.30195364,0.30289283,0.3055833,0.3048,0.30919832,0.31093878,0.30811715,0.30461308,0.29868394,0.29186374,0.28345248,0.2771948,0.26904172,0.25618073,0.24499775,0.2361838,0.22835529,0.22238123,0.21349211,0.20477128,0.19381616,0.18145938,0.16613002,0.14800654,0.12749071,0.10458506,0.083357826,0.06295203,0.044640996,0.031756304,0.024051765,0.021427825,0.020937355,0.020573359,0.020177966,0.019129286,0.017860608,0.016574292,0.014941782,0.013796572,0.012517734,0.011704485,0.0113136545,0.010750132,0.010447995,0.010177393,0.0099040875,0.00954929,0.009333079
PalmarPinch,6,0,0.83705807,0.82545644,0.81841004,0.8089457,0.80883765,0.8037429,0.7984712,0.7970264,0.7947136,0.7915787,0.7931498,0.79274935,0.7919312,0.7919608,0.78863627,0.7915197,0.7887055,0.78175706,0.7807015,0.76582485,0.7594659,0.7432234,0.732437,0.71666646,0.7026326,0.68434316,0.67352444,0.65233266,0.6435043,0.63000375,0.6230318,0.6116886,0.5937921,0.58381367,0.5700353,0.5605011,0.5496118,0.53454274,0.5163,0.49666718,0.47700447,0.45193535,0.42410618,0.39080876,0.35590008,0.31088066,0.27500823,0.23738107,0.20365134,0.16905175,0.13390446,0.10533355,0.09221756,0.08808624,0.102971,0.12239052,0.15489458,0.17727204,0.20585437,0.2248465,0.23563598,0.24318394,0.24516112,0.25317642,0.26398954,0.26810378,0.26123688,0.25460213,0.24111733,0.23408115,0.21189481,0.18213756,0.14607504,0.12534076,0.11891764,0.13521093,0.18177739,0.24295951,0.30704167,0.37283063,0.43959674,0.5006088,0.5578845,0.6020596,0.6400806,0.6709624,0.7006344,0.7206538,0.7401311,0.7562244,0.76658314,0.7788466,0.77875674,0.786378,0.7838088,0.78337866,0.77862406,0.7772686,0.7745865,0.77700084,0.02945653,0.030409524,0.031737875,0.033423044,0.035174515,0.03696823,0.039198533,0.04233443,0.04532798,0.048787005,0.0534332,0.057431422,0.061674424,0.06714643,0.07158801,0.0783694,0.08481113,0.090156324,0.095928125,0.10247197,0.11107829,0.11567144,0.12154316,0.12571765,0.13283166,0.13969533,0.14334635,0.14563444,0.14853305,0.15031587,0.15155895,0.1514938,0.15536545,0.16174917,0.16790687,0.1766643,0.18634722,0.19638425,0.20698394,0.22322102,0.23955369,0.2549118,0.26805252,0.28174785,0.2922673,0.29845843,0.3034425,0.30957866,0.31047302,0.30734745,0.30381998,0.30155188,0.30280846,0.3057268,0.30514333,0.3083041,0.30930343,0.30871317,0.30477792,0.29859677,0.29166397,0.28346562,0.2772702,0.26888075,0.25599653,0.24482849,0.23630436,0.22858612,0.22176355,0.21406735,0.20458928,0.19371033,0.18137328,0.16610968,0.14783089,0.12746407,0.104561515,0.08337678,0.06309355,0.044625036,0.031737532,0.024092048,0.02130349,0.020865904,0.02053322,0.020040564,0.019062104,0.017929105,0.016581926,0.014933072,0.013785346,0.012571638,0.011688621,0.011325798,0.010764391,0.010441904,0.010131443,0.009994898,0.009566692,0.009353487
PalmarPinch,7,0,0.83727634,0.8255422,0.8185816,0.80891454,0.80864936,0.80377746,0.7964273,0.79997075,0.79401195,0.7923994,0.79242593,0.794317,0.7927423,0.7933783,0.78903306,0.7934479,0.7894148,0.7815257,0.7777519,0.76698476,0.7561907,0.74233466,0.73397124,0.72052073,0.7019273,0.68488294,0.67222345,0.6527994,0.6430435,0.6301025,0.6208669,0.6110772,0.5986091,0.58131886,0.56998867,0.5613546,0.55085254,0.5352247,0.516982,0.49884114,0.4779048,0.45335805,0.42365843,0.38957176,0.35567978,0.31383374,0.27420586,0.23726697,0.20450895,0.1690134,0.13411342,0.10539563,0.090145215,0.08905214,0.10296984,0.122617535,0.15472724,0.17769496,0.20406646,0.2255114,0.23528789,0.24402045,0.24513213,0.25284785,0.2650675,0.26808384,0.26150817,0.25334603,0.24136302,0.23477183,0.2124278,0.18292668,0.14660025,0.12565978,0.11830453,0.13592695,0.18227173,0.24201153,0.30709192,0.37289694,0.43919072,0.5015656,0.5585308,0.60150975,0.63967884,0.6720596,0.7009456,0.7229726,0.7400564,0.7574189,0.76749146,0.7791798,0.78020656,0.78729665,0.78464574,0.7841967,0.7802453,0.775334,0.7756569,0.77650285,0.029332366,0.030408734,0.0317446,0.03344497,0.035251044,0.036995664,0.039088275,0.04229987,0.045458112,0.048887968,0.05343579,0.057411827,0.061735276,0.06727044,0.07174909,0.078475215,0.08481411,0.09017683,0.095588684,0.10268447,0.11078029,0.11614094,0.121591024,0.12579773,0.13273521,0.13961409,0.14311638,0.14530538,0.14847256,0.1505671,0.15102445,0.15141815,0.15591927,0.16160397,0.167879,0.1768185,0.18662567,0.1967404,0.2073933,0.2238658,0.23987365,0.25558192,0.26795647,0.28171694,0.29232055,0.2986105,0.30333117,0.30979267,0.31010237,0.3075382,0.30443048,0.3017399,0.30422667,0.30550548,0.30528262,0.30940682,0.3100491,0.30768827,0.30523467,0.29939118,0.2914389,0.2831914,0.27732602,0.2688012,0.25597033,0.24504347,0.23622125,0.22841752,0.22131544,0.21388802,0.20451467,0.1937423,0.1810742,0.1661729,0.14775877,0.1274113,0.104329795,0.083025366,0.0630589,0.044554256,0.031719297,0.0241105,0.02132258,0.020925995,0.020565223,0.020069553,0.019103976,0.017935831,0.016637081,0.015032747,0.013796664,0.0125554055,0.011686109,0.011294187,0.010780389,0.01040599,0.010141189,0.009937404,0.009555539,0.009360742
PalmarPinch,8,0,0.8371876,0.8247841,0.8187102,0.80991244,0.81074846,0.80365974,0.79861474,0.7966244,0.7935048,0.7919479,0.7933404,0.7917851,0.7916838,0.79176027,0.7895353,0.79258054,0.7903093,0.78094256,0.7809124,0.7642735,0.7572428,0.7408991,0.73221713,0.72045213,0.7020157,0.68795425,0.6725174,0.6551258,0.6435704,0.63087845,0.6219236,0.6094415,0.5954553,0.5800958,0.5727196,0.56195676,0.549525,0.53475946,0.5177363,0.49763912,0.47783664,0.4526351,0.42326054,0.3913144,0.35559326,0.3110871,0.2739226,0.23658954,0.20412187,0.16911347,0.13423413,0.105798155,0.08992744,0.08837533,0.10348933,0.12298167,0.1556985,0.17688604,0.20527169,0.22662279,0.23567571,0.2428851,0.24581558,0.25218248,0.26384154,0.2682998,0.26160574,0.25368327,0.24103223,0.23395701,0.2127072,0.18151963,0.14689317,0.124672584,0.11810777,0.13436331,0.18196891,0.24252701,0.30677834,0.3738072,0.43979934,0.500802,0.55918425,0.602475,0.63953304,0.6754969,0.69690186,0.72296435,0.74007124,0.7570064,0.7680299,0.7784973,0.77618843,0.7863756,0.7829298,0.78340775,0.7797562,0.7764989,0.774664,0.7765361,0.029417492,0.030316424,0.031753793,0.033484846,0.03527204,0.036979016,0.039262842,0.042372588,0.045316357,0.04881583,0.053403314,0.05737006,0.06161731,0.06723,0.07182389,0.07838083,0.084914505,0.0900218,0.09586861,0.10236279,0.11082271,0.115494855,0.12153419,0.12581754,0.13262215,0.13994905,0.14329909,0.14593337,0.14860345,0.15050161,0.15088324,0.15111053,0.15546598,0.16152962,0.16795376,0.17664066,0.18629485,0.19677214,0.20748034,0.22358325,0.23976456,0.25467014,0.26800644,0.28251752,0.2921227,0.29906046,0.30276895,0.30989674,0.3101494,0.307988,0.30370858,0.3025616,0.30381027,0.30597293,0.30634746,0.30774203,0.3095543,0.30855364,0.30473083,0.2987962,0.29121467,0.2833579,0.27729353,0.26885197,0.2560493,0.24485625,0.23618072,0.22821689,0.22179046,0.21393012,0.20454203,0.19369029,0.1812037,0.16595724,0.14790268,0.12723677,0.10447893,0.08310825,0.0629473,0.04464044,0.03183231,0.024101421,0.021343602,0.020879457,0.020500766,0.020136723,0.019071387,0.017918242,0.01667458,0.014932008,0.013781834,0.012579459,0.011724646,0.011311838,0.010753906,0.0103805605,0.010192258,0.009945653,0.009559311,0.009354236
PalmarPinch,9,0,0.8376671,0.82520854,0.81751657,0.8096103,0.8087689,0.8019593,0.8001419,0.79825413,0.7928,0.79121095,0.79299337,0.79455817,0.79149634,0.7910755,0.7898501,0.79229903,0.7896606,0.7811788,0.77757674,0.7666427,0.7572541,0.7388336,0.7319158,0.71887875,0.70272636,0.68401206,0.67265695,0.6527134,0.6424579,0.6310744,0.62303466,0.61172193,0.59432787,0.5818858,0.571708,0.560089,0.55217415,0.53357416,0.51810277,0.4972362,0.4765124,0.4518198,0.4245893,0.3909764,0.3547035,0.3124388,0.27409798,0.23765159,0.20400423,0.1682721,0.13366245,0.10568488,0.09091168,0.08918713,0.10293398,0.12322863,0.15482362,0.17617217,0.20447432,0.2253144,0.23591365,0.2434934,0.24603969,0.2520161,0.26423526,0.26757783,0.26193205,0.25298655,0.24258615,0.23194425,0.21370588,0.18148828,0.14660028,0.12476966,0.11884244,0.13551289,0.18159373,0.24271174,0.30685237,0.37473732,0.43989822,0.50212836,0.55864704,0.60049677,0.6408196,0.6712155,0.69640595,0.7230071,0.7406961,0.75630724,0.7672606,0.7768754,0.7783259,0.7854725,0.784707,0.781361,0.7825776,0.7744013,0.7752204,0.775153,0.029439708,0.030378526,0.031660702,0.033439904,0.035176285,0.0369131,0.03927566,0.04239299,0.04527055,0.048892483,0.0533636,0.057373438,0.061597437,0.067103416,0.07183299,0.078418784,0.084849484,0.090121135,0.09537963,0.10253345,0.11074558,0.11509485,0.12155368,0.1257601,0.13277425,0.13955157,0.14322805,0.1459584,0.1484585,0.1505295,0.15131786,0.15139748,0.15542957,0.1615092,0.16772738,0.17637123,0.18644999,0.19636393,0.20741434,0.22346705,0.23946424,0.25487316,0.26864028,0.28202316,0.29209855,0.2986628,0.3026699,0.31021398,0.30986962,0.3083395,0.30286855,0.3022426,0.30339435,0.3064567,0.3048842,0.30935368,0.309792,0.30848,0.30531543,0.29865617,0.29163596,0.28328982,0.27750137,0.26932824,0.256313,0.24496326,0.23643392,0.22833723,0.22201405,0.21355388,0.2045819,0.1937955,0.18139711,0.16615693,0.14796028,0.12743352,0.10441351,0.08303113,0.06292666,0.04466211,0.031813014,0.024127157,0.021354547,0.020873727,0.020553904,0.020028071,0.019081695,0.017885946,0.016649315,0.014946688,0.013755538,0.012546136,0.011722668,0.011309645,0.010738226,0.010402026,0.010205085,0.009876925,0.009499792,0.009336348
2FingerPinch,0,1,0.83700526,0.82578164,0.8182895,0.81016284,0.8085235,0.8030453,0.7986067,0.7957762,0.79515004,0.7916527,0.79343516,0.7938454,0.791961,0.7903837,0.7897873,0.79197496,0.79146016,0.7803918,0.7805404,0.7658089,0.7583566,0.73938155,0.7319052,0.72077626,0.7022175,0.6858233,0.6717744,0.6562164,0.6427417,0.6295682,0.6214953,0.6105842,0.5964021,0.58030355,0.5723031,0.5614124,0.55119187,0.5344034,0.5164638,0.49785346,0.47758442,0.4519508,0.4242895,0.39226812,0.3546394,0.31295806,0.2743904,0.23671885,0.20409465,0.1689956,0.13406904,0.10591112,0.09087798,0.08773931,0.10343812,0.12312711,0.15319438,0.17663261,0.20357916,0.22471958,0.23582672,0.24305797,0.2455165,0.25231987,0.26415774,0.26673153,0.26184818,0.25316522,0.24145673,0.23295665,0.21507229,0.18219845,0.14591612,0.12553973,0.11748882,0.13562274,0.18209668,0.24167703,0.30734107,0.37310067,0.438689,0.49971125,0.5565161,0.60194594,0.6389025,0.6718848,0.69957846,0.72279316,0.73882854,0.7562302,0.76765025,0.77868855,0.7797191,0.7861897,0.7842207,0.78223234,0.7769894,0.77661455,0.77443945,0.7761126,0.02946966,0.030368228,0.03168651,0.03350374,0.03523615,0.03704026,0.039257538,0.04223064,0.045415383,0.048793126,0.053362086,0.057361595,0.061642986,0.06714144,0.07186061,0.07832998,0.08500993,0.08989453,0.09584047,0.102483675,0.110916324,0.11497123,0.12145748,0.1256647,0.13273048,0.13984138,0.14316629,0.14635979,0.14845704,0.15030599,0.15114385,0.15148455,0.15567195,0.16152209,0.16818833,0.17688772,0.18673898,0.19632128,0.20719904,0.22357993,0.23975153,0.255085,0.26935315,0.282133,0.29236257,0.29808953,0.30378813,0.3093446,0.31024942,0.30786347,0.30398136,0.30165172,0.3025521,0.30495992,0.30548102,0.30926514,0.3104986,0.3082135,0.30556563,0.2985235,0.2916719,0.28315407,0.27724823,0.26887485,0.25580144,0.24496052,0.2360722,0.22833286,0.22154403,0.21319708,0.20474108,0.19373043,0.18115361,0.1660242,0.14754604,0.12754728,0.10435614,0.0829713,0.06318324,0.04458441,0.0317515,0.024102649,0.021296816,0.020931697,0.02050848,0.02000495,0.019026162,0.017864082,0.01661537,0.014917886,0.013788516,0.012570328,0.011694491,0.011355202,0.010769621,0.010396848,0.0101627745,0.009948397,0.009548038,0.009309179
2FingerPinch,1,1,0.83669144,0.82539403,0.8185617,0.81040066,0.81012017,0.8033102,0.7994317,0.79639816,0.7945635,0.7925302,0.7927151,0.79327375,0.79082805,0.7917816,0.79131037,0.79176605,0.7902791,0.78123456,0.77957463,0.76650625,0.7582559,0.7399733,0.7318618,0.7199312,0.70243037,0.685774,0.6731396,0.6531592,0.64303255,0.62957835,0.62168485,0.60962856,0.5969366,0.5819158,0.5724426,0.56150955,0.5526662,0.53351784,0.5180536,0.49826068,0.47733065,0.4526929,0.42364287,0.39060202,0.35590398,0.3118821,0.27279365,0.23816311,0.20357044,0.16833982,0.1351134,0.10696672,0.08974137,0.088011324,0.10295038,0.1220408,0.15400247,0.17704435,0.20474273,0.22556904,0.23617111,0.24321258,0.24523066,0.25282377,0.26358497,0.26680085,0.26116136,0.25433853,0.24080868,0.23385349,0.21336606,0.18171698,0.14649574,0.12466892,0.11797,0.13471904,0.18220562,0.24168406,0.30624324,0.3738556,0.44116357,0.50218326,0.5569797,0.6026123,0.6423396,0.67179346,0.70142955,0.7212518,0.73910475,0.7572559,0.7676829,0.7798025,0.78006154,0.7863885,0.7848923,0.78099316,0.78165454,0.77590543,0.77549106,0.77633303,0.029342309,0.030401727,0.03173952,0.033500355,0.035246707,0.03694153,0.039250173,0.04225671,0.045297034,0.048830923,0.053312585,0.057390086,0.061597258,0.067101076,0.071862474,0.078328736,0.08488824,0.090066604,0.095688574,0.10254614,0.11078349,0.115108095,0.121523276,0.12571026,0.13286316,0.13980548,0.1435731,0.14552054,0.14856707,0.15040627,0.15119402,0.15131295,0.15570743,0.16164882,0.16809133,0.17652415,0.18672837,0.19668522,0.20757826,0.22379448,0.23968929,0.25515157,0.2682441,0.28197998,0.29155374,0.2984955,0.30370608,0.30972692,0.31054804,0.3071542,0.30448136,0.30111548,0.30341962,0.30571172,0.3051466,0.30834714,0.31027672,0.3074464,0.30511084,0.2986576,0.29159495,0.28314573,0.27737302,0.26912385,0.2559445,0.2448225,0.23627605,0.22825243,0.22181994,0.21399128,0.20485023,0.19369678,0.18132316,0.16615249,0.14781412,0.12726831,0.10452668,0.08341724,0.06298797,0.04475138,0.03184381,0.02414642,0.02130074,0.020924628,0.020531641,0.020037113,0.01914245,0.017858371,0.016615722,0.014963549,0.013797561,0.012583919,0.011666414,0.011359237,0.010781508,0.010437052,0.010175043,0.009972426,0.00954522,0.009413365
2FingerPinch,2,1,0.83676565,0.82579756,0.8197857,0.8110077,0.80752957,0.8049067,0.795779,0.7987862,0.7943108,0.7928868,0.7920556,0.79314804,0.79211426,0.7942877,0.78796417,0.79311615,0.79003656,0.78015405,0.7802513,0.76404595,0.76017547,0.7449207,0.7347325,0.7188102,0.7042637,0.685562,0.6729968,0.6528092,0.6421902,0.62988317,0.6218869,0.61182714,0.59344864,0.5831431,0.5724756,0.56039417,0.5494257,0.53478056,0.5180421,0.4979058,0.477551,0.45273167,0.42285785,0.390538,0.35358536,0.3121194,0.2740932,0.23702416,0.20365989,0.1690104,0.13468048,0.10501843,0.09148753,0.08778936,0.10362636,0.12235967,0.15546192,0.17623295,0.20349401,0.22515799,0.23610233,0.24304116,0.24545746,0.25268394,0.2632859,0.26789722,0.26195326,0.2523028,0.2433236,0.23281498,0.21347705,0.18108362,0.14717014,0.12458952,0.117866956,0.13512078,0.18137799,0.24177434,0.307442,0.37438723,0.43916902,0.5028092,0.55746347,0.6005946,0.6396832,0.6716116,0.69900084,0.72188556,0.7392526,0.75742084,0.7677835,0.77623904,0.77875954,0.7860644,0.7836397,0.78339875,0.78014,0.77868766,0.77527887,0.77685666,0.029379096,0.030409152,0.031726703,0.0335963,0.03518938,0.0370146,0.039098796,0.042409487,0.045423195,0.048797846,0.05341829,0.05731257,0.061654758,0.06733003,0.071644954,0.07843699,0.08481308,0.08993223,0.09573147,0.10227898,0.1110866,0.116634764,0.121709995,0.12586507,0.13293569,0.1399327,0.14329383,0.14585786,0.14844935,0.15040214,0.15106742,0.15148596,0.15530978,0.16187336,0.16804583,0.17685845,0.18655063,0.19661026,0.2076802,0.22387621,0.23969454,0.2550903,0.2678634,0.28164408,0.29228488,0.29800245,0.30346385,0.3089379,0.31063363,0.3076586,0.3039858,0.3018256,0.303362,0.30572864,0.3051977,0.3083563,0.31015846,0.30768844,0.30473635,0.29909748,0.29123732,0.2834506,0.27701843,0.26907632,0.255814,0.24484895,0.23630722,0.22804917,0.22177798,0.21338199,0.20424083,0.1935455,0.18140452,0.16597605,0.14787722,0.1274583,0.104536824,0.083053045,0.06296081,0.044710916,0.031784017,0.024109857,0.021325665,0.020842152,0.020513486,0.020017343,0.019099027,0.017872198,0.016672013,0.014922979,0.013790959,0.012533341,0.011705963,0.011328584,0.010755898,0.010429901,0.010193797,0.009982672,0.009580503,0.009333033
2FingerPinch,3,1,0.8376604,0.82513857,0.8191099,0.8098063,0.80770683,0.8027349,0.79949284,0.7981892,0.79405063,0.7937351,0.79444563,0.79337096,0.79296374,0.7926944,0.78923684,0.79122245,0.7894767,0.7794603,0.7774712,0.765609,0.7580962,0.7367122,0.7341183,0.72050375,0.6993304,0.68685174,0.671695,0.6525787,0.64359283,0.6312714,0.6216722,0.6088688,0.5970575,0.5803925,0.57380563,0.5631472,0.54869854,0.53555465,0.5184209,0.49799562,0.47694057,0.45187175,0.42305925,0.39007297,0.35514638,0.31354973,0.27558893,0.23666643,0.20345528,0.16852963,0.1346017,0.10692322,0.09057124,0.08761274,0.10280082,0.12317254,0.15425073,0.17729694,0.20474681,0.22603913,0.23588249,0.24336326,0.24604891,0.25290558,0.2640974,0.26816407,0.26219803,0.25447077,0.24216454,0.23338377,0.21288146,0.18235244,0.14623176,0.12455836,0.118695065,0.1355278,0.18203682,0.2429407,0.30768344,0.37498453,0.44127452,0.5031001,0.5557342,0.60085523,0.63966584,0.67127454,0.6979892,0.72280294,0.7382896,0.75658554,0.7678445,0.7785446,0.7778485,0.7857285,0.78563464,0.78169143,0.7798989,0.777145,0.7746831,0.77687776,0.029448226,0.030320147,0.03169418,0.033471957,0.035165567,0.03700524,0.039255068,0.04238542,0.045365732,0.04892705,0.053414263,0.057460047,0.061717432,0.06719308,0.07177769,0.07819432,0.08478213,0.089904554,0.09540443,0.102516726,0.11072763,0.11496404,0.12144999,0.12568906,0.13249663,0.13974617,0.1432808,0.14541507,0.14850147,0.15066047,0.15117657,0.15131384,0.155718,0.16156961,0.16808061,0.1767799,0.18633479,0.19682093,0.20758027,0.22394085,0.23973186,0.25495556,0.26801136,0.28184384,0.2923084,0.29893687,0.3030062,0.3099735,0.3095957,0.3082669,0.30330712,0.30223343,0.3025869,0.30468413,0.3061827,0.30861673,0.31016663,0.3070989,0.30535024,0.2989008,0.2917082,0.28347138,0.27746993,0.26936036,0.25597128,0.24509622,0.2363049,0.22865547,0.2219063,0.21386416,0.20465426,0.1939257,0.1812907,0.16604494,0.14797497,0.12735511,0.104440264,0.0834287,0.063070685,0.04469479,0.03176331,0.024068259,0.021247573,0.020898735,0.02051724,0.019997949,0.019029701,0.017951595,0.016536815,0.0150151,0.013773788,0.012568054,0.011701472,0.01124326,0.010773745,0.010393798,0.010152682,0.009938686,0.009583642,0.009351529
2FingerPinch,4,1,0.83589125,0.8257686,0.82000464,0.8100696,0.8078627,0.80408883,0.79631495,0.79594606,0.7949098,0.79379565,0.7937091,0.79264987,0.7922296,0.79346174,0.79088515,0.7930066,0.789844,0.7809039,0.7763361,0.76498044,0.7574619,0.7460202,0.734267,0.7194693,0.7019156,0.6847644,0.67221385,0.6534021,0.6431011,0.6303781,0.6203082,0.6091833,0.5965433,0.58144164,0.5711249,0.5611416,0.5513805,0.5357951,0.51711965,0.49735472,0.4769056,0.45236942,0.42260477,0.3921303,0.35454357,0.31233045,0.27454957,0.2375304,0.20269097,0.16796811,0.13569017,0.10498782,0.09047957,0.0888432,0.10298888,0.12305248,0.15405494,0.17792512,0.20698886,0.22559446,0.23693223,0.24243999,0.24551956,0.25285783,0.26320347,0.26801977,0.26243076,0.25373155,0.24018417,0.2337402,0.21323445,0.1824627,0.14561465,0.1250338,0.117616914,0.1358083,0.18237516,0.2415134,0.30746207,0.3733315,0.44002956,0.50182647,0.5560586,0.601615,0.6415711,0.67281675,0.6996802,0.7217734,0.7402896,0.75735176,0.76687175,0.7769927,0.78078705,0.7871775,0.78308195,0.78183115,0.7814168,0.7784957,0.77325714,0.775058,0.029380886,0.030361716,0.03172387,0.033500627,0.035193697,0.037079353,0.03908689,0.04228786,0.045383245,0.048941255,0.053487916,0.057314128,0.06170696,0.06730036,0.07193465,0.078427486,0.08480851,0.09002475,0.095247,0.10244242,0.11093129,0.11634172,0.12162815,0.12569936,0.13275003,0.1398488,0.14316395,0.14558342,0.14859901,0.15041432,0.15102492,0.15126793,0.15556167,0.16163328,0.16785581,0.17655823,0.18654448,0.19679108,0.20737578,0.22357412,0.23967153,0.2552752,0.2681942,0.2825436,0.29130965,0.29871592,0.30342367,0.30975398,0.31031695,0.30684662,0.30419442,0.30122098,0.30403352,0.3052344,0.3053214,0.3080635,0.3095616,0.30731145,0.305819,0.2986855,0.2917219,0.28331703,0.27731457,0.26878935,0.2561809,0.24495396,0.23598997,0.22837241,0.22141284,0.21325317,0.20457636,0.19360271,0.18115439,0.16595684,0.14775649,0.12749434,0.10440249,0.082979634,0.06296742,0.0446493,0.031728044,0.024114996,0.021190636,0.020810125,0.020522773,0.020011202,0.019127565,0.017909188,0.016590836,0.014957036,0.013824975,0.012612225,0.011715481,0.0113332635,0.010750399,0.010433092,0.010171439,0.009959528,0.009505968,0.009357129
2FingerPinch,5,1,0.8372327,0.826634,0.8192666,0.8101595,0.8083422,0.80288607,0.7974762,0.796559,0.7938178,0.7928273,0.79274684,0.7946485,0.7921209,0.79230374,0.79124564,0.7924442,0.7886631,0.78101206,0.77988577,0.764301,0.75948787,0.7400126,0.7319002,0.7182326,0.7047995,0.6857864,0.67226577,0.6554773,0.64287597,0.63037246,0.6211413,0.61089295,0.5974306,0.5813533,0.5757507,0.56042254,0.550054,0.5349892,0.5181025,0.49812722,0.47662088,0.4516443,0.4236868,0.39052957,0.3547572,0.3094669,0.27466288,0.23746239,0.20301946,0.16836622,0.134265,0.1064397,0.08898543,0.08777442,0.1028687,0.12305077,0.15316245,0.17642511,0.20358893,0.2260607,0.2358568,0.24270204,0.24593042,0.25273645,0.2640772,0.26751697,0.26152757,0.25265864,0.24254172,0.23280384,0.21268454,0.18235716,0.14621769,0.12525956,0.117894664,0.13531145,0.18157761,0.24150299,0.3072741,0.37413362,0.4394191,0.50145906,0.5575731,0.6009046,0.6396798,0.6734557,0.6970555,0.7225064,0.73962104,0.7561194,0.7671927,0.7796334,0.7809207,0.7863107,0.7853043,0.7863113,0.7815213,0.7765965,0.774289,0.7771652,0.029470736,0.030467873,0.03173127,0.033469796,0.03519371,0.036941517,0.03912389,0.0423305,0.045342162,0.048852637,0.053497035,0.057482053,0.061628137,0.067307934,0.07184316,0.07838833,0.084713094,0.09001226,0.09564221,0.10218886,0.11107422,0.115009785,0.12149974,0.12576316,0.13301063,0.13972801,0.14328478,0.14614409,0.1484521,0.15050967,0.1511245,0.15146522,0.1558434,0.16161503,0.16826867,0.17652139,0.18648839,0.1964787,0.2075264,0.22385703,0.2394772,0.2547331,0.26893803,0.28160885,0.29114592,0.29839587,0.3032086,0.30926996,0.31019756,0.30806407,0.3040562,0.30198362,0.30315647,0.30589423,0.30490816,0.3089391,0.31079566,0.30826378,0.3042668,0.2984592,0.29124478,0.28351358,0.27735496,0.26904196,0.25616828,0.24500304,0.23606293,0.22820064,0.22167805,0.21385092,0.20463198,0.19391586,0.18124595,0.16614187,0.14793196,0.12763241,0.10431941,0.082887135,0.06296306,0.044683967,0.031764563,0.024113521,0.0212997,0.02081735,0.020542657,0.020065714,0.019101022,0.0178771,0.01654697,0.0149226785,0.013821314,0.01255173,0.01166465,0.011357499,0.0107860025,0.0104281325,0.010197858,0.009933028,0.009549072,0.009303666
2FingerPinch,6,1,0.8374628,0.8253859,0.817569,0.80947757,0.8099794,0.80365956,0.79688716,0.79673153,0.7934886,0.79155433,0.79506534,0.79206795,0.7924791,0.79148686,0.79016215,0.79096,0.7893078,0.7813256,0.7789041,0.76661336,0.7575231,0.73738647,0.73507184,0.71814585,0.7031626,0.6855533,0.6729973,0.65613645,0.6437219,0.63019925,0.6210166,0.6087563,0.59541875,0.58314174,0.5706906,0.5626928,0.5514761,0.5351142,0.517394,0.49648163,0.47687307,0.45225796,0.42515105,0.39208654,0.35481915,0.3131949,0.27197346,0.23731245,0.20341262,0.1682729,0.13457291,0.10605906,0.089713484,0.08801921,0.103451975,0.12239599,0.1526504,0.17835018,0.20423985,0.22580951,0.23598337,0.24262361,0.2453076,0.2527973,0.26367876,0.26775753,0.26177678,0.25271934,0.24161926,0.23353356,0.21310033,0.18092297,0.14648177,0.1251671,0.117789984,0.13544215,0.18223156,0.24192528,0.30716214,0.37363383,0.44044873,0.5026156,0.5575847,0.6020097,0.6379662,0.6723515,0.69709843,0.7210025,0.7413378,0.7564875,0.7669945,0.7791522,0.78015554,0.78643847,0.78307664,0.7841337,0.78184605,0.77463317,0.7755686,0.77552813,0.029363954,0.030408273,0.031687398,0.033449043,0.035215963,0.03697351,0.039162464,0.042312372,0.045280248,0.04873864,0.05340261,0.057316966,0.06163162,0.06723022,0.07171037,0.07821523,0.084868796,0.09013774,0.095464185,0.102616094,0.11062101,0.115057714,0.12160603,0.12548913,0.13277525,0.1395098,0.14323965,0.14600933,0.14858872,0.15041578,0.1509923,0.15108973,0.15556501,0.1616413,0.16765203,0.17668292,0.18652219,0.19656263,0.207329,0.22318278,0.23951474,0.25508407,0.26929364,0.2823228,0.29127428,0.29834408,0.30397856,0.30970338,0.31051284,0.30710885,0.3040139,0.30178517,0.30461624,0.30507866,0.30633184,0.30773163,0.31014284,0.30897468,0.3041295,0.29909807,0.2911734,0.28331578,0.2773352,0.26892942,0.25597784,0.24498291,0.23631331,0.22796726,0.22163649,0.21321192,0.20460737,0.19335032,0.18114793,0.1659036,0.1479935,0.12763731,0.1046241,0.08345081,0.06297112,0.04470282,0.03179087,0.024129402,0.021246914,0.020845596,0.020497764,0.020044638,0.019081315,0.017878719,0.016661812,0.0149401855,0.01379891,0.012604216,0.011721566,0.011312864,0.010733395,0.010441415,0.010270107,0.009907913,0.009597655,0.009296026
2FingerPinch,7,1,0.8376253,0.8250518,0.819163,0.8107701,0.8095573,0.80336165,0.8012511,0.7981998,0.79396164,0.79394454,0.7922276,0.7945713,0.79319185,0.7919017,0.7905438,0.79193634,0.7899097,0.7807192,0.7773309,0.7640733,0.7603242,0.73939043,0.7316627,0.71899575,0.7026017,0.6845048,0.67300594,0.6552624,0.64425075,0.6301037,0.62150526,0.6116179,0.594899,0.5825111,0.57254064,0.5592031,0.55190945,0.53438956,0.5173736,0.49693057,0.4771318,0.4527342,0.42495137,0.39062783,0.35535198,0.31227884,0.2727374,0.23714423,0.20388627,0.16899008,0.13497207,0.105576135,0.089397684,0.088758536,0.10361529,0.12274892,0.15464854,0.1768713,0.20433593,0.22696324,0.23527914,0.24300891,0.2455437,0.25239283,0.263689,0.2687032,0.2611791,0.25315303,0.24336755,0.23316419,0.21422502,0.18105227,0.14738105,0.12571864,0.11746703,0.13394359,0.18236445,0.24142364,0.30765772,0.37494886,0.43874452,0.50143135,0.55782056,0.60238516,0.6405729,0.6724446,0.698711,0.7217131,0.7403671,0.75752944,0.7669888,0.77872247,0.77952105,0.7858964,0.7851956,0.7829903,0.78027844,0.7763848,0.7750714,0.7761212,0.029495792,0.030443007,0.031747337,0.03346955,0.035165876,0.03693125,0.039280795,0.042347495,0.04531489,0.04885456,0.053381108,0.05747513,0.061784733,0.067235515,0.07184176,0.078322895,0.084948435,0.09007102,0.09534518,0.10215351,0.11116058,0.115038306,0.12154006,0.12571898,0.13286915,0.13968319,0.14324816,0.14590552,0.14881332,0.15041412,0.15089715,0.15158975,0.15539871,0.16162819,0.16787805,0.17635037,0.18650532,0.19677734,0.20740078,0.22332703,0.23953328,0.254824,0.26895034,0.28159153,0.29209232,0.29788643,0.30381382,0.30991164,0.31000277,0.30755243,0.304457,0.30162716,0.3044424,0.30543083,0.30607247,0.30874756,0.30925074,0.30836272,0.30509555,0.29886147,0.29182845,0.28364438,0.27743846,0.26934186,0.25640565,0.2449965,0.23657869,0.22847539,0.22173633,0.21378607,0.20508067,0.19366986,0.18154205,0.16633707,0.14796948,0.12712294,0.10452584,0.083320685,0.0629549,0.044722673,0.031740475,0.024119083,0.021279076,0.020831002,0.020580627,0.020016734,0.019121137,0.017881392,0.016652266,0.014950359,0.013778075,0.012557499,0.01168648,0.0112904785,0.010761284,0.010369437,0.0101536,0.009956021,0.009546076,0.009326886
2FingerPinch,8,1,0.83611023,0.8253718,0.8178156,0.8102531,0.8083828,0.80382216,0.79668766,0.7975156,0.7953216,0.7920397,0.7934838,0.79402363,0.7930192,0.79112476,0.79071724,0.7913738,0.7903435,0.78007025,0.7790567,0.7656814,0.7582425,0.74534714,0.7343573,0.71713674,0.7033857,0.6873131,0.67131174,0.65245634,0.6430003,0.63123894,0.6207023,0.6098172,0.595038,0.58345693,0.5727944,0.55990165,0.55207247,0.5347373,0.5165405,0.49770245,0.47680956,0.45259038,0.42355177,0.39165115,0.35507247,0.31330258,0.2739119,0.23709254,0.20369673,0.169208,0.13414297,0.10554476,0.08993951,0.088778906,0.1036074,0.12214088,0.15461823,0.1772051,0.20566411,0.22521423,0.23593988,0.24289954,0.24506675,0.25221974,0.263702,0.2685849,0.26054594,0.25424254,0.2416847,0.23298095,0.21326756,0.18220459,0.14708619,0.12440083,0.11873917,0.13530453,0.1824974,0.24229445,0.3065576,0.37455985,0.43955618,0.50249606,0.5561536,0.6029721,0.63807464,0.67298454,0.69982916,0.72130686,0.7400583,0.756408,0.76773936,0.7790721,0.77893704,0.7874797,0.78573227,0.78330755,0.7820481,0.77586657,0.7752349,0.77836394,0.029339168,0.030445104,0.031730626,0.033476654,0.03523484,0.036943994,0.03912316,0.04235797,0.045368284,0.048757233,0.053288378,0.057372004,0.061698474,0.06710172,0.071888275,0.07824069,0.08488319,0.089957274,0.095538326,0.102565825,0.1107639,0.116705164,0.12155694,0.12562807,0.1328807,0.13989882,0.14319518,0.14558898,0.14857025,0.1505382,0.15083602,0.15137711,0.15546757,0.16173227,0.16775052,0.17630933,0.18656257,0.19681744,0.20721628,0.22366115,0.23954265,0.254704,0.26870498,0.28228343,0.2922632,0.29849744,0.3034112,0.3094787,0.31030473,0.30798042,0.30360618,0.30172828,0.3041166,0.30575326,0.30521464,0.30822474,0.30945608,0.30781576,0.3047707,0.29852852,0.29137817,0.28287044,0.27731645,0.2690373,0.25592175,0.2448205,0.23612635,0.22818701,0.22189659,0.21338615,0.20478104,0.19343793,0.1811852,0.16601244,0.14803034,0.12739716,0.10448621,0.083366215,0.06310438,0.044751354,0.031740487,0.024082223,0.021196568,0.020958643,0.020516986,0.02006845,0.019075217,0.017861323,0.016635176,0.014930701,0.013795149,0.012550957,0.0117601,0.011312938,0.010757476,0.010501173,0.010184292,0.009894949,0.009525469,0.009387186
2FingerPinch,9,1,0.83713776,0.825874,0.81932956,0.8088604,0.81072265,0.80538833,0.8000392,0.7967983,0.7946555,0.7924483,0.7930998,0.7950705,0.79095423,0.79411,0.7897315,0.7916546,0.7898355,0.7809396,0.7787953,0.76415163,0.7588986,0.74387157,0.732986,0.71851224,0.7043829,0.6839436,0.6734774,0.6532997,0.6434602,0.6298825,0.6229932,0.6095319,0.59598255,0.58242446,0.569639,0.5611757,0.5500852,0.5358165,0.51786983,0.49765548,0.47742128,0.45104077,0.42467782,0.38954556,0.35611948,0.3116559,0.2745741,0.2378873,0.20390546,0.16842791,0.13493869,0.106722414,0.08922114,0.087337464,0.10325532,0.121525034,0.15411305,0.1764813,0.20444113,0.22484446,0.23682024,0.24337734,0.2458093,0.25286192,0.2635634,0.26860318,0.26226443,0.25364894,0.24164218,0.23364078,0.21337025,0.18150572,0.14706582,0.12472463,0.118580885,0.13509038,0.18256788,0.24235359,0.3066512,0.37548506,0.44021082,0.50109714,0.55627114,0.5994031,0.6400927,0.6743486,0.6968009,0.7220198,0.7411181,0.7557702,0.7682925,0.77878815,0.7799653,0.78643125,0.78403026,0.78053236,0.78039837,0.7755067,0.77489614,0.77804464,0.02942652,0.030405167,0.031756904,0.033473276,0.03527667,0.037026696,0.039255034,0.04238088,0.045301054,0.048853867,0.053469066,0.05743348,0.06158875,0.06727298,0.0717774,0.07824195,0.08482812,0.090034276,0.09546125,0.10207073,0.110972494,0.11610086,0.12154062,0.12568593,0.13272801,0.1398327,0.143359,0.14564173,0.14871682,0.15043321,0.15132305,0.1513039,0.15582979,0.16170755,0.16797471,0.17663422,0.18658903,0.19682868,0.2074673,0.22349884,0.23963362,0.2545358,0.2692382,0.28184104,0.2922324,0.2988789,0.3031121,0.31023496,0.31023383,0.30810523,0.30338705,0.30155456,0.30393574,0.30595508,0.30496994,0.30892995,0.3103205,0.3081926,0.30597645,0.29974052,0.2914169,0.28305525,0.27709278,0.26921794,0.25627267,0.24511193,0.23649766,0.2284804,0.22210978,0.21387129,0.20484039,0.19354063,0.18133917,0.16587624,0.14802225,0.12726146,0.10459095,0.083028734,0.0629603,0.04480726,0.031784642,0.024083972,0.021254359,0.020855863,0.020509899,0.020076785,0.019073041,0.017896106,0.016594024,0.014936223,0.013865198,0.0125918165,0.011672225,0.011330975,0.010771354,0.010391393,0.010190708,0.009888929,0.0095807845,0.00935103
LateralPinch,0,2,0.8365303,0.82577163,0.81921154,0.80974805,0.8102068,0.80368376,0.79918766,0.7964535,0.7955769,0.7915763,0.7929072,0.7945823,0.79392153,0.7909403,0.79012257,0.79109865,0.7880246,0.7811456,0.7793646,0.7655249,0.759168,0.74496037,0.73507696,0.71839577,0.70553285,0.6845749,0.6740741,0.6553965,0.64243394,0.6303779,0.62300146,0.60900915,0.59483296,0.58248144,0.5730677,0.5593596,0.5519801,0.53397137,0.5176539,0.49676222,0.47689334,0.45155007,0.42334753,0.39089987,0.3565433,0.31163558,0.27463475,0.23649089,0.20340881,0.16888767,0.13601413,0.10567368,0.09078756,0.087852366,0.10357938,0.12290291,0.15436347,0.17587358,0.20370992,0.22745255,0.23642267,0.24318354,0.24512248,0.25304574,0.26344132,0.2679221,0.26236504,0.25401807,0.24250472,0.23431173,0.21368434,0.18221055,0.14780678,0.123716794,0.11806782,0.13420388,0.18189478,0.2414153,0.30580053,0.37361324,0.44005784,0.50255924,0.55688727,0.6028565,0.64137065,0.67174697,0.69662976,0.72049004,0.73951054,0.75557125,0.76696837,0.7769399,0.77997303,0.7848355,0.78564703,0.7847493,0.7803099,0.7756318,0.77511,0.77678156,0.029497204,0.030446645,0.03180248,0.033500988,0.035229538,0.03700308,0.039489154,0.042444557,0.045354743,0.048851945,0.05360448,0.057621624,0.061752517,0.066967115,0.07174741,0.07820302,0.08453126,0.09003105,0.09540976,0.10210256,0.11066692,0.11684005,0.121374495,0.12552631,0.13270403,0.14008285,0.14391845,0.14640374,0.14880246,0.15057555,0.15157196,0.15142716,0.15591678,0.1618962,0.1682782,0.17624727,0.18613492,0.19611502,0.20673814,0.2236572,0.23975316,0.25484914,0.2688185,0.28194332,0.29130012,0.29914698,0.30348253,0.30920717,0.3097354,0.30753577,0.30290186,0.3020949,0.30327457,0.30480343,0.30625948,0.30772492,0.31129137,0.30766767,0.3046455,0.29770473,0.29101136,0.28325024,0.27718523,0.26940563,0.2567388,0.24552296,0.23636205,0.2280612,0.22229378,0.2139789,0.2054993,0.19369246,0.18147783,0.16639997,0.14800942,0.1268539,0.1045559,0.08405456,0.063263364,0.044926092,0.031908818,0.024157286,0.02128966,0.020728463,0.020086836,0.01978608,0.01898587,0.017843582,0.016561784,0.014747644,0.013552355,0.012461516,0.011533847,0.0112506645,0.010528956,0.01015451,0.010091595,0.009927814,0.009569679,0.009397045
LateralPinch,1,2,0.83691305,0.8260503,0.8180407,0.8094835,0.8095482,0.8029116,0.7996276,0.7967837,0.79518455,0.7902054,0.79349405,0.79168916,0.79230785,0.79366374,0.78931904,0.7925187,0.7898399,0.7826201,0.7809825,0.76384264,0.75834113,0.73970616,0.73278487,0.71867573,0.7021871,0.6849613,0.6726886,0.65503997,0.64291775,0.630293,0.6210754,0.61145765,0.5956768,0.58004683,0.5743944,0.5620541,0.5520026,0.53347945,0.51720136,0.49781945,0.4766376,0.45232248,0.42303872,0.3906581,0.35486642,0.3103057,0.2739346,0.23792093,0.20362814,0.16970795,0.13534324,0.105645336,0.08996629,0.08695967,0.10432898,0.12307989,0.15322903,0.17616153,0.20321287,0.22743694,0.23651803,0.24279983,0.24519938,0.25314748,0.26407963,0.2668721,0.26119223,0.25438905,0.24295744,0.23397239,0.21307538,0.18285884,0.14760679,0.12468233,0.11766768,0.13470076,0.18060581,0.2410029,0.30633515,0.37338164,0.43949333,0.5032324,0.5566513,0.59987575,0.6403167,0.67216974,0.69894797,0.72284174,0.74019015,0.75644255,0.7671877,0.7788491,0.77858555,0.7854828,0.7861163,0.7834159,0.7812465,0.7774091,0.7741259,0.7760313,0.029332917,0.030405708,0.031815663,0.033482578,0.035172895,0.036937896,0.039462145,0.04249011,0.045362934,0.04877674,0.05347872,0.05759208,0.061709546,0.06718479,0.07163862,0.07846667,0.084737234,0.09019253,0.09557318,0.10196325,0.110877484,0.11524982,0.12128133,0.12539074,0.13250166,0.13985056,0.1436621,0.14620976,0.148822,0.15035929,0.15139769,0.15183027,0.15621261,0.16180155,0.16822757,0.17662537,0.18629183,0.19618033,0.2066804,0.22394739,0.23984534,0.25503466,0.26841202,0.28194186,0.2908901,0.29902506,0.30326056,0.30966514,0.309245,0.30777112,0.30264422,0.3017545,0.3032716,0.30650872,0.3054792,0.30949214,0.3094694,0.30873162,0.3049352,0.2976853,0.29098403,0.28338867,0.2773971,0.2692752,0.2565555,0.24540684,0.23618661,0.22841975,0.22203,0.21408671,0.20536982,0.19371478,0.18141912,0.16664062,0.14803413,0.12734137,0.104367346,0.08406796,0.06321754,0.044986617,0.031924367,0.024057103,0.021280427,0.020639567,0.020154044,0.019831145,0.019002188,0.017953767,0.016607558,0.01473496,0.013577678,0.0124748675,0.011549494,0.0112792505,0.010600026,0.010108414,0.010047167,0.009822585,0.009505927,0.00925688
LateralPinch,2,2,0.8361612,0.8256591,0.81798923,0.8094566,0.8101005,0.8039284,0.7991454,0.79680014,0.7963904,0.7908624,0.79565865,0.795176,0.79148597,0.79343575,0.78977126,0.7918957,0.78940576,0.7797892,0.7794103,0.7652239,0.75695586,0.7499743,0.73284686,0.7220385,0.702277,0.6866595,0.6726311,0.65532494,0.64276415,0.62965477,0.6231241,0.608215,0.5948801,0.58231074,0.57185763,0.5603382,0.5502555,0.5346522,0.5168875,0.49780247,0.4777492,0.45229372,0.4248208,0.39126483,0.3553479,0.31162918,0.27257907,0.23561043,0.20341088,0.16881312,0.13448866,0.10541296,0.089778654,0.08879935,0.10398475,0.12351411,0.15319166,0.17572436,0.20400484,0.22592127,0.23718908,0.24322672,0.24592327,0.2537368,0.2637028,0.26856643,0.26195797,0.25352436,0.24248782,0.23453502,0.21435003,0.18231763,0.14720674,0.124530315,0.117401555,0.13261655,0.18186711,0.24055932,0.30602276,0.37347275,0.43949518,0.50090605,0.5578694,0.60103697,0.63970727,0.6748975,0.69579893,0.72315687,0.74022573,0.75572,0.76722336,0.7782537,0.78105277,0.7860181,0.78387195,0.7823529,0.7783756,0.77681655,0.775346,0.77654415,0.029332414,0.030302798,0.03170299,0.033462342,0.035186812,0.03695259,0.039274335,0.042462658,0.045424704,0.048845373,0.05354239,0.057515703,0.06158858,0.067156605,0.071851216,0.07850648,0.08485402,0.09007114,0.095370986,0.1023192,0.111072935,0.11707104,0.12105747,0.1255891,0.13246958,0.13984409,0.14363946,0.14634462,0.14888784,0.15045318,0.15154259,0.15147044,0.15601735,0.16166002,0.16784406,0.17642973,0.1862825,0.19689703,0.20657296,0.22361551,0.23966451,0.25503752,0.26965377,0.28203696,0.29197425,0.2992369,0.30336136,0.3093019,0.3100738,0.3070747,0.30381438,0.30218065,0.3041307,0.30633757,0.3057582,0.30803323,0.31073338,0.3082447,0.30459952,0.29811496,0.29095745,0.28322348,0.27741364,0.26910773,0.2562917,0.2455271,0.23630741,0.22800952,0.2219688,0.21413182,0.20537165,0.19364382,0.18157953,0.16654846,0.14847264,0.1276403,0.10474592,0.08423444,0.063645005,0.04526334,0.03206067,0.024101887,0.021150317,0.020583691,0.019937925,0.019612871,0.018686611,0.01772075,0.016581316,0.014762736,0.013577508,0.012510476,0.011573778,0.011248735,0.010581117,0.010332567,0.010071104,0.009830751,0.009495739,0.00936193
LateralPinch,3,2,0.8373661,0.8258596,0.8192141,0.81019515,0.809043,0.8046291,0.79653126,0.7975399,0.79427594,0.7926118,0.79113734,0.79141057,0.7928119,0.7918463,0.79125506,0.7925491,0.79082966,0.78148615,0.7802545,0.7658198,0.7574716,0.74016213,0.7340916,0.71866614,0.70247763,0.684352,0.6730765,0.6537602,0.64434797,0.63028586,0.6227091,0.6105571,0.59294015,0.58249223,0.5749669,0.5597556,0.549708,0.5343103,0.5181467,0.49844107,0.4770826,0.45249042,0.42393598,0.39204037,0.35500628,0.3118346,0.2741016,0.23639992,0.20383543,0.16837047,0.13480507,0.107327126,0.09076635,0.08838882,0.10425438,0.12253306,0.15182577,0.1779778,0.20510444,0.22763945,0.23620433,0.24234676,0.24553956,0.25271243,0.26345932,0.2685406,0.26245824,0.2538026,0.24127363,0.23419009,0.21163717,0.18300125,0.14687124,0.12448271,0.119148746,0.13565238,0.1817087,0.2417856,0.30653846,0.37212217,0.43923718,0.50114155,0.5548067,0.60020936,0.637492,0.6696868,0.69921404,0.71975935,0.73880875,0.756101,0.7677447,0.77874833,0.7782508,0.7862998,0.7836219,0.78374445,0.78106624,0.7782793,0.77377003,0.7781762,0.029360808,0.030389454,0.03177149,0.033504747,0.03515073,0.03705267,0.03917391,0.042380605,0.04540783,0.04880649,0.053467624,0.0572882,0.06166213,0.067186974,0.071949214,0.07843881,0.084989496,0.09028868,0.0954228,0.1020823,0.110759705,0.11513612,0.121153995,0.12540509,0.13245565,0.13984688,0.14344412,0.14550607,0.14859685,0.1503422,0.15147525,0.15177187,0.15567519,0.16171198,0.1683258,0.17615806,0.18630525,0.19679475,0.2074815,0.22378123,0.23964703,0.25564414,0.27003568,0.28231794,0.2909136,0.29878804,0.30320066,0.30888596,0.30937913,0.3077795,0.30398238,0.30255845,0.3030173,0.30474055,0.30599627,0.30972058,0.31070912,0.30733335,0.3045132,0.29825592,0.29127035,0.28381214,0.27721995,0.26909804,0.25641513,0.24497484,0.23653139,0.22836876,0.22191177,0.21407662,0.20513853,0.19393381,0.18078932,0.16599599,0.14808312,0.12693812,0.10427632,0.08363796,0.063246414,0.04498996,0.0321154,0.024237497,0.021241236,0.020635035,0.020074181,0.019845037,0.018950343,0.017747546,0.016534127,0.014663748,0.013473577,0.012408176,0.01153886,0.011191617,0.010618157,0.010331632,0.010058216,0.009818249,0.009472995,0.0093936445
LateralPinch,4,2,0.8365391,0.82579565,0.8195315,0.8093191,0.80951786,0.80305415,0.79818517,0.79858685,0.79322505,0.79147553,0.79278994,0.7920855,0.7921805,0.7916304,0.78832215,0.7906326,0.7894981,0.7813478,0.7799282,0.7655979,0.7569906,0.74856764,0.7332492,0.7213516,0.7020141,0.6841505,0.6721509,0.6531997,0.6436549,0.62967765,0.6220585,0.60782,0.5972836,0.5800308,0.5738336,0.5612515,0.55019516,0.5352335,0.51821375,0.49846494,0.47770584,0.45139623,0.4247913,0.3907614,0.35471207,0.31113487,0.274477,0.23777358,0.204195,0.1691507,0.134915,0.10828506,0.09102467,0.08741577,0.10411166,0.12309869,0.15407191,0.17796724,0.20347695,0.22813024,0.23485312,0.2423427,0.24584626,0.2531718,0.2643065,0.26689297,0.26223397,0.25466833,0.24209891,0.23337956,0.21387374,0.18285939,0.14741142,0.12404204,0.118615314,0.13371302,0.18106668,0.24149074,0.30622053,0.37337822,0.44051358,0.50169384,0.5564879,0.6029167,0.6414291,0.67177635,0.6979249,0.72304666,0.74032575,0.7561586,0.7674289,0.77852595,0.77847093,0.7862856,0.78673714,0.78351164,0.7807149,0.776656,0.77718353,0.77597535,0.029348372,0.030376028,0.031647436,0.033424903,0.03522591,0.0369853,0.039294202,0.042242073,0.04521059,0.048855692,0.05347832,0.05750423,0.061712522,0.06712249,0.07174108,0.07808939,0.084876,0.09027916,0.09581063,0.102393955,0.111012004,0.116805084,0.121281065,0.12568933,0.13261652,0.14011477,0.14360344,0.14589123,0.14898524,0.15087146,0.15146881,0.15164128,0.15615848,0.16143213,0.16804701,0.17646906,0.1865602,0.1963328,0.2067354,0.223256,0.23968224,0.25560609,0.26948032,0.2818438,0.29233,0.29879266,0.30388048,0.30882153,0.30987686,0.3065598,0.3037765,0.3015253,0.30288404,0.3057748,0.30516562,0.3086159,0.30990046,0.30832815,0.30600497,0.29842913,0.2914785,0.2830387,0.27718338,0.26937863,0.2563168,0.24571595,0.23702905,0.22886716,0.22229569,0.21393351,0.20544077,0.19421034,0.18147841,0.16652082,0.14827755,0.12778115,0.105059676,0.083392784,0.06323064,0.045187525,0.03207898,0.024122182,0.02105275,0.020693377,0.020282572,0.019865597,0.018976118,0.01786382,0.016538868,0.014787168,0.013680293,0.012609819,0.011712749,0.011379062,0.01074346,0.010335562,0.010142794,0.009891093,0.00950791,0.009347805
LateralPinch,5,2,0.8354121,0.826524,0.81922513,0.81042737,0.80867016,0.803644,0.79787034,0.7962008,0.7954103,0.7909841,0.7958513,0.79233915,0.79213685,0.7940487,0.78921014,0.79169023,0.79028,0.7808684,0.78098714,0.7644487,0.7580198,0.7497056,0.7337813,0.7209892,0.7027633,0.6851749,0.6748613,0.65295684,0.64297944,0.6299137,0.6218457,0.60863274,0.59648174,0.5820005,0.5709683,0.560329,0.5503956,0.53454894,0.5175506,0.4968205,0.4761218,0.45291644,0.42475006,0.3900574,0.35423383,0.3119368,0.27437663,0.23701824,0.20440389,0.1684379,0.13549256,0.10670801,0.08995395,0.08681929,0.103515506,0.12325071,0.1535642,0.17714739,0.20324582,0.2278052,0.23592189,0.2435456,0.24563186,0.25199732,0.26389554,0.26814464,0.26147452,0.25410554,0.24506328,0.23375663,0.21426328,0.18319754,0.14631678,0.124234185,0.11882854,0.13491902,0.18086721,0.24265103,0.30591112,0.3737609,0.43837753,0.50211996,0.55669683,0.59940344,0.63980913,0.6718563,0.6976802,0.7220866,0.7408373,0.7569955,0.7667067,0.77668226,0.7785286,0.7860509,0.7826704,0.7831915,0.7808867,0.7768568,0.7741003,0.7763728,0.029348258,0.0302817,0.031576794,0.03341663,0.035155468,0.036872413,0.03911612,0.04223477,0.045446485,0.048882235,0.053559292,0.05733138,0.061597224,0.06725269,0.07184996,0.07817449,0.08488554,0.090030916,0.095789075,0.10184209,0.111107156,0.116820976,0.12137177,0.1255896,0.13254362,0.1400075,0.14365977,0.14526702,0.14863166,0.15064526,0.15135081,0.15168145,0.15577643,0.16144922,0.16784327,0.17641458,0.1868429,0.19629657,0.20684241,0.22382069,0.23957476,0.2552375,0.26860747,0.28157964,0.29115698,0.2991444,0.30356812,0.3107602,0.31014234,0.30839163,0.30407625,0.30352032,0.30427194,0.3064251,0.30651695,0.30983022,0.31002998,0.30751505,0.3047366,0.29838175,0.29118145,0.28347957,0.27744237,0.26991668,0.25687808,0.2457681,0.23681279,0.22890581,0.22257516,0.21450481,0.20587541,0.19450793,0.18190815,0.1667647,0.14839257,0.12760925,0.104724415,0.08394052,0.063260674,0.04504821,0.031902537,0.023976553,0.02093483,0.020646427,0.02018576,0.019890783,0.018961532,0.01791261,0.016630512,0.014803225,0.013627569,0.012452365,0.011616789,0.011369484,0.010706302,0.010348595,0.010075308,0.009963891,0.009563779,0.009365587
LateralPinch,6,2,0.83686656,0.82620496,0.8188808,0.8100579,0.8094963,0.8032939,0.79580647,0.79805857,0.7932496,0.791797,0.7952942,0.7937014,0.7921029,0.7907262,0.7908356,0.79134035,0.790523,0.7811207,0.7781134,0.76470405,0.75737566,0.7410837,0.7343371,0.71899444,0.70379764,0.6854567,0.6737622,0.65634185,0.6432442,0.62919235,0.62404084,0.60890365,0.5963308,0.58231634,0.57202536,0.5597782,0.5491571,0.535397,0.517517,0.49676004,0.4762354,0.4532627,0.42446733,0.39113694,0.35570475,0.31098104,0.27394256,0.23721525,0.20367292,0.16877939,0.13482858,0.1055956,0.09002499,0.08812551,0.10343944,0.123521835,0.15537816,0.17732812,0.20430827,0.22400983,0.2370261,0.24283957,0.2462043,0.25317162,0.2646305,0.26748005,0.26241532,0.25470647,0.24322228,0.23413672,0.21468365,0.18249169,0.14709571,0.12432425,0.11793017,0.13445227,0.18163906,0.2423114,0.30714294,0.3746225,0.43913475,0.49950778,0.556014,0.60109323,0.6402016,0.67342895,0.69725585,0.7218105,0.74053943,0.75649184,0.7674479,0.7787054,0.780378,0.785918,0.7852706,0.7821458,0.77973884,0.77811766,0.77506673,0.77598965,0.029372623,0.030287407,0.031572055,0.033432573,0.035162326,0.036872216,0.03907375,0.04234662,0.045297593,0.04891559,0.053634197,0.057367265,0.06157164,0.06716611,0.07189759,0.07810161,0.08493811,0.08998817,0.09535282,0.10209782,0.11101368,0.11545927,0.12135312,0.12548174,0.13250783,0.13993973,0.14361851,0.14603321,0.14864878,0.15067503,0.15155491,0.15147492,0.15567467,0.16142774,0.16789523,0.17637374,0.1863139,0.1962823,0.20660305,0.22336707,0.23956196,0.2553097,0.26914325,0.28181958,0.29223546,0.29947674,0.30335313,0.31029207,0.31041124,0.30871406,0.3040835,0.3027956,0.30476817,0.3062429,0.30663052,0.30978125,0.31020343,0.30901116,0.30471566,0.29780906,0.29151025,0.28388286,0.2777434,0.26967663,0.25705582,0.24580503,0.2371915,0.22903706,0.22224712,0.21455656,0.20536391,0.19421332,0.18199173,0.16680005,0.14830251,0.12743577,0.10475318,0.08391002,0.06342743,0.04509751,0.031895958,0.02406262,0.020944808,0.02075849,0.020246703,0.019906286,0.019066079,0.017951585,0.016595606,0.0148569,0.013550167,0.01249401,0.011597476,0.01126442,0.010749267,0.0103029255,0.010065882,0.010000775,0.009584762,0.009353277
LateralPinch,7,2,0.8368506,0.82527727,0.8190853,0.80888593,0.8090408,0.80371565,0.7996573,0.7970701,0.7948182,0.79277563,0.7942933,0.7933723,0.79253376,0.79112375,0.7912484,0.7900993,0.7894626,0.78093565,0.77642506,0.76370716,0.76021135,0.7454797,0.73456514,0.7191644,0.70437557,0.6858078,0.6731488,0.6534039,0.6429609,0.6293029,0.62241876,0.60971546,0.59470075,0.58119917,0.5740838,0.55866176,0.5495795,0.53497136,0.51643765,0.49706104,0.47660577,0.45194992,0.4246569,0.39029208,0.3550572,0.31192106,0.27286366,0.23781441,0.20399971,0.16931221,0.1352335,0.10544077,0.09050209,0.08755183,0.103082776,0.123016916,0.1544443,0.17687528,0.2044084,0.22699918,0.23631349,0.24308789,0.24641058,0.2531219,0.2629847,0.26856393,0.26143727,0.25477678,0.24073267,0.2346236,0.21425687,0.18242201,0.14631706,0.12406668,0.117908195,0.1351363,0.18118006,0.24125303,0.30653188,0.37366733,0.440143,0.50280106,0.557207,0.6015816,0.64005643,0.67324495,0.69720465,0.7223331,0.73967195,0.7576694,0.7678914,0.7770396,0.7798953,0.7864887,0.7864736,0.78211206,0.7811807,0.7768784,0.7764363,0.7764324,0.029327298,0.03027414,0.031609666,0.03341168,0.035179254,0.036865216,0.03919191,0.04229192,0.045370474,0.048979465,0.053495727,0.057375036,0.06160158,0.06699778,0.07192008,0.07812215,0.08474319,0.09001395,0.09511873,0.10183518,0.111347385,0.1166615,0.12127598,0.12552595,0.1325035,0.13989969,0.14343128,0.14528432,0.14858311,0.15048787,0.1515173,0.15149826,0.15561256,0.16125463,0.16815272,0.17613284,0.18649493,0.1961218,0.20657308,0.22381128,0.2398616,0.25508,0.26891682,0.28191468,0.29232317,0.2990263,0.3039961,0.3094425,0.31055778,0.3079394,0.30447295,0.30211937,0.30495325,0.30640897,0.3056488,0.30880108,0.3099818,0.30767912,0.3039628,0.2983492,0.29160902,0.28380015,0.2779365,0.26965863,0.25663117,0.24569242,0.23694788,0.22892407,0.2223173,0.21446504,0.20555682,0.19422387,0.18210272,0.16673896,0.14834979,0.12743238,0.104850754,0.08342931,0.06333848,0.04503088,0.03203414,0.023995057,0.02102598,0.020673651,0.020293437,0.019921867,0.019020416,0.017956128,0.016586382,0.014829382,0.0136084445,0.012446718,0.0116475355,0.011385668,0.010773501,0.010269365,0.010068897,0.010009827,0.009605415,0.009321438
LateralPinch,8,2,0.8370195,0.8249242,0.81830746,0.8091902,0.8085647,0.80248916,0.80058724,0.7950183,0.7950993,0.7925129,0.7917885,0.79571253,0.79156125,0.7926876,0.78849745,0.79200155,0.79012233,0.78252167,0.7775661,0.76390386,0.7553116,0.74918276,0.7332022,0.7200427,0.7019273,0.68622416,0.6721861,0.65656775,0.64195013,0.63073325,0.62281555,0.6101581,0.5978934,0.5802833,0.5721657,0.5615661,0.5502422,0.53498745,0.5171362,0.49811232,0.4768485,0.45152017,0.423577,0.39090946,0.35714,0.3104509,0.27314132,0.23760445,0.2040361,0.16874988,0.13639966,0.10582711,0.08953892,0.08825701,0.10341982,0.122895576,0.1544465,0.17749792,0.20383869,0.22741508,0.23689318,0.24278724,0.24593474,0.2527597,0.26446626,0.26770523,0.2621702,0.2550166,0.2431904,0.23397747,0.21460402,0.1831995,0.1459318,0.12414842,0.11813189,0.13464834,0.18079162,0.24175599,0.3077115,0.37410232,0.44045687,0.50243556,0.5579694,0.6021627,0.63789326,0.6720636,0.7003248,0.7240809,0.7413403,0.75769436,0.7683976,0.77919656,0.7791235,0.7868998,0.78308076,0.78111327,0.7812144,0.7779771,0.7742566,0.77655107,0.029297955,0.030300794,0.031510577,0.033438165,0.03510018,0.03683444,0.039349232,0.042228814,0.045379736,0.048917446,0.053402197,0.05736166,0.06152961,0.0670335,0.07177662,0.078180596,0.08480531,0.09027048,0.09527172,0.101928875,0.1107592,0.11690091,0.121276245,0.12558222,0.13240586,0.13986994,0.14337519,0.14591523,0.14841424,0.15084065,0.15158638,0.15181778,0.15601362,0.16146462,0.16804434,0.17651019,0.18653752,0.19641751,0.20688868,0.22397275,0.2397145,0.25504652,0.2681243,0.28216013,0.29270196,0.2994963,0.3035551,0.31030303,0.31026998,0.30894637,0.30423298,0.30337042,0.30382335,0.30660412,0.3056575,0.30978435,0.31074965,0.30831364,0.30612877,0.29820228,0.2915221,0.28361237,0.27768964,0.26940715,0.2565976,0.24559224,0.23683283,0.22885731,0.22266424,0.21407337,0.20550835,0.19430354,0.18171208,0.16677879,0.14835113,0.12754762,0.104833335,0.083916895,0.06349933,0.045071352,0.03199497,0.02403046,0.020970816,0.020717997,0.020193094,0.019917073,0.019074894,0.017981641,0.016601812,0.014876025,0.0135801,0.012482877,0.011573406,0.011330808,0.010705592,0.010308717,0.010129352,0.010026505,0.00953789,0.00940374
LateralPinch,9,2,0.83759654,0.8253626,0.81874764,0.80977046,0.8095413,0.80403924,0.7982267,0.796683,0.7944256,0.7879759,0.7941058,0.7941441,0.7921569,0.7920591,0.7910361,0.7909528,0.79116184,0.78213,0.7804137,0.76484495,0.756822,0.74121255,0.73356044,0.7222107,0.7007219,0.68677074,0.6731364,0.6554218,0.6440214,0.63091683,0.62225175,0.60902756,0.59492993,0.58328056,0.5722695,0.5633293,0.5525018,0.5344774,0.5171878,0.4968798,0.47714132,0.45335466,0.42379075,0.3919572,0.35506824,0.31144688,0.27518815,0.2365654,0.20400651,0.16871715,0.13517076,0.10670795,0.0903651,0.0870407,0.10349851,0.122761704,0.15382564,0.17802428,0.20356566,0.22610053,0.23560983,0.2432343,0.24609166,0.25291508,0.26426217,0.268916,0.2627878,0.2531877,0.2432178,0.23293096,0.21396716,0.18230954,0.14620899,0.124315,0.11847552,0.13471745,0.18052427,0.24210078,0.30693564,0.37380412,0.44106784,0.50309676,0.55800134,0.60266453,0.64152724,0.6734887,0.6990435,0.7214895,0.7391028,0.75656074,0.7674927,0.7764845,0.77744395,0.7867018,0.783558,0.78340733,0.7825816,0.776436,0.77443165,0.7763664,0.029283326,0.03029202,0.031599022,0.033347454,0.035138417,0.03691126,0.039174683,0.042298634,0.04531953,0.0488723,0.053451225,0.057281643,0.0615331,0.067107186,0.07190809,0.07808218,0.08488985,0.090086035,0.09575348,0.10214217,0.111115545,0.11520848,0.12149149,0.1256818,0.1324427,0.1400904,0.1434408,0.14605887,0.14887929,0.15090108,0.15149866,0.15173198,0.15560049,0.161604,0.1680449,0.17648008,0.18672359,0.19636132,0.20689274,0.22366026,0.24037799,0.25571904,0.26872823,0.28224373,0.29253182,0.29939067,0.3037641,0.30998328,0.31029937,0.30874255,0.30375636,0.30248085,0.30436513,0.30525893,0.3059652,0.30832776,0.3103706,0.3089513,0.3039224,0.29877195,0.29125756,0.28360805,0.2775808,0.269623,0.256691,0.24573533,0.23676011,0.22879058,0.22219644,0.21401644,0.20536411,0.19427107,0.18178888,0.16672967,0.1484323,0.12745799,0.10466123,0.083631516,0.0635789,0.045166876,0.03200985,0.023995198,0.02096419,0.020724963,0.020209318,0.01990934,0.019058196,0.017966058,0.016601022,0.0147690615,0.013591178,0.012454214,0.011603898,0.011353197,0.010743136,0.010297952,0.010073388,0.0099446615,0.009573479,0.009336092
Wrap,0,3,0.8373846,0.8266992,0.81992143,0.8096162,0.8083034,0.8056365,0.7960245,0.7989857,0.79423314,0.79056525,0.79504704,0.79192454,0.7898724,0.79371554,0.7899595,0.790812,0.7890556,0.7806202,0.777665,0.7660928,0.75660235,0.7438273,0.7346895,0.72038877,0.7028207,0.685687,0.67258984,0.6563387,0.6434654,0.63063556,0.6240697,0.6087557,0.597307,0.580468,0.57295173,0.56272805,0.550865,0.53611904,0.5156588,0.49717462,0.47779542,0.45119557,0.42370057,0.38935754,0.35517237,0.31191248,0.2724859,0.23757547,0.20413291,0.16916923,0.13439548,0.106952265,0.089333974,0.088519864,0.102639146,0.12203963,0.15320425,0.17680505,0.2024813,0.22652733,0.23539884,0.2422369,0.24518615,0.2532628,0.26308405,0.26826173,0.26089448,0.25320584,0.24360992,0.2346645,0.2141792,0.18347359,0.14607678,0.124497384,0.118564434,0.13470691,0.18059015,0.24243277,0.30616325,0.37380886,0.43904132,0.50085986,0.5579982,0.60316235,0.6381357,0.6708913,0.69774765,0.7220058,0.7392115,0.75595075,0.7663365,0.77734476,0.7792633,0.78582716,0.7826838,0.78334206,0.779885,0.77564216,0.77587587,0.7778044,0.029402917,0.030257365,0.031645488,0.033360645,0.03506111,0.036886036,0.03904566,0.04238574,0.045210626,0.048775688,0.053527817,0.05736971,0.061502688,0.06714836,0.07188757,0.07813693,0.08465315,0.090044186,0.09527516,0.10222334,0.11116767,0.116226204,0.121336535,0.12535809,0.13260779,0.1399009,0.1434559,0.14605868,0.14892423,0.15120207,0.1516563,0.15169068,0.15599503,0.16155358,0.16829114,0.17651379,0.18642521,0.19657165,0.2070187,0.22336538,0.23980173,0.2550356,0.26843014,0.2815135,0.29238814,0.29878026,0.30465654,0.30951294,0.31039023,0.3069523,0.30395213,0.30172276,0.30393416,0.30508396,0.30550176,0.30930758,0.30990303,0.30865207,0.3039326,0.29779223,0.29076174,0.28312936,0.27706856,0.26907992,0.25649112,0.24542646,0.23678824,0.22862226,0.22222172,0.21428788,0.20542388,0.19401887,0.18130077,0.16588672,0.14786728,0.12720494,0.10443391,0.08302801,0.06333119,0.044915073,0.031844176,0.02403244,0.02096781,0.02072872,0.020160856,0.019803068,0.019031463,0.01778502,0.016393712,0.014722781,0.013594292,0.012458895,0.011564536,0.011294584,0.010694063,0.010354005,0.010110081,0.009897123,0.009566867,0.00937651
Wrap,1,3,0.83692956,0.8260373,0.81808066,0.8106539,0.8100412,0.80487627,0.79895586,0.79797226,0.79438734,0.7899184,0.7951894,0.7913607,0.79285693,0.7934742,0.7898638,0.7939836,0.79017454,0.78020173,0.78054285,0.7648046,0.7579809,0.7401041,0.73323995,0.7217477,0.7030394,0.68493855,0.67267084,0.65555733,0.6427801,0.62925625,0.6224228,0.61026895,0.5962071,0.5827985,0.5711754,0.56115806,0.55112433,0.5329334,0.51698333,0.49680576,0.4766089,0.4528112,0.42444357,0.3917314,0.3546122,0.311468,0.27397403,0.23759674,0.20422949,0.16952546,0.13470504,0.106059626,0.090436235,0.08847882,0.10289754,0.12289819,0.15395392,0.17586687,0.2036842,0.22746064,0.23612162,0.242715,0.24563353,0.25249118,0.26416102,0.2675334,0.26162115,0.25345194,0.24327819,0.23375587,0.21570647,0.18253216,0.14700788,0.12510645,0.11770267,0.13408893,0.18201694,0.24223574,0.3060314,0.3739534,0.44067684,0.5014039,0.5586365,0.6011784,0.640413,0.673153,0.6967967,0.7224411,0.73989415,0.756645,0.76633346,0.7770205,0.78042245,0.7850639,0.78293854,0.781683,0.78138477,0.77593565,0.77621835,0.77708924,0.029437758,0.030256368,0.031604487,0.033419948,0.035127822,0.036916025,0.039176174,0.04228915,0.04530393,0.04882823,0.053579118,0.057254903,0.061541542,0.06705597,0.07187923,0.07841636,0.08488279,0.090074554,0.09577946,0.1021483,0.1112458,0.11517524,0.121437594,0.1255025,0.13260208,0.13988696,0.14341795,0.14618252,0.14882095,0.15066127,0.15135598,0.15174864,0.15588504,0.16184786,0.16798148,0.17657061,0.18659315,0.19618446,0.20697755,0.22328047,0.24000034,0.25541887,0.26892778,0.28248546,0.29230183,0.29907247,0.3039236,0.30931017,0.3109771,0.30823752,0.30401152,0.30169013,0.30438146,0.3058086,0.3068172,0.3091775,0.3093951,0.30844763,0.3048287,0.2984606,0.29177853,0.28331527,0.27732322,0.26962417,0.2567995,0.24550642,0.23716694,0.22881374,0.22208858,0.21412785,0.20561312,0.19397014,0.18171105,0.16616331,0.14785394,0.12736802,0.10462743,0.08375156,0.063391805,0.045021195,0.031941704,0.024048196,0.021032222,0.020672813,0.020217363,0.019864183,0.018893845,0.017766336,0.016430978,0.014786216,0.013617393,0.0124626,0.011573404,0.01123257,0.010712118,0.010322487,0.010164221,0.00989076,0.009496591,0.009282219
Wrap,2,3,0.83681697,0.82603955,0.81945693,0.81025434,0.80855876,0.8043631,0.7950824,0.79716855,0.79599893,0.79255724,0.7943432,0.79268867,0.79339415,0.7945945,0.79056275,0.79133004,0.78949696,0.7823509,0.77996165,0.7671654,0.75818515,0.7399414,0.7333882,0.7196925,0.701533,0.6850569,0.6730393,0.6537842,0.64386994,0.6306328,0.6210817,0.6114602,0.59575605,0.58159095,0.5723787,0.5589837,0.551312,0.5350814,0.5166942,0.49770522,0.4774167,0.4519243,0.42321256,0.39205304,0.3553388,0.3114842,0.27468494,0.23649609,0.20465904,0.16870345,0.13470761,0.10478257,0.09071871,0.087767065,0.1032044,0.123287514,0.15289484,0.17633156,0.20533876,0.2265533,0.23563725,0.24282596,0.24624391,0.25238585,0.26373917,0.26754528,0.2623772,0.25457373,0.242067,0.2351951,0.21487801,0.18293354,0.14692655,0.12471338,0.117809616,0.1349636,0.1813492,0.2420079,0.3063456,0.37348098,0.43940595,0.50229824,0.55707234,0.60152966,0.638724,0.67509186,0.6975957,0.72217673,0.74013454,0.7555331,0.76669014,0.77860427,0.77963173,0.78638935,0.7863428,0.78187037,0.77707237,0.77934134,0.7730367,0.7774445,0.029377216,0.030171271,0.03156902,0.03335753,0.03514624,0.0369141,0.039015003,0.04233838,0.045389727,0.048871044,0.053559337,0.057246283,0.06158365,0.067225225,0.07172819,0.078159474,0.084734745,0.090326294,0.09569372,0.102236986,0.11107354,0.11506318,0.12135159,0.12540878,0.13248976,0.13968432,0.14346507,0.14581686,0.14886056,0.1508859,0.15118699,0.15180917,0.15587923,0.16181919,0.16803744,0.1760824,0.18653952,0.19649227,0.20668362,0.22347727,0.23993254,0.2555818,0.26807716,0.2825239,0.29244503,0.29825705,0.30408567,0.30969533,0.31032497,0.30727667,0.30418065,0.30176345,0.30469048,0.3059453,0.30544934,0.30837023,0.3089138,0.3073013,0.304184,0.2978568,0.29146224,0.28333378,0.27773556,0.2698968,0.25683424,0.24572816,0.23737197,0.22887895,0.22189586,0.21436667,0.2054401,0.19407001,0.18189129,0.16624358,0.14813463,0.12733643,0.104649946,0.08374163,0.0632759,0.044995148,0.031977523,0.024077833,0.021010872,0.020719035,0.020291029,0.019923314,0.019013125,0.017810011,0.016525688,0.0147959795,0.013640621,0.012480632,0.011537298,0.011278588,0.010729528,0.010349532,0.010058549,0.009981354,0.009517311,0.009307714
Wrap,3,3,0.83616424,0.82630795,0.8197173,0.8108025,0.80991715,0.80414253,0.7978048,0.795516,0.7948491,0.79138404,0.7929772,0.794763,0.7924216,0.79266816,0.7883568,0.79284936,0.7892375,0.78134704,0.77968115,0.76242113,0.7598875,0.74798954,0.7335482,0.7181658,0.70349437,0.68466383,0.6727126,0.65513235,0.64269584,0.63002974,0.6225406,0.6103233,0.5932086,0.5811252,0.573568,0.557381,0.55144656,0.53558356,0.5176807,0.4972041,0.4770779,0.4522652,0.42449412,0.3926967,0.3557912,0.3123158,0.2736861,0.23719905,0.20327276,0.16894852,0.13556035,0.10600917,0.090084545,0.0877574,0.10328415,0.12272006,0.15384634,0.17717464,0.20350254,0.22578783,0.23633033,0.24318331,0.24572359,0.25265583,0.2650111,0.26779902,0.26251805,0.2541441,0.24272567,0.23528321,0.21364024,0.18271644,0.14654689,0.12439246,0.118784025,0.1350715,0.18168716,0.2409364,0.30681276,0.37480113,0.44078085,0.5022855,0.55730367,0.6009221,0.639736,0.6712362,0.6976802,0.7210865,0.7392707,0.75602734,0.7673767,0.77813274,0.7797067,0.78698,0.7845842,0.78206587,0.7809902,0.7787543,0.77443933,0.775966,0.029414138,0.030233784,0.031583097,0.033433564,0.035202406,0.03696045,0.03915416,0.042288344,0.04534498,0.048847143,0.05359577,0.057319075,0.061590277,0.06708309,0.07162972,0.078395694,0.084788114,0.090144314,0.09567495,0.101749256,0.11126155,0.116774276,0.12144665,0.12536429,0.13250086,0.13974468,0.14360055,0.14602096,0.14882812,0.15073061,0.1514273,0.15174226,0.15557544,0.16174789,0.1682514,0.17616786,0.1867376,0.196871,0.20729356,0.22321998,0.24037403,0.25542644,0.26961997,0.28307968,0.29232818,0.29915777,0.30340177,0.31014967,0.31043333,0.30769098,0.3033103,0.30267763,0.30393744,0.30712244,0.30602127,0.30852166,0.31070542,0.30744106,0.30431414,0.29843557,0.29127795,0.2830609,0.2777222,0.26977512,0.25659496,0.24595736,0.23742577,0.22924213,0.22295542,0.2145996,0.20534222,0.19433537,0.18154621,0.16616458,0.14786804,0.12733047,0.104464136,0.08323686,0.063226074,0.045093447,0.031771377,0.024027122,0.02100148,0.020682026,0.020248616,0.019785749,0.018922364,0.017785765,0.016508397,0.014787751,0.013673948,0.012538369,0.011596103,0.011301706,0.010746371,0.010310396,0.010105635,0.0099442275,0.0095616365,0.009351997
Wrap,4,3,0.8384422,0.82490665,0.81852037,0.80974853,0.80948246,0.8038217,0.797127,0.7992525,0.79351586,0.7922187,0.792568,0.7918192,0.79126894,0.7950766,0.79140705,0.79047894,0.78947556,0.78180355,0.77764255,0.7636375,0.7584069,0.74497515,0.7348418,0.7175885,0.7032165,0.6850407,0.6714642,0.65219396,0.6433059,0.62995124,0.6226207,0.6106125,0.59359396,0.5844579,0.57328707,0.56016606,0.5496825,0.5373819,0.5166638,0.49819672,0.47640777,0.4532332,0.42337397,0.39081532,0.35475823,0.31306413,0.2728013,0.23775616,0.20393744,0.16891994,0.13547045,0.10538825,0.088993825,0.087655894,0.10302636,0.123188876,0.15330815,0.17707916,0.20516334,0.2256912,0.23594393,0.2433645,0.24627455,0.25256625,0.2637416,0.26740807,0.26236776,0.25534934,0.24147971,0.23424304,0.21411821,0.1835305,0.14636847,0.124893,0.117575236,0.13415483,0.18102792,0.24142075,0.3062898,0.37409544,0.44023678,0.5017307,0.55630845,0.60106266,0.6397738,0.6705422,0.6957487,0.7223991,0.7398835,0.75674343,0.7668736,0.77793884,0.77787656,0.78639,0.7860327,0.7798455,0.78207445,0.77596194,0.7738414,0.77679485,0.029380132,0.030219043,0.031571228,0.033314396,0.03515645,0.036955696,0.039090823,0.04236626,0.045276277,0.048926275,0.05345941,0.057192415,0.061433546,0.06714694,0.07201096,0.07806116,0.08466281,0.090168245,0.09535882,0.101852514,0.11089851,0.116628386,0.12147866,0.12531933,0.13248767,0.13972366,0.1433904,0.14577393,0.14901975,0.15084215,0.15129668,0.15171611,0.15554962,0.16209178,0.1683093,0.17660072,0.18680155,0.19705161,0.20705903,0.22395703,0.23987944,0.2558367,0.2687765,0.2823165,0.29232636,0.29919794,0.30400825,0.31014833,0.31042272,0.3077595,0.3039174,0.30193034,0.30480507,0.30612156,0.30572346,0.30836076,0.30952287,0.30822966,0.30518743,0.29767567,0.29091713,0.2832029,0.2772872,0.26958898,0.25668716,0.24569182,0.23703475,0.2290751,0.22224437,0.21419284,0.20519726,0.1943807,0.18163723,0.1662296,0.147989,0.1274751,0.104679696,0.08385817,0.06332947,0.045057718,0.03185361,0.02406853,0.021024879,0.02070642,0.020283416,0.019799804,0.018898277,0.017828913,0.016459687,0.014727982,0.013673355,0.012443381,0.011580205,0.0112946015,0.010700143,0.010321741,0.010050589,0.009880403,0.00948442,0.009267968
Wrap,5,3,0.835872,0.82580525,0.8194111,0.80979073,0.80925244,0.804352,0.79624456,0.7990572,0.79398966,0.7933828,0.79250664,0.79176164,0.7916201,0.7912191,0.790617,0.79199266,0.7911909,0.78054285,0.7806227,0.7670397,0.7563621,0.7397538,0.7346222,0.7211897,0.7015791,0.68702817,0.672496,0.6563109,0.6431712,0.63040555,0.6232258,0.6072268,0.5965441,0.5786994,0.5735313,0.5574432,0.55054307,0.5337648,0.51689976,0.49817622,0.47636226,0.45297316,0.42525622,0.39209875,0.35709184,0.31239688,0.27257887,0.2372483,0.20412539,0.16879798,0.13509221,0.1058206,0.09077146,0.08691714,0.10281964,0.122594334,0.15295501,0.17581682,0.20347252,0.22592127,0.23533349,0.24343058,0.24516766,0.25255403,0.2633631,0.26780626,0.2617049,0.25426185,0.24252726,0.23585923,0.2148445,0.18289134,0.1469327,0.12534091,0.11920518,0.13469182,0.18169183,0.24211945,0.30710244,0.3732103,0.43933722,0.5009483,0.5553896,0.60141426,0.6411796,0.6728174,0.6991627,0.72112197,0.74013925,0.75540495,0.7676768,0.77790874,0.7789284,0.78653604,0.78559744,0.78484017,0.7777469,0.7766031,0.776306,0.77638644,0.029421354,0.030264629,0.031599578,0.033417176,0.035189077,0.036924,0.03911844,0.04239699,0.045384694,0.04892051,0.05342543,0.057191264,0.061407294,0.06693778,0.07170758,0.07826569,0.08499621,0.09001677,0.09570859,0.10226589,0.11114524,0.11501397,0.12155503,0.12557085,0.13251977,0.1401115,0.14368688,0.14614964,0.14894499,0.15084204,0.15156978,0.15153489,0.15574802,0.1614612,0.16815306,0.17618498,0.18667302,0.19652556,0.20683458,0.22370553,0.23989008,0.25616136,0.26922953,0.28290606,0.29193878,0.29888597,0.30495936,0.30916217,0.31089273,0.30748755,0.30424944,0.3015769,0.30471027,0.30516908,0.30572456,0.30938646,0.3105118,0.30829716,0.3052113,0.29788992,0.29085287,0.2831333,0.2777326,0.26979575,0.25665745,0.24568346,0.23692638,0.22862965,0.22240858,0.21478212,0.20496044,0.1941737,0.18174054,0.1662508,0.14802581,0.1270086,0.104557686,0.0833801,0.063259415,0.04499548,0.031792887,0.024046188,0.02103312,0.020800672,0.020299446,0.019815281,0.01898623,0.017835658,0.016531304,0.014804769,0.013678633,0.012500671,0.011579328,0.011297194,0.01074505,0.010387166,0.010060327,0.00990165,0.009510111,0.009301392
Wrap,6,3,0.8357428,0.82646996,0.8193935,0.81010306,0.80867267,0.80275494,0.795613,0.79839474,0.7934741,0.79223144,0.79422736,0.7928884,0.79035467,0.79045427,0.7904713,0.7917072,0.79014313,0.78141606,0.7785306,0.7645598,0.7596358,0.7457545,0.73464626,0.7203711,0.7029917,0.6855452,0.6731684,0.6563036,0.642523,0.6301486,0.6225307,0.60809666,0.5970127,0.5830159,0.57345533,0.5594197,0.5502846,0.5353015,0.51691055,0.49630326,0.47641614,0.45176196,0.4236587,0.3909963,0.35618842,0.31197214,0.2748561,0.23770297,0.20392632,0.16901729,0.13448164,0.107862525,0.08931061,0.087737285,0.103439175,0.12238737,0.15401497,0.17771196,0.2050012,0.22543418,0.23639567,0.24276277,0.24575362,0.25282934,0.26403138,0.26879242,0.26153308,0.2551187,0.2425422,0.23537026,0.21490683,0.18259636,0.14702469,0.12545286,0.117816955,0.13482933,0.18151474,0.24087371,0.3059529,0.37414595,0.43881452,0.50204027,0.55544114,0.60170346,0.6391774,0.6732156,0.6998121,0.72072804,0.74203116,0.75685513,0.76682746,0.7771625,0.7804831,0.7864484,0.78468966,0.7820877,0.77983797,0.7785,0.77667606,0.77547413,0.029417899,0.030283548,0.03162568,0.03337445,0.035145756,0.036814492,0.03912186,0.042364467,0.04530451,0.04890491,0.05352331,0.057149302,0.061412822,0.066894926,0.07182192,0.07819501,0.08483988,0.09020171,0.09539958,0.10197346,0.11126053,0.11684191,0.12153705,0.1255253,0.13268837,0.13991816,0.14360444,0.14614904,0.14883773,0.15093908,0.15126926,0.15155716,0.15581642,0.16176035,0.1681165,0.17642808,0.18647525,0.19650833,0.20707658,0.22325896,0.23981349,0.25560817,0.2684645,0.28232563,0.2922316,0.29972127,0.3036807,0.31041503,0.31050014,0.30805546,0.30368567,0.30278152,0.30375394,0.30643716,0.30712858,0.3086135,0.30987334,0.30792704,0.3048236,0.2981841,0.29098782,0.28315848,0.27741468,0.26944935,0.25647575,0.24566576,0.23729831,0.22915937,0.22286516,0.21460617,0.20552428,0.19403669,0.18183884,0.16619892,0.14785987,0.12744164,0.10456192,0.08369795,0.06313602,0.044997893,0.031847723,0.024042858,0.020974958,0.020753875,0.020207798,0.01984565,0.019031085,0.017784536,0.016584892,0.014786222,0.013700654,0.012491633,0.011582106,0.011312313,0.01074465,0.010317437,0.010062908,0.009905218,0.0095415,0.009311986
Wrap,7,3,0.8359971,0.826158,0.8179994,0.8092459,0.8088712,0.8038306,0.7967964,0.7957769,0.7936876,0.7928868,0.7924911,0.7906066,0.79151034,0.79117763,0.7907294,0.7922535,0.7893837,0.78075814,0.7773869,0.7640209,0.75996286,0.7444687,0.7347917,0.72012514,0.7025493,0.6859458,0.6740256,0.6550714,0.6431689,0.62957275,0.620909,0.6108612,0.59600323,0.58145744,0.57465994,0.55823714,0.5499369,0.53509724,0.5172867,0.49747676,0.47624102,0.45319936,0.42346385,0.39122322,0.3542429,0.31185535,0.27251586,0.23726955,0.20431449,0.16844976,0.13517998,0.10566674,0.09017479,0.08705623,0.1035659,0.122206934,0.15476266,0.17409268,0.20492516,0.22651397,0.23523259,0.24316564,0.24577351,0.25279805,0.2645346,0.26751223,0.2620898,0.25368977,0.24484731,0.23345819,0.21610731,0.1826785,0.14707303,0.12493394,0.118366204,0.13396217,0.1818342,0.24144314,0.30653387,0.37320015,0.4401376,0.5013006,0.55702704,0.6015764,0.639071,0.67056656,0.69958055,0.7219405,0.74031645,0.75711495,0.76558006,0.77696043,0.7786925,0.7861141,0.7822615,0.7838948,0.77970254,0.77576864,0.7744283,0.77695304,0.029315902,0.030261502,0.031600073,0.033385646,0.03517667,0.036950506,0.03912391,0.04222503,0.045240678,0.048854884,0.05345575,0.057214472,0.061411776,0.06693683,0.0717923,0.07829746,0.08472573,0.09004586,0.09532051,0.10194132,0.11105149,0.115971446,0.12161033,0.12552795,0.13263643,0.13991277,0.143829,0.14610034,0.148979,0.1509777,0.15121454,0.15172648,0.15580821,0.16168733,0.16811863,0.17620994,0.18665597,0.19683509,0.20708543,0.2236428,0.23981307,0.25621095,0.26926315,0.2820823,0.29121798,0.29942116,0.30346712,0.3101866,0.30995974,0.30869865,0.30339023,0.3024645,0.30385947,0.3068549,0.30551174,0.3093582,0.30944613,0.30807886,0.3040819,0.2982487,0.29092225,0.2833138,0.2773942,0.2695649,0.25658455,0.24567981,0.2371361,0.22864354,0.22247286,0.21424001,0.20536889,0.19393839,0.18158633,0.16610537,0.1480316,0.12706184,0.104678206,0.08377891,0.063347116,0.04504245,0.031827174,0.024032578,0.020987945,0.020739121,0.020322904,0.019819109,0.018981336,0.017871458,0.01650843,0.014812496,0.013646512,0.012484509,0.0115764765,0.011264179,0.010726387,0.010334039,0.010065724,0.009874104,0.0094543705,0.009300176
Wrap,8,3,0.8370772,0.8249471,0.8189516,0.8094493,0.8088816,0.80390567,0.7981394,0.79867023,0.7930704,0.7923547,0.7938097,0.7925198,0.791146,0.79476064,0.7904405,0.79257345,0.79109144,0.7799152,0.77931607,0.7636053,0.75709146,0.74355596,0.73405915,0.71830446,0.70405924,0.68367827,0.6734725,0.6530618,0.64247566,0.6293999,0.62328666,0.61131513,0.5953816,0.580532,0.5720745,0.55947673,0.55184877,0.5337448,0.51713026,0.4971977,0.47688097,0.45307833,0.4236526,0.3913236,0.3551483,0.31229073,0.27325687,0.23791686,0.20387025,0.16952108,0.13459668,0.10587948,0.08942399,0.08818513,0.10297889,0.12213333,0.15406768,0.17624806,0.20410253,0.22624387,0.23575695,0.24283765,0.24606949,0.2529767,0.2644964,0.26745757,0.26304987,0.25472844,0.24282703,0.23464826,0.21354483,0.18382053,0.14698839,0.1249313,0.11882395,0.13514954,0.18104556,0.24174301,0.30649826,0.37480733,0.44020575,0.5038001,0.55627084,0.6004142,0.6406758,0.6711643,0.6982452,0.7214159,0.7388941,0.7568077,0.7668842,0.7783143,0.7762764,0.78608245,0.78459895,0.7842694,0.7805015,0.7768355,0.7737726,0.77738917,0.029442042,0.030229405,0.031635284,0.033360835,0.03513374,0.036935125,0.03923012,0.042300146,0.04524514,0.04887404,0.05351245,0.057280324,0.061397783,0.06713424,0.07185541,0.07832786,0.084883295,0.09004243,0.09555171,0.101917416,0.111179106,0.11581802,0.12152923,0.12534642,0.13246861,0.13973679,0.14368713,0.14579423,0.14894882,0.15078449,0.15162155,0.1517092,0.15573387,0.16181834,0.16800915,0.17628956,0.18668479,0.19641328,0.20683458,0.22369547,0.24005596,0.25574264,0.26868016,0.28213713,0.2922755,0.29907048,0.30379096,0.3102356,0.3101122,0.3079892,0.30401644,0.30183783,0.30410507,0.30680484,0.30659062,0.309419,0.30905488,0.30869928,0.30532476,0.29772952,0.29135138,0.28339556,0.2775867,0.26969773,0.25675508,0.24575609,0.23707184,0.22907782,0.22222617,0.21440043,0.2051968,0.19418931,0.1818431,0.16624504,0.14805777,0.12738624,0.10459727,0.08340587,0.06325073,0.045140877,0.031889588,0.024092706,0.020993205,0.02072782,0.020280724,0.019848214,0.018948628,0.017859524,0.016528526,0.0147516625,0.013665777,0.012470875,0.011606575,0.011265624,0.010780434,0.010320175,0.010046998,0.009910611,0.009478921,0.009289993
Wrap,9,3,0.8363511,0.8255621,0.81853914,0.8096878,0.80886346,0.80361515,0.79923195,0.798586,0.79345995,0.7907461,0.7931721,0.7923343,0.79228604,0.7924308,0.7905164,0.79239964,0.7888696,0.7820771,0.7807731,0.7658808,0.7579924,0.7412222,0.7331236,0.7190923,0.70247626,0.6826876,0.6742904,0.6528678,0.6431653,0.62985104,0.62414414,0.6087854,0.59618694,0.5831785,0.57312554,0.55785835,0.5520394,0.53464514,0.51746804,0.49779823,0.47713768,0.45072088,0.42389986,0.39127725,0.35533002,0.31294364,0.27343044,0.2370748,0.20357175,0.16906852,0.1356256,0.10754312,0.090323254,0.08714297,0.10282436,0.12284088,0.15328732,0.17629062,0.20508632,0.22493504,0.2361487,0.24262464,0.24580435,0.25271422,0.26438403,0.26914805,0.26249367,0.25429964,0.24244308,0.23464239,0.2155042,0.18267864,0.14714299,0.12534669,0.11942693,0.1348876,0.18180208,0.2417459,0.30580106,0.37447506,0.43914333,0.5023102,0.5570813,0.6021673,0.63889295,0.67327815,0.6995817,0.7214635,0.7397876,0.756567,0.7679915,0.77762645,0.77984136,0.78728867,0.78667617,0.7815273,0.78141683,0.7791386,0.77536213,0.7748925,0.029406387,0.03025939,0.031639602,0.03343094,0.03507391,0.036978047,0.039221235,0.042289443,0.04524696,0.04875349,0.05351862,0.057250567,0.061492924,0.06703598,0.07177611,0.07825505,0.08463315,0.09022085,0.09580527,0.102138646,0.11088748,0.1152238,0.121471934,0.12539156,0.1325023,0.1396237,0.1436991,0.1458606,0.14896168,0.15080805,0.15147099,0.15157945,0.15575461,0.16183466,0.16803558,0.17636329,0.1867687,0.19671229,0.20698105,0.2239872,0.24000505,0.2557437,0.2689753,0.2823145,0.29150534,0.29894215,0.3041486,0.3098556,0.311089,0.3077623,0.30411124,0.30174756,0.30526304,0.30549252,0.3059377,0.30880722,0.31068006,0.30880132,0.30447948,0.2984612,0.29099193,0.28300786,0.27748984,0.26957247,0.25654224,0.24554615,0.23732519,0.22862585,0.22216035,0.21400298,0.20524123,0.19398233,0.18156756,0.16622123,0.147977,0.12703,0.1045355,0.08357643,0.063167274,0.045026127,0.031799093,0.02400416,0.021001646,0.020770334,0.02030374,0.019875115,0.018971762,0.017813351,0.016569959,0.014796443,0.013651054,0.012480549,0.011586527,0.011350851,0.010760905,0.010286227,0.010128574,0.009922332,0.009471451,0.009273763
Open,0,4,0.83732986,0.8265713,0.8176969,0.81018656,0.8096085,0.80445325,0.80045354,0.7976992,0.79565984,0.79169315,0.79281163,0.7936585,0.7922582,0.792437,0.7904258,0.79109985,0.7907477,0.7813432,0.77679527,0.7629723,0.75911176,0.73638344,0.7345742,0.7196,0.70517695,0.6857781,0.6718427,0.6546481,0.6427022,0.6312595,0.6225749,0.6094178,0.59611166,0.5820422,0.57430744,0.55763245,0.5495372,0.535044,0.5171854,0.49722403,0.4763963,0.45229542,0.42322072,0.39133075,0.3551036,0.31249616,0.27362433,0.23783372,0.20452724,0.16957112,0.1359106,0.10559734,0.09011742,0.087439865,0.10310926,0.12272563,0.15450639,0.17736833,0.20380859,0.22803344,0.23583435,0.24361844,0.24557544,0.2524496,0.2645734,0.26704592,0.26097476,0.2545434,0.24195458,0.23440297,0.21438903,0.18381098,0.1467424,0.12473859,0.117793396,0.13446578,0.18124129,0.24202207,0.30625027,0.37418878,0.44048807,0.5018088,0.55584884,0.60231745,0.6403729,0.67125404,0.69960564,0.72177124,0.7409161,0.75669813,0.7665542,0.7773806,0.7786001,0.7859245,0.7855782,0.78176373,0.7818499,0.77904326,0.7735582,0.7760046,0.029404834,0.030215617,0.03157706,0.03335996,0.03515094,0.03690204,0.039330944,0.042309288,0.04534251,0.04887507,0.05349286,0.057280906,0.061496485,0.06704088,0.07187343,0.07817893,0.08487249,0.09022766,0.095295615,0.1018727,0.11121435,0.115108475,0.121569805,0.12560189,0.13272995,0.139951,0.14348514,0.14627916,0.1488858,0.15113935,0.15150431,0.15143706,0.15584342,0.16184187,0.16825336,0.1764021,0.18654211,0.19647858,0.20696467,0.2236987,0.23997341,0.2556784,0.2685279,0.28214544,0.29208183,0.29919857,0.30388185,0.31053966,0.3101649,0.30835503,0.30298266,0.3030409,0.30321667,0.306891,0.3057707,0.3084694,0.31036532,0.30757633,0.30613205,0.29824403,0.2907918,0.28277496,0.27751333,0.2696115,0.25686967,0.24565497,0.23697937,0.2290561,0.22230013,0.21388714,0.20523958,0.19429012,0.18162607,0.16636367,0.14800075,0.1270481,0.10455713,0.08370495,0.06324453,0.04503337,0.03195494,0.024032647,0.020920672,0.020802679,0.02026301,0.019834528,0.018960798,0.01784222,0.016585127,0.014749332,0.013685267,0.0125263035,0.011557226,0.011219406,0.010725905,0.010393414,0.010055442,0.00988695,0.009479839,0.009338584
Open,1,4,0.83434194,0.82576025,0.8202018,0.8098784,0.81005454,0.8049245,0.7981939,0.796958,0.7954551,0.79025733,0.79541653,0.78992635,0.7927131,0.79128397,0.7883086,0.79302806,0.79150814,0.7810419,0.7801885,0.7644494,0.75876826,0.74922204,0.7328769,0.71838576,0.7036054,0.68497586,0.67440265,0.65175,0.6423349,0.6309454,0.6205055,0.60956424,0.5953427,0.58188367,0.5703645,0.5598182,0.55036587,0.5340009,0.5168808,0.49717042,0.4775292,0.45231432,0.42478496,0.39154527,0.35523447,0.31221285,0.2733334,0.23673025,0.2045196,0.16892008,0.13503297,0.10669824,0.090313494,0.08722635,0.10369517,0.12332458,0.15373743,0.1767979,0.20356713,0.22671288,0.23662849,0.24315825,0.2451065,0.2525954,0.26305068,0.26750275,0.26269832,0.25494826,0.24480738,0.23458265,0.21511006,0.18242462,0.14647295,0.12436979,0.117627315,0.13464312,0.18216015,0.24242303,0.3077746,0.37369213,0.43979457,0.50116533,0.55671006,0.60157776,0.6397317,0.67184246,0.6966699,0.72247255,0.74097574,0.7563454,0.76690537,0.77827406,0.7786389,0.7866909,0.7854009,0.7813379,0.78008175,0.77666765,0.77360797,0.77647203,0.029292341,0.030232864,0.031647403,0.033431437,0.03520093,0.036956143,0.0391601,0.042279057,0.045381546,0.048778545,0.053520262,0.057193972,0.061493106,0.06692895,0.07168977,0.07834143,0.08498601,0.09018314,0.095765986,0.10201992,0.111158095,0.117123775,0.12158107,0.12530963,0.13261116,0.13981907,0.14367358,0.14568557,0.14888868,0.15107536,0.15122704,0.15153795,0.1557761,0.1617779,0.16783336,0.17624635,0.18671446,0.1968203,0.20708822,0.22384526,0.24035344,0.2555733,0.2693038,0.2822617,0.2920281,0.29921055,0.30346942,0.31059673,0.31008384,0.30862743,0.30337244,0.30278724,0.30333143,0.3063207,0.3059812,0.308424,0.30914107,0.3084607,0.30407575,0.29837576,0.29106325,0.28268003,0.27760452,0.26962087,0.25666288,0.24561067,0.23698671,0.22891109,0.22211069,0.21398073,0.2053158,0.19378862,0.1814769,0.16600065,0.14780536,0.12711875,0.10450298,0.08319543,0.0632502,0.04502021,0.0318638,0.024053033,0.02096325,0.0207434,0.020314945,0.019797307,0.018921534,0.017877668,0.016533323,0.014798881,0.013648339,0.012539449,0.011610188,0.011307907,0.010775992,0.010393135,0.010102857,0.00988198,0.009461819,0.009244179
Open,2,4,0.83696383,0.82659435,0.8204263,0.80952936,0.8103962,0.80397403,0.7972031,0.7990951,0.79394466,0.79036164,0.7933787,0.7949085,0.792814,0.79246557,0.7906419,0.7932804,0.7904999,0.7805924,0.77727133,0.7646417,0.75811714,0.748683,0.734367,0.7203344,0.70177835,0.6864281,0.67316735,0.6556797,0.64319074,0.6310484,0.6194305,0.61242974,0.5969761,0.58082813,0.57274944,0.56000894,0.55074394,0.5344884,0.51805544,0.4988349,0.4763266,0.45217556,0.42488572,0.39166626,0.35563278,0.31265646,0.27221173,0.23792334,0.2034538,0.16915502,0.13598892,0.105085105,0.09038792,0.08737051,0.10307167,0.1227696,0.15242903,0.17834255,0.20578343,0.2256106,0.23637581,0.2432757,0.24529351,0.2526487,0.2640002,0.26743904,0.26199085,0.2544817,0.24196036,0.23419376,0.21524547,0.182921,0.14590187,0.12531132,0.11870188,0.13436557,0.18145029,0.24126613,0.30608612,0.37411022,0.43842748,0.5005374,0.5605337,0.6012625,0.6407362,0.6726374,0.69784784,0.72067434,0.74019265,0.7571373,0.7677333,0.7784297,0.7792794,0.7842538,0.78543514,0.7812827,0.7804177,0.7771197,0.77502215,0.778461,0.02935752,0.03024577,0.031626783,0.033312596,0.035203733,0.036926072,0.039084565,0.042302206,0.045380488,0.048906665,0.053498004,0.05735244,0.061516903,0.06700441,0.071803235,0.07842581,0.08490381,0.09005729,0.095344365,0.101973206,0.11119849,0.11700055,0.121621855,0.1255951,0.13247374,0.13989103,0.1438441,0.14607765,0.14892817,0.15105915,0.15111472,0.15202124,0.15597731,0.16168194,0.16810676,0.17655528,0.18681243,0.1964852,0.20722732,0.22439466,0.23993467,0.25555596,0.269293,0.28233817,0.29180405,0.29880926,0.30422837,0.3098575,0.3105398,0.3074397,0.30416557,0.30143723,0.3037849,0.30534092,0.30683565,0.30901086,0.30938494,0.30762157,0.30419773,0.29804435,0.29100353,0.28333074,0.27758792,0.2693797,0.25671694,0.24550878,0.23705016,0.22884862,0.22211394,0.21440426,0.20554873,0.19445756,0.18168521,0.16632663,0.14808074,0.12721552,0.10465585,0.08312663,0.06322869,0.04513124,0.031822335,0.024061032,0.020990975,0.020620972,0.02028611,0.019817103,0.018976547,0.017888544,0.016540747,0.014790249,0.013633119,0.012481531,0.011579091,0.011264706,0.010680933,0.010333587,0.010027475,0.0098734,0.0095163,0.009359048
Open,3,4,0.83692163,0.8259224,0.8191308,0.80976236,0.8091735,0.8041122,0.79864323,0.7964785,0.79566395,0.79220504,0.7930098,0.79218954,0.7922558,0.7946571,0.78990555,0.7926554,0.7888855,0.7806638,0.78144956,0.76612514,0.75609726,0.7516907,0.73426354,0.71836454,0.70228714,0.6849915,0.6725468,0.6549376,0.6432926,0.6308056,0.62467617,0.611173,0.5937659,0.5826375,0.57307917,0.5575663,0.55107653,0.53463984,0.5168601,0.4959677,0.47738189,0.4527798,0.4238856,0.39399073,0.35438505,0.31358543,0.2738057,0.23638688,0.20464577,0.16933893,0.13575795,0.10589706,0.08968894,0.086741745,0.10350186,0.12323837,0.15397033,0.17561261,0.20403135,0.22587362,0.23647834,0.24320629,0.24580425,0.25218982,0.26328295,0.2673461,0.26184064,0.25434455,0.24315439,0.23574236,0.2140417,0.18353535,0.14626104,0.1242985,0.11781203,0.13369013,0.18123685,0.2425479,0.3065594,0.37446243,0.44032812,0.50224715,0.5577206,0.6023828,0.6381218,0.67552954,0.6983543,0.7218889,0.7409879,0.75763714,0.76691145,0.77927697,0.7785661,0.7866175,0.7849086,0.7824041,0.77815115,0.7745345,0.7750666,0.77652264,0.029297018,0.030221501,0.031583786,0.033378568,0.03506809,0.036932867,0.039169155,0.04226372,0.04533921,0.04884279,0.053452395,0.057206362,0.061550826,0.06727879,0.071746066,0.07839787,0.08474036,0.09011235,0.09588825,0.10222692,0.11095566,0.117054656,0.12143766,0.1254662,0.13247728,0.13958597,0.14340815,0.14592233,0.14887263,0.15086573,0.15178815,0.15204501,0.1557966,0.16192867,0.16792531,0.17638043,0.18675947,0.19658047,0.20703481,0.22334754,0.24011877,0.255835,0.2690533,0.28353453,0.29173443,0.2991483,0.3040163,0.30965948,0.31052643,0.30785975,0.30379346,0.3024835,0.30426076,0.30607972,0.30586082,0.30938873,0.30991644,0.3089871,0.3045375,0.29845586,0.2911812,0.28305954,0.27718797,0.2692113,0.25625014,0.24534672,0.2368975,0.2285379,0.2223814,0.21457042,0.205036,0.19416745,0.18161778,0.16647142,0.14821932,0.12739645,0.104612656,0.08343268,0.063425444,0.04516374,0.03194708,0.024087062,0.020977726,0.020639233,0.020282133,0.019927446,0.018930811,0.017842175,0.016565109,0.014841737,0.013633313,0.0124562215,0.011564847,0.011215936,0.010724608,0.010374179,0.010034273,0.009883549,0.009487159,0.0093163
Open,4,4,0.8363336,0.82561123,0.81895643,0.8096535,0.80839384,0.8045853,0.79557085,0.7966563,0.79315025,0.7903904,0.795689,0.7935008,0.7915327,0.7930071,0.7902399,0.7916839,0.78981656,0.7821407,0.7775543,0.7674352,0.75740075,0.7394667,0.7315384,0.71693534,0.703838,0.6842394,0.6720197,0.6547503,0.64248276,0.63026696,0.62136537,0.6117169,0.59493965,0.5837899,0.5716872,0.56074876,0.5502824,0.53484946,0.51679367,0.49729744,0.4765227,0.45359114,0.4234052,0.39182302,0.35469836,0.3118848,0.27373618,0.23753305,0.20408247,0.16963556,0.13599569,0.10695872,0.09012308,0.08741539,0.10282028,0.123838045,0.15385692,0.17650758,0.20301771,0.22733364,0.23589979,0.24333754,0.24570392,0.25202414,0.26438493,0.2691432,0.2617869,0.25481766,0.2419665,0.23502818,0.21425235,0.1828484,0.14677699,0.12478638,0.11837344,0.13400565,0.18248726,0.24196382,0.30660403,0.3737652,0.44012693,0.501201,0.5577225,0.6007755,0.64258236,0.6729613,0.6954722,0.7195045,0.73955745,0.75803775,0.7677894,0.778509,0.7793618,0.785549,0.78312916,0.7819442,0.7798737,0.7774734,0.7757962,0.7772342,0.029300768,0.03024376,0.031538635,0.03335982,0.03510494,0.036900084,0.039017376,0.042289987,0.045435425,0.048879035,0.053533457,0.05728457,0.061560698,0.067103505,0.071861,0.07832923,0.08482179,0.09020376,0.09540384,0.10226813,0.11087841,0.11506946,0.121334635,0.12530382,0.1326117,0.13983214,0.14337471,0.14592338,0.1488024,0.15088342,0.15117481,0.15202807,0.15582749,0.16191602,0.16802531,0.17636637,0.18671176,0.19643366,0.20703982,0.22361277,0.2399556,0.25576186,0.26865888,0.28236,0.29178914,0.29895732,0.3045345,0.30922732,0.31080654,0.30789623,0.3041185,0.30153638,0.30452368,0.30607525,0.30550808,0.30826923,0.31032503,0.307967,0.30496463,0.29780418,0.29102364,0.28303146,0.2773946,0.26942763,0.2565376,0.2455147,0.2367422,0.22879055,0.22205865,0.2136988,0.20528017,0.19385271,0.18160242,0.16627224,0.14823541,0.12726474,0.104665704,0.08381186,0.06352556,0.04516872,0.031950846,0.024099767,0.021006918,0.020635145,0.020291317,0.019834785,0.0189094,0.017858991,0.016557153,0.014801229,0.013626025,0.01251389,0.0116195865,0.011330862,0.010714104,0.010300978,0.010020727,0.009916052,0.009485407,0.009321535
Open,5,4,0.83819926,0.8245091,0.8191477,0.8098309,0.8102098,0.8045689,0.7970195,0.7984346,0.79405934,0.7917073,0.79378027,0.79110366,0.7907957,0.7931136,0.78981555,0.79161584,0.7906535,0.7804087,0.781082,0.76509756,0.76013476,0.74229,0.7348134,0.7177741,0.7044377,0.6845079,0.67425346,0.65456206,0.64312375,0.6297228,0.6210257,0.6094732,0.5962631,0.58316004,0.5721276,0.5615457,0.551535,0.53439265,0.5176653,0.49757117,0.47697982,0.45202595,0.42548323,0.3914085,0.35429624,0.3114981,0.27441734,0.23697473,0.2039549,0.1689648,0.13537255,0.10671819,0.089302555,0.08869651,0.1029513,0.12235823,0.15440378,0.17762996,0.20298204,0.22662063,0.23573592,0.24328277,0.24534863,0.25265154,0.26483643,0.26856512,0.2627081,0.2550248,0.24275231,0.23433672,0.21415839,0.18339224,0.14519735,0.12376169,0.11782296,0.13572247,0.18112487,0.24252306,0.3066566,0.37288508,0.43834868,0.50007164,0.55574435,0.5991171,0.64027506,0.6723342,0.69742334,0.7218447,0.7417238,0.7566236,0.7671281,0.77768826,0.77771443,0.7858945,0.7849732,0.7834816,0.78073686,0.77524334,0.7743266,0.7769345,0.029283484,0.030178262,0.03158569,0.033258118,0.03509059,0.03693199,0.03917709,0.04229566,0.04533739,0.04886053,0.0533653,0.057320897,0.061479874,0.066974826,0.071811885,0.078384385,0.085002415,0.089988895,0.09585643,0.10255486,0.111141644,0.115719296,0.121550374,0.1257867,0.13264765,0.13983396,0.1434716,0.14605542,0.14834084,0.15018414,0.15122174,0.15169862,0.15581508,0.16168799,0.16793819,0.17647572,0.18633457,0.19664715,0.20744209,0.22388211,0.24027793,0.25545815,0.2695237,0.2820312,0.29178873,0.2995767,0.30349645,0.31009796,0.30955127,0.30833155,0.3038802,0.30256924,0.30379027,0.30565828,0.30611402,0.3100504,0.31043947,0.30802977,0.3048552,0.2983689,0.29139006,0.28359285,0.2774761,0.26934958,0.2565315,0.24534667,0.2367083,0.2287192,0.22189386,0.21369565,0.20506173,0.19399004,0.18123768,0.16627438,0.1478303,0.12718944,0.10456676,0.08388775,0.06328745,0.04513848,0.031979408,0.024103569,0.020965658,0.020530084,0.020110562,0.019704765,0.018862542,0.017887503,0.016672729,0.014885106,0.013543678,0.012435377,0.011566001,0.011291183,0.010685051,0.01035782,0.010100391,0.00980281,0.009514018,0.0092343865
Open,6,4,0.8366899,0.8252659,0.81828123,0.8095766,0.8081208,0.8042684,0.799216,0.79459625,0.7950454,0.79054195,0.7948942,0.7936465,0.7924029,0.7946055,0.7906729,0.79099643,0.78910553,0.78175074,0.7812791,0.7626083,0.7584971,0.7398501,0.73106754,0.7196477,0.70405203,0.68620354,0.67181593,0.65329045,0.6436172,0.6311518,0.62137717,0.6101973,0.59639335,0.5855026,0.5746378,0.55938095,0.55138296,0.5355113,0.5176854,0.49749687,0.47604436,0.4516272,0.42429987,0.39281228,0.35372126,0.3105726,0.2733002,0.23683739,0.20462309,0.16920084,0.13501292,0.108278945,0.088761225,0.0875416,0.101983115,0.12279082,0.15350796,0.17890131,0.20561327,0.22504279,0.23538621,0.24323887,0.24569921,0.25285172,0.2644543,0.2694201,0.2623049,0.2547532,0.24274126,0.23446894,0.2148975,0.18288419,0.14673376,0.12393762,0.118608184,0.13554484,0.18204436,0.24061492,0.30655175,0.3741428,0.44092175,0.5019449,0.5559438,0.60008454,0.6401137,0.6729913,0.6947218,0.72309405,0.73949,0.75613713,0.7668203,0.7790443,0.7797201,0.78547263,0.78558457,0.78263056,0.7833183,0.7777616,0.77516603,0.7744331,0.029275082,0.030200223,0.03158627,0.03326465,0.034991045,0.036966916,0.03930291,0.042248424,0.04542345,0.04898094,0.053519778,0.057369307,0.061580144,0.06709225,0.071844004,0.07827169,0.08484829,0.090241626,0.09581882,0.102152295,0.11082763,0.115116775,0.1213298,0.1258424,0.13278499,0.13977286,0.14325108,0.14557293,0.1483982,0.15043955,0.15145032,0.15178193,0.15599309,0.1617895,0.16835079,0.17627595,0.18667693,0.19673575,0.2071317,0.22311841,0.23956358,0.25552917,0.26914182,0.2820631,0.29136688,0.2995433,0.303452,0.3100576,0.3096872,0.30831435,0.30469978,0.30199286,0.3044797,0.305525,0.30603725,0.30876002,0.3113744,0.30749568,0.30401126,0.29848915,0.29147854,0.2831737,0.27765393,0.26942322,0.25634292,0.24548079,0.23665294,0.22842504,0.2226782,0.21349743,0.20495689,0.19352308,0.18128724,0.16634236,0.14802018,0.12709089,0.10460399,0.083647706,0.0632923,0.045112625,0.03203906,0.02417766,0.021049064,0.020538107,0.020172164,0.01966561,0.018861774,0.017915027,0.016693668,0.014868544,0.013574072,0.012446733,0.01158307,0.011215039,0.010764393,0.010353888,0.010037961,0.009918839,0.009468565,0.009230747
Open,7,4,0.83789295,0.82552224,0.81856406,0.8101978,0.8080058,0.8027105,0.80102533,0.7997287,0.79445064,0.7917971,0.7951694,0.7946848,0.79157996,0.7918569,0.78956676,0.79154664,0.78928554,0.7802029,0.78003746,0.7660919,0.75683343,0.7405425,0.7336496,0.7178599,0.70265836,0.6852528,0.67302674,0.65250915,0.6436957,0.6306813,0.6224328,0.6101273,0.5954246,0.5809967,0.5760075,0.5587741,0.55056894,0.53485566,0.5174976,0.49712846,0.47722217,0.4527559,0.4239084,0.39238223,0.3546873,0.31218702,0.27307537,0.237006,0.20390747,0.16924497,0.13528283,0.10566667,0.09102058,0.08858842,0.10299691,0.12309993,0.1528126,0.17699464,0.20254585,0.2261091,0.23550846,0.24376954,0.24516715,0.25269994,0.26409012,0.26821232,0.2625254,0.25636873,0.24196981,0.23409113,0.21378985,0.1825774,0.14654385,0.12325937,0.118888885,0.13533099,0.18175861,0.24113218,0.30701426,0.37343985,0.44069883,0.5014745,0.5569446,0.6017985,0.6393102,0.6730419,0.6958723,0.7220498,0.740551,0.75455576,0.7664211,0.7774285,0.7788621,0.7860116,0.78600675,0.7832315,0.78030795,0.777034,0.7744806,0.77750367,0.029336208,0.030282354,0.031572238,0.03328891,0.035002753,0.036932286,0.03934173,0.042310912,0.045428373,0.048971213,0.053464603,0.05741309,0.061584562,0.06687921,0.07179897,0.07828223,0.08489336,0.089937344,0.09568215,0.10261448,0.11114955,0.11528357,0.121347144,0.1256589,0.1325041,0.13969527,0.14319019,0.14565155,0.14844067,0.15034184,0.1517119,0.1518046,0.15597282,0.16161998,0.1685149,0.17655419,0.18675779,0.19703919,0.20735826,0.2234805,0.24014017,0.25583246,0.26887462,0.28252572,0.2924061,0.29910254,0.30398008,0.30946457,0.31069618,0.30777767,0.30471337,0.30105376,0.30354875,0.30655935,0.30595222,0.3092348,0.30979222,0.30859354,0.30444655,0.29844567,0.29170927,0.28350234,0.27792272,0.26969874,0.25650564,0.24565372,0.23695165,0.2289475,0.22202647,0.21383192,0.20474528,0.1935498,0.18126732,0.1661346,0.14781119,0.12698695,0.10438959,0.08332417,0.063429564,0.04513645,0.032063928,0.024125047,0.021013027,0.02059541,0.02014656,0.01973588,0.018888177,0.01790945,0.016712261,0.014839711,0.013560353,0.012439379,0.01156979,0.011286658,0.010712295,0.010367604,0.010023331,0.009899699,0.009528808,0.0092502935
Open,8,4,0.8377927,0.8259519,0.8196892,0.8113048,0.8089536,0.8048088,0.79963756,0.7974065,0.79254204,0.79205775,0.7935128,0.7919135,0.79324716,0.7917859,0.788915,0.7906077,0.7901546,0.7812813,0.78089863,0.76669437,0.75533426,0.74902093,0.7328119,0.719346,0.7017487,0.6844248,0.6725045,0.6557974,0.64413476,0.63099116,0.6229181,0.6080596,0.5976765,0.5818764,0.5719494,0.56213593,0.5497739,0.53491914,0.5182688,0.4966299,0.47719175,0.45233294,0.42608747,0.3916345,0.3549434,0.31157178,0.2733655,0.23735347,0.20423992,0.1690213,0.13481598,0.10762195,0.09083305,0.08821121,0.103078894,0.122108355,0.15393479,0.17832914,0.20278256,0.22827473,0.23633058,0.24337067,0.24508321,0.25157344,0.2647802,0.2680649,0.2622159,0.25457093,0.24149165,0.23450506,0.21487828,0.18239634,0.14596838,0.1232729,0.118970245,0.1347615,0.18232822,0.24144611,0.30751744,0.37446266,0.44044152,0.50351006,0.555476,0.6003,0.63882434,0.6707549,0.69584435,0.72165453,0.7397082,0.75771594,0.7673295,0.7769129,0.77928877,0.7867713,0.78260976,0.783644,0.77920526,0.7759575,0.77544254,0.77703524,0.029336268,0.030235758,0.031607803,0.033372533,0.03500702,0.036912825,0.039334506,0.04223157,0.04532052,0.048948884,0.05339788,0.057299122,0.061578277,0.066844024,0.071725234,0.078181505,0.084917165,0.09012272,0.09582934,0.10261007,0.11084254,0.11694384,0.12135142,0.1257049,0.13248867,0.13954352,0.14330415,0.1463753,0.14850302,0.15039168,0.1517219,0.15147755,0.15608373,0.16176084,0.16779217,0.17659603,0.18637319,0.19677962,0.20731664,0.22332919,0.23979105,0.25567937,0.26956025,0.28225625,0.29119417,0.2994254,0.30365923,0.30931312,0.31001675,0.3081422,0.3041061,0.30212006,0.30441424,0.30582625,0.30737308,0.3087255,0.3102459,0.3084745,0.30549806,0.29857153,0.2912347,0.28331545,0.27754408,0.26942828,0.25641826,0.2451959,0.23676123,0.22874679,0.22228427,0.21345092,0.2051852,0.19342075,0.18110843,0.1662445,0.14821608,0.12721063,0.1044498,0.08385773,0.06342542,0.04516927,0.03201719,0.024197118,0.020947797,0.020551743,0.02014544,0.019652365,0.018871676,0.01783455,0.016634483,0.014889267,0.013568453,0.012446003,0.011634413,0.011264189,0.0107315965,0.010359249,0.010058997,0.009918686,0.009526629,0.009297932
Open,9,4,0.83648974,0.8258082,0.81804097,0.8094722,0.8083912,0.8044314,0.800092,0.7990282,0.79322577,0.79207915,0.79285455,0.79648805,0.7911821,0.7921903,0.79121083,0.7924962,0.7902395,0.7806751,0.7797231,0.76468056,0.75880903,0.7484776,0.73169225,0.72005546,0.7025423,0.6857557,0.67197996,0.6528302,0.6435868,0.6313663,0.6214233,0.60892993,0.59542733,0.58264047,0.57209224,0.56150544,0.5504411,0.5353112,0.51817983,0.4982809,0.47738984,0.45318988,0.42529747,0.39074504,0.35424227,0.31168556,0.27289823,0.23866066,0.20453022,0.168307,0.13562752,0.10577132,0.09096256,0.08784608,0.10261644,0.12240581,0.15399157,0.17773868,0.20418946,0.2265832,0.23545554,0.2431245,0.24569176,0.25276902,0.26350978,0.26950976,0.26270172,0.25461397,0.2429645,0.23395206,0.21519619,0.18438412,0.14631504,0.12304541,0.11825699,0.13503075,0.18236257,0.24253641,0.30675566,0.37336898,0.43990582,0.50158304,0.55398333,0.6013928,0.63936687,0.6713184,0.6989754,0.7236105,0.7409972,0.75676763,0.767452,0.7789502,0.7786687,0.7884321,0.784426,0.7828116,0.780079,0.77502996,0.7760147,0.77510667,0.029381799,0.030218333,0.031532202,0.033317924,0.035021957,0.03691449,0.039309643,0.042308252,0.045353718,0.048942495,0.05347352,0.057488795,0.06149954,0.06696639,0.07200525,0.078351334,0.084902085,0.09006628,0.095650166,0.10224076,0.11113613,0.11688539,0.121358715,0.12581617,0.13258563,0.13958485,0.14327316,0.1457433,0.14822595,0.15037811,0.15165836,0.1515806,0.15588781,0.16178155,0.16768675,0.17639895,0.18632916,0.19677392,0.20742972,0.22359899,0.24016568,0.25634137,0.26962817,0.28148723,0.29209358,0.29965636,0.3034315,0.30994147,0.31021032,0.3081387,0.30452782,0.30234343,0.30461833,0.30602854,0.30603465,0.30991846,0.3100912,0.30915543,0.30488187,0.29889494,0.2910365,0.28337014,0.27769318,0.2696643,0.25668076,0.24555482,0.23686238,0.22841048,0.2222193,0.2134765,0.20509839,0.19344969,0.18122698,0.16603413,0.14778703,0.12690228,0.10461667,0.083830506,0.063287616,0.04505085,0.03208141,0.024110993,0.020955723,0.020592377,0.020188704,0.019713275,0.018870324,0.017836025,0.016675098,0.014847913,0.013523002,0.012406642,0.011655758,0.011321254,0.010757756,0.010316679,0.0100960275,0.00987409,0.009497714,0.00920115
Relaxed,0,5,0.83659476,0.82731295,0.8195044,0.8098274,0.8093606,0.802194,0.7947651,0.79737204,0.7927798,0.79318666,0.7940631,0.7918415,0.79155755,0.79317105,0.7902779,0.7918659,0.789598,0.7809132,0.7775065,0.7660929,0.760257,0.74778765,0.73326343,0.7204728,0.70376974,0.6845325,0.6729805,0.6524133,0.6434836,0.6303831,0.62329006,0.6110162,0.5964572,0.58117974,0.5741552,0.5620022,0.55197746,0.53591913,0.51793087,0.49792662,0.47648063,0.45276812,0.4242371,0.39217776,0.3550057,0.31328067,0.2747146,0.23676611,0.20376088,0.16890992,0.13662933,0.10836764,0.091215715,0.08826963,0.10348989,0.123265594,0.15403451,0.17718141,0.204738,0.2253488,0.23646279,0.24377228,0.24547881,0.25343746,0.2649455,0.2684857,0.26236066,0.2550827,0.24377514,0.23449214,0.21326776,0.18285662,0.14636637,0.12424039,0.11774026,0.13474952,0.18197034,0.2410643,0.3071033,0.37407628,0.43802476,0.5013722,0.55657125,0.6007162,0.63881814,0.67351353,0.69842684,0.72028047,0.7397419,0.7560668,0.7672288,0.7786105,0.7795525,0.7859704,0.78411746,0.7818712,0.7816417,0.7749149,0.77515775,0.77571696,0.029550781,0.030490553,0.031732168,0.033389647,0.035169292,0.03700253,0.039261416,0.042353578,0.045433015,0.049131673,0.05347814,0.05750906,0.061619226,0.06704387,0.07195837,0.07826308,0.08485713,0.09004878,0.09529651,0.10242707,0.110972464,0.11682303,0.1212981,0.12579767,0.13250881,0.13977276,0.14323176,0.14543934,0.14833403,0.15021008,0.15170226,0.15164082,0.15594229,0.16168106,0.16798669,0.1766028,0.18689978,0.19690898,0.20709574,0.22320285,0.2398779,0.25569052,0.2691586,0.28230175,0.2924978,0.29979965,0.3051912,0.31003407,0.31129995,0.30779675,0.30523044,0.30343065,0.30450433,0.30674395,0.3062237,0.30945086,0.31166598,0.3092827,0.3043305,0.29956067,0.2919411,0.28348124,0.2781783,0.26992884,0.25673828,0.24554071,0.23696657,0.22900109,0.22303583,0.2141606,0.20452677,0.19351724,0.18139921,0.16629711,0.1482197,0.12718497,0.1045907,0.083217256,0.06330802,0.045195293,0.032083344,0.024171615,0.021033347,0.020558342,0.020091675,0.019753577,0.018942747,0.017805178,0.016613197,0.014862387,0.013584651,0.012466731,0.011596327,0.011292858,0.010685313,0.010281864,0.010077236,0.009862195,0.009488116,0.009279697
Relaxed,1,5,0.8364442,0.8255492,0.8190483,0.8096007,0.8085233,0.8040278,0.7948803,0.79715294,0.7904779,0.7909812,0.7941177,0.79143053,0.79182774,0.79113257,0.79082805,0.7921206,0.79005796,0.78044224,0.7777259,0.7663739,0.7593164,0.74275297,0.7326807,0.718977,0.70284563,0.6836649,0.67221874,0.6559612,0.64395505,0.6310946,0.6219323,0.61170036,0.59421897,0.5846265,0.57193744,0.5614535,0.5515855,0.53533614,0.51834756,0.49818888,0.47741258,0.45413008,0.425701,0.39195603,0.35602248,0.30988905,0.2739348,0.2381208,0.20501478,0.17003113,0.13571051,0.10861729,0.09045327,0.08902266,0.1035149,0.12322274,0.15345813,0.17779644,0.20473269,0.22614159,0.2359658,0.24291623,0.24597915,0.25255165,0.2651648,0.26788646,0.26234752,0.25580207,0.24168706,0.23443593,0.214124,0.18386964,0.14563604,0.123229854,0.11788649,0.13495243,0.18165044,0.2416009,0.3066417,0.37365374,0.43980706,0.50205535,0.55684507,0.600509,0.6387871,0.6722096,0.6955288,0.7180681,0.7393779,0.75688803,0.76836413,0.77861243,0.77836543,0.7857249,0.7874865,0.7823413,0.78090316,0.7767416,0.7749531,0.77705413,0.029419718,0.03030626,0.031708688,0.033465825,0.035124466,0.037060656,0.039207913,0.042355847,0.04540248,0.048979763,0.053516287,0.05747317,0.06158579,0.06695982,0.07198087,0.078370966,0.08484462,0.089997776,0.095265254,0.10233362,0.11085807,0.11576917,0.121246,0.1257091,0.13243386,0.13946508,0.14317684,0.14610995,0.14832045,0.15040301,0.15163015,0.1518732,0.15560615,0.16196167,0.16753128,0.17628229,0.18626015,0.19672032,0.20727661,0.22346662,0.23977461,0.2564185,0.26946232,0.28215963,0.29228562,0.29967788,0.30451778,0.31009823,0.31091863,0.3088702,0.30494007,0.30328578,0.3047615,0.3072369,0.3073792,0.309325,0.31130666,0.30927733,0.30474845,0.29928476,0.29186592,0.28363547,0.27778345,0.26961786,0.25665107,0.24528375,0.23667356,0.22844988,0.2222492,0.21411693,0.2047513,0.19355346,0.18106474,0.16622008,0.14804699,0.12723814,0.104621045,0.08333178,0.06335243,0.0450933,0.032077275,0.024201006,0.02107192,0.020505799,0.020180281,0.019743856,0.018903377,0.01782352,0.01667917,0.014854184,0.0135324225,0.012438761,0.01163961,0.011273984,0.010721404,0.010302452,0.010045582,0.009860971,0.009410291,0.009264354
Relaxed,2,5,0.83745116,0.82562816,0.81790704,0.8104138,0.8088628,0.80422175,0.79957896,0.7972732,0.79429346,0.792294,0.79658633,0.79238415,0.7923752,0.79370534,0.78941727,0.79140157,0.79122764,0.78105104,0.77829605,0.76410395,0.7572135,0.7485264,0.7325852,0.7198456,0.7035158,0.6824206,0.67260176,0.65271425,0.64335287,0.6300938,0.62240934,0.61149395,0.5950522,0.58423567,0.57350135,0.56219137,0.55051744,0.53515184,0.519177,0.49924618,0.47809124,0.45330083,0.4260776,0.39155978,0.3555032,0.31190208,0.27469906,0.23784181,0.20482662,0.16881168,0.13620006,0.107515804,0.090935275,0.087629475,0.10337531,0.12339214,0.15357052,0.1777541,0.20453015,0.22614604,0.23639956,0.24329793,0.24618457,0.2530574,0.26434514,0.2693638,0.26309943,0.25491822,0.24241734,0.23635054,0.21400928,0.18381353,0.14648381,0.12303935,0.117727846,0.13596898,0.18192124,0.2414124,0.30620053,0.37452567,0.43867305,0.50210774,0.5556705,0.6010907,0.64171934,0.6707825,0.70028716,0.7210792,0.7401206,0.7563171,0.76717067,0.77883136,0.7803409,0.786883,0.7832241,0.7824074,0.78168327,0.7762231,0.77489024,0.7757158,0.029564677,0.030418642,0.031740557,0.033474773,0.035202544,0.03706234,0.039420325,0.042328496,0.0454811,0.04904452,0.05349991,0.05753673,0.061652403,0.06715415,0.07190843,0.07828487,0.08510366,0.09008677,0.09530385,0.102146536,0.11091381,0.11679938,0.121154875,0.12568712,0.13244565,0.13963002,0.14301349,0.14529328,0.14825419,0.15022486,0.15167053,0.15183733,0.15576565,0.16178268,0.16780227,0.17641146,0.18613148,0.19677918,0.20733774,0.223612,0.23984897,0.2557979,0.2695593,0.2821753,0.29162595,0.29967523,0.30484655,0.30991092,0.3107954,0.30869818,0.30457565,0.30263537,0.305394,0.30575123,0.30728891,0.31024525,0.31043306,0.3092151,0.3046021,0.2992431,0.2917252,0.28368348,0.27823344,0.26956016,0.25683388,0.24564049,0.2366781,0.22868717,0.22170012,0.21400538,0.2048485,0.1936239,0.1812849,0.16617717,0.14789405,0.12716796,0.10431564,0.0836006,0.063230276,0.045079213,0.032064088,0.024134208,0.020994687,0.020608779,0.020150062,0.019684047,0.018963566,0.017809434,0.016612677,0.014776185,0.013529515,0.0124477,0.011617067,0.011234284,0.010739406,0.010265104,0.010088415,0.009897736,0.009524867,0.009223745
Relaxed,3,5,0.83603555,0.8254529,0.81883913,0.8101687,0.8089364,0.8043838,0.7999411,0.79661113,0.79490405,0.79286,0.7930796,0.7903168,0.79145926,0.7916033,0.7890357,0.7906512,0.7906238,0.7810385,0.77739465,0.76647866,0.75925213,0.74230903,0.7330061,0.72018266,0.70283765,0.684981,0.6736857,0.65483814,0.64369744,0.6304547,0.62345886,0.60823,0.5968158,0.5841231,0.57343745,0.5587469,0.5491616,0.5366376,0.5183747,0.49902716,0.47764188,0.45344517,0.42540652,0.393808,0.35609087,0.31300044,0.27317923,0.23806947,0.20446774,0.16912043,0.13582806,0.10797707,0.0919658,0.087865666,0.10354136,0.12260406,0.15396972,0.1780202,0.20387901,0.22707523,0.23654772,0.24375331,0.24603063,0.25291133,0.26537097,0.26949802,0.26260254,0.25505927,0.24363475,0.23393728,0.21356799,0.18284751,0.14660743,0.12272581,0.11845264,0.13484246,0.18144737,0.24169043,0.30747285,0.3739674,0.44079888,0.50493586,0.5555629,0.60147434,0.6393173,0.6724257,0.69826394,0.72332805,0.74015564,0.7562851,0.7677718,0.7790779,0.7778595,0.78769773,0.7869352,0.78197014,0.78103656,0.77974766,0.77571744,0.7764876,0.029516255,0.030401943,0.031692784,0.033470612,0.03514337,0.037011027,0.03941669,0.04238414,0.04550337,0.04911733,0.05347055,0.057354007,0.06159092,0.06696316,0.0718271,0.07824682,0.08492141,0.090084076,0.09513861,0.10236881,0.11090108,0.11563645,0.121165484,0.12570822,0.13240285,0.13958219,0.14334355,0.14591041,0.14832358,0.1502115,0.15145484,0.15142307,0.15607151,0.1617344,0.16786437,0.17610121,0.18609008,0.19673277,0.20717001,0.22394426,0.24009123,0.2564293,0.27001026,0.28272578,0.29175484,0.29995945,0.30468795,0.31008348,0.3111304,0.30863503,0.30503556,0.30207258,0.30548465,0.3063432,0.3080147,0.31007057,0.31079483,0.3084059,0.3046125,0.2988268,0.29186726,0.28383797,0.27791792,0.26992628,0.25682187,0.24571343,0.2372016,0.22897226,0.22271842,0.21359795,0.20511353,0.19370954,0.18144126,0.16642877,0.14825444,0.12716453,0.10448404,0.08377306,0.063326254,0.04514469,0.032116205,0.0242234,0.021010172,0.020535123,0.020154377,0.019785944,0.018941713,0.017918145,0.016666347,0.014841504,0.013559667,0.012421704,0.011654933,0.011275141,0.010742844,0.010305691,0.010074176,0.009976731,0.009523032,0.009233426
Relaxed,4,5,0.836821,0.82601815,0.81900877,0.8099544,0.8085509,0.8034879,0.7960381,0.79658765,0.7953273,0.79111993,0.79563564,0.79170376,0.7924677,0.79236436,0.7896779,0.79235154,0.78928936,0.78213304,0.7800671,0.76532096,0.7579716,0.74842155,0.7329811,0.7195723,0.70332485,0.6845761,0.67226326,0.6541174,0.64357907,0.6313898,0.6222962,0.60778,0.5962278,0.58189464,0.5733672,0.5627576,0.55223256,0.5349751,0.51928085,0.49870193,0.47794858,0.454552,0.4258145,0.39265233,0.35700342,0.31189194,0.27466795,0.23789752,0.20477214,0.1695841,0.136871,0.10769003,0.09001629,0.08806561,0.102903076,0.12264941,0.15486516,0.17779681,0.20481446,0.22565922,0.235084,0.24384171,0.24620621,0.25351948,0.2650211,0.26795858,0.26370904,0.25468063,0.24380748,0.23399812,0.21400928,0.18469551,0.14573696,0.12344504,0.117147624,0.13589725,0.18157014,0.24064744,0.30725166,0.37262812,0.4391444,0.5007799,0.55322367,0.6010538,0.63926965,0.67045635,0.6945573,0.7229693,0.7391404,0.75616163,0.7673963,0.777508,0.7775176,0.7877719,0.785664,0.78428525,0.77967924,0.7776429,0.77519894,0.77612287,0.02957806,0.03043931,0.031793617,0.033466917,0.03518247,0.037024874,0.039198432,0.04234973,0.045477524,0.04905613,0.053540595,0.05748069,0.061634015,0.06699116,0.07194989,0.07841699,0.084843755,0.09026729,0.09568926,0.102299504,0.11104856,0.11685613,0.12125214,0.1257238,0.13250022,0.13958469,0.14326745,0.14544004,0.148393,0.1504089,0.1515811,0.15155628,0.1559725,0.1616461,0.16777948,0.17668171,0.18672313,0.19681889,0.20735146,0.22371548,0.24005583,0.25712705,0.2699796,0.28259856,0.29232627,0.30009496,0.30427885,0.31084037,0.31068864,0.30896512,0.30411753,0.30337808,0.30430508,0.3072115,0.30685154,0.31076214,0.3109979,0.30823037,0.30610433,0.2993635,0.29180637,0.28409597,0.277995,0.2700031,0.25704113,0.24553232,0.23691429,0.2287929,0.22216672,0.21422325,0.20493673,0.19408914,0.18133184,0.1664341,0.14821917,0.12751259,0.10462432,0.08333517,0.063410155,0.045120966,0.032114137,0.024153193,0.020996515,0.020631837,0.020044265,0.019679172,0.018883929,0.017933048,0.016640063,0.014868904,0.013564523,0.012415464,0.01164089,0.011287332,0.010696804,0.010312887,0.010017542,0.009913309,0.009470116,0.009284401
Relaxed,5,5,0.8361711,0.82611334,0.81971574,0.80876464,0.8098701,0.8042122,0.79928833,0.79838544,0.79361105,0.79085934,0.79523414,0.7912834,0.79099387,0.7923721,0.7895841,0.79227966,0.7899142,0.7817779,0.77770364,0.7658413,0.7591829,0.74439734,0.73403937,0.7171614,0.7036733,0.6847009,0.6733468,0.65186214,0.64279866,0.63016856,0.62048596,0.6118083,0.5938224,0.5853656,0.57320553,0.5602256,0.55210507,0.5364244,0.5185814,0.4997248,0.47789353,0.4532969,0.42401212,0.3944522,0.35636616,0.31289446,0.2740223,0.23672785,0.20493846,0.16949165,0.13508704,0.10834427,0.090705745,0.08887646,0.102784835,0.12302992,0.15330732,0.17795084,0.20448664,0.2247554,0.23712258,0.2436045,0.24596258,0.25315848,0.26469553,0.26962003,0.26278764,0.25643277,0.24152899,0.235661,0.21377748,0.18397617,0.14572003,0.123134084,0.116835,0.13505262,0.1809864,0.24118176,0.30704075,0.37391967,0.4390631,0.50326574,0.5556589,0.6003952,0.6401965,0.67207694,0.6971709,0.7231675,0.74000806,0.75651556,0.7669351,0.77747613,0.77889377,0.7851414,0.7839257,0.7822733,0.7826751,0.7767717,0.77380943,0.7769631,0.029562766,0.03044449,0.031809814,0.03347074,0.03525644,0.037103113,0.039455097,0.042292256,0.045378916,0.049018938,0.053539075,0.057360087,0.06152492,0.066987924,0.07191306,0.07854021,0.08496517,0.09018092,0.0953564,0.10242374,0.11104894,0.116150565,0.12122931,0.12569793,0.13259022,0.13956498,0.14301358,0.14564481,0.1481913,0.15023704,0.15108699,0.15168355,0.15584157,0.16195594,0.16773634,0.17646188,0.18663831,0.1971297,0.20739198,0.22409488,0.24003701,0.25660652,0.26938197,0.28318813,0.2923626,0.30025116,0.3044012,0.3104641,0.30989307,0.30867335,0.3045279,0.30346677,0.30370694,0.30632874,0.30770996,0.31010926,0.31075957,0.30955127,0.3059522,0.29872635,0.29174247,0.28373426,0.27784115,0.26979357,0.25668332,0.24545978,0.23655377,0.22866271,0.22195128,0.21409234,0.20461336,0.19382142,0.18135656,0.1665285,0.1483206,0.1277155,0.1047592,0.08348181,0.06358066,0.045156375,0.032214765,0.024277817,0.02097771,0.020546924,0.020085385,0.019693827,0.01891457,0.017998714,0.01674816,0.014935965,0.013625626,0.012540729,0.011650428,0.011332187,0.010715424,0.010348111,0.010046668,0.009885388,0.009539461,0.009205121
Relaxed,6,5,0.8363249,0.82641035,0.81913453,0.81069297,0.8107075,0.80412525,0.7959218,0.79614323,0.7941616,0.7916901,0.79444796,0.79129297,0.79160064,0.7933689,0.7901154,0.7903868,0.78881985,0.7812636,0.7781582,0.7654812,0.7602393,0.7431547,0.7333409,0.7206686,0.7023725,0.6854065,0.67354995,0.6556844,0.6435092,0.6296079,0.6224218,0.6117281,0.5956881,0.58203506,0.572243,0.55932534,0.5542047,0.5342015,0.5178593,0.49797007,0.4781662,0.45189542,0.42451662,0.3942917,0.35613838,0.31310907,0.27402118,0.23732662,0.20433426,0.16918711,0.13571303,0.108605795,0.090612724,0.088818416,0.10339715,0.12224355,0.15452,0.17674494,0.20457219,0.22487397,0.23662,0.24418369,0.24614123,0.25225985,0.26493865,0.26904207,0.26311287,0.25344715,0.24304363,0.2332076,0.21419004,0.18340743,0.14709175,0.123041525,0.11751922,0.13394602,0.18201427,0.24106367,0.30639708,0.37397516,0.44040835,0.50214136,0.55835986,0.60021305,0.64049125,0.6719598,0.70074326,0.7217666,0.73997873,0.75696796,0.76686496,0.7793844,0.77927005,0.7874787,0.7861301,0.7827193,0.7798796,0.778802,0.7740602,0.77518815,0.029477913,0.03040366,0.031724576,0.033478286,0.03517606,0.037078228,0.039285813,0.04234574,0.045393962,0.049030595,0.053498168,0.05744857,0.06156382,0.067003295,0.071891434,0.07817833,0.08470264,0.09021447,0.09541166,0.10202522,0.11116003,0.1155523,0.12128954,0.12574069,0.13253944,0.13977388,0.14343336,0.14606497,0.14849205,0.15002969,0.15143113,0.15173195,0.156015,0.1616024,0.16777997,0.17598912,0.18657939,0.19660826,0.20737727,0.22376803,0.24000448,0.2555805,0.26954514,0.2829025,0.29182196,0.29995134,0.30442432,0.30993176,0.31133,0.30843836,0.3043277,0.30326992,0.3041704,0.30615208,0.30770463,0.3093838,0.3112296,0.3078433,0.30453587,0.2994241,0.29195762,0.28394076,0.27805594,0.2700286,0.25677562,0.24538851,0.23701446,0.22867854,0.22185132,0.21385843,0.20519178,0.19358584,0.18143834,0.16642998,0.14866261,0.12791543,0.104974195,0.08400444,0.06364735,0.045344695,0.032238226,0.024245046,0.020992337,0.020414187,0.019964973,0.01964497,0.01885274,0.017822286,0.016660666,0.014924461,0.01364092,0.012470609,0.011607874,0.011326918,0.010770202,0.010334065,0.010021868,0.009924507,0.00948191,0.009227204
Relaxed,7,5,0.8369581,0.82621753,0.8197598,0.80948585,0.8078253,0.8046989,0.7956932,0.79927987,0.7933846,0.7916873,0.7943741,0.79262346,0.79261696,0.7931444,0.7891693,0.79058945,0.7889484,0.7808018,0.7810651,0.7644186,0.756646,0.73970073,0.73284763,0.71995044,0.70192826,0.68360484,0.67257065,0.65604806,0.6435381,0.63017035,0.6241999,0.6090558,0.5967986,0.58248,0.5729047,0.56122774,0.5526444,0.53369266,0.5166177,0.49737915,0.47743773,0.45151308,0.42579675,0.39174232,0.35551003,0.31357542,0.27388796,0.23602548,0.20331524,0.16829628,0.13564155,0.104997694,0.08983228,0.08856658,0.10359734,0.12201164,0.15323843,0.17739874,0.20475596,0.2247776,0.23612224,0.24365546,0.24592751,0.25281614,0.26450312,0.2687058,0.2611851,0.25434914,0.24329387,0.23296165,0.21500891,0.18222633,0.14607541,0.12475448,0.117839575,0.13407438,0.1820401,0.24183452,0.3068018,0.37354994,0.43993676,0.50100464,0.5557417,0.6033244,0.63987875,0.67285323,0.6979341,0.72201174,0.7397084,0.7566929,0.76726454,0.7791279,0.77936924,0.78611726,0.78180945,0.7845455,0.77785945,0.7778008,0.77420664,0.7773271,0.029368049,0.030360715,0.03168029,0.033376142,0.035101224,0.036987673,0.039295685,0.042507924,0.045410864,0.04905982,0.053615708,0.057572022,0.06161586,0.06702872,0.07180857,0.078151755,0.08478803,0.09015534,0.095782146,0.10217602,0.11092678,0.11502417,0.12147679,0.12585704,0.13285966,0.14003994,0.14380565,0.1464268,0.14845854,0.15042235,0.15151231,0.15139903,0.15581954,0.16165492,0.16799286,0.17655309,0.18674694,0.19614951,0.20751491,0.22415225,0.24007428,0.25578675,0.27018332,0.28206214,0.2921931,0.29976928,0.3031838,0.3093659,0.30948302,0.30823,0.30392945,0.30298048,0.3034189,0.30684692,0.3064879,0.31019944,0.3095031,0.30765507,0.30477127,0.29851252,0.2917162,0.2841469,0.2777053,0.26961172,0.25630513,0.24510829,0.23641764,0.22838621,0.2226551,0.21356787,0.20515256,0.19352442,0.18151855,0.16646183,0.14820854,0.12718087,0.104599446,0.083680764,0.0632945,0.045080744,0.032122068,0.024175817,0.02104606,0.020591658,0.020010918,0.019725733,0.018848434,0.017814439,0.01652903,0.014744817,0.013545727,0.012484395,0.011610814,0.011280418,0.010694701,0.010260664,0.010047471,0.009851932,0.009500155,0.009321004
Relaxed,8,5,0.83588,0.8257428,0.81971395,0.80880475,0.80921173,0.8033415,0.7988646,0.79816514,0.79517525,0.79197687,0.79477155,0.79364395,0.7922133,0.79203886,0.7895311,0.7929048,0.7908654,0.77904195,0.7777652,0.76459485,0.75647956,0.7461053,0.7330271,0.7179787,0.70378184,0.6845597,0.6732736,0.6558051,0.64284426,0.6305552,0.6227858,0.61096126,0.59686846,0.5812092,0.57257843,0.5609886,0.55192107,0.5338389,0.51771176,0.4978426,0.47721604,0.45259318,0.42426354,0.3897859,0.3557521,0.3112794,0.2750543,0.23728833,0.2035624,0.16919023,0.13582753,0.106775664,0.091538884,0.0865412,0.102717236,0.1220232,0.15440796,0.176907,0.2028144,0.22580571,0.23656279,0.24379344,0.24562888,0.25294387,0.26416373,0.26762924,0.26349145,0.25448686,0.24350038,0.2344001,0.21481915,0.18376191,0.14565653,0.12279764,0.11759691,0.1346978,0.18191186,0.24181354,0.30686277,0.37339967,0.4391524,0.49920908,0.55610716,0.60098803,0.63882786,0.67248476,0.70033145,0.7214791,0.740475,0.7562015,0.76781183,0.7792649,0.7788392,0.78664786,0.7836386,0.78357524,0.78005713,0.7780549,0.7732083,0.77755547,0.029380666,0.03037735,0.031730883,0.033437528,0.035252746,0.036993366,0.039257497,0.04237648,0.04542026,0.049026,0.05365951,0.057478547,0.061585817,0.0670568,0.071747735,0.07830904,0.084976986,0.089872,0.095338285,0.102183424,0.11056357,0.116448686,0.12124652,0.12559563,0.13269055,0.13964598,0.14340682,0.1462039,0.14842524,0.15058354,0.15123458,0.15176632,0.1558559,0.16133541,0.1678139,0.17636333,0.18660377,0.1964223,0.20741786,0.22370306,0.24010707,0.25606123,0.2693974,0.28226697,0.29176715,0.29957172,0.30428874,0.30888766,0.31092182,0.307906,0.30490667,0.30190602,0.30512923,0.30500856,0.3065672,0.30949578,0.31140244,0.30795765,0.3053835,0.2990917,0.2920088,0.28346443,0.27734545,0.26906067,0.2561491,0.24540703,0.23666468,0.22840117,0.22210747,0.21431737,0.20482995,0.19384904,0.18122897,0.16609487,0.14821169,0.12735608,0.10451439,0.0833967,0.06324524,0.04507746,0.032025855,0.024132894,0.0210165,0.020627026,0.02012151,0.019913929,0.019027306,0.017926788,0.016615093,0.014845879,0.013599399,0.012461554,0.011584745,0.011253814,0.01079042,0.010235872,0.009968478,0.009936458,0.00951114,0.009276489
Relaxed,9,5,0.8374265,0.8251041,0.8196358,0.80943316,0.80911416,0.80335027,0.79622203,0.7963464,0.79607016,0.7906678,0.7943566,0.7945031,0.7912827,0.7923237,0.78887624,0.79037404,0.7911723,0.7820598,0.779992,0.76322514,0.7556105,0.743223,0.7333191,0.72097135,0.7039795,0.6869619,0.67220145,0.6531001,0.64414847,0.63173735,0.62168944,0.6117991,0.59425884,0.5857463,0.5722629,0.561532,0.55128855,0.5359752,0.51826024,0.497137,0.47748473,0.45264876,0.42565528,0.3914489,0.35526037,0.3121227,0.27377325,0.23833498,0.20425761,0.16884075,0.13522144,0.10769799,0.090859905,0.0875386,0.10216496,0.12292761,0.1546569,0.17841741,0.20503688,0.22482385,0.23615094,0.24327813,0.2458168,0.25340128,0.2641536,0.26911077,0.2635832,0.25435823,0.24283953,0.23530415,0.21393216,0.18266417,0.14554358,0.12370727,0.11841318,0.13533762,0.18110216,0.2421126,0.30760616,0.3738587,0.44102183,0.5033468,0.55624044,0.6027476,0.6386423,0.6721641,0.70061815,0.72216105,0.73997986,0.7575869,0.7670332,0.77993244,0.7798454,0.785877,0.78381896,0.7816911,0.77791184,0.77713805,0.77598685,0.77539897,0.029430868,0.030344537,0.03169627,0.03353821,0.03524037,0.03705425,0.039213143,0.04235283,0.04546322,0.04895533,0.053562213,0.057386715,0.06155009,0.06697542,0.07171685,0.07807743,0.0851627,0.090310164,0.09566115,0.10195945,0.110704765,0.115791656,0.121515214,0.1259285,0.13284042,0.1399356,0.1435598,0.14612094,0.14871036,0.15083455,0.15124674,0.15177041,0.15560384,0.1618525,0.16782801,0.17637901,0.18626821,0.19674675,0.20693861,0.2235156,0.24009012,0.25537565,0.26967323,0.28227377,0.293003,0.2991902,0.30429244,0.30909288,0.3105121,0.30816942,0.3046097,0.3022682,0.30500397,0.3062706,0.30784702,0.30938172,0.31010318,0.30875725,0.30539727,0.29863063,0.29167345,0.2838844,0.27750492,0.26911744,0.25626624,0.24494909,0.2370636,0.22835599,0.22241092,0.21408357,0.20459014,0.19379063,0.18120371,0.1663099,0.14793375,0.12707846,0.10441622,0.08339265,0.06314838,0.044925395,0.03198119,0.024093041,0.021024343,0.020679215,0.02015053,0.019863844,0.018980788,0.017934924,0.016621336,0.014807267,0.013470598,0.012466552,0.011514635,0.011238538,0.010739921,0.010230812,0.00998615,0.009907148,0.00954399,0.009280034
